1	clang-tc-nossp	qsort	2.649	810.77	2415919104	5	daad9b63b2013449fba5d90591787dff8817c65d0d9bc57a0d814d2ef4c712ab	ok
1	clang-tc-nossp-nopre	qsort	2.583	831.36	2415919104	5	daad9b63b2013449fba5d90591787dff8817c65d0d9bc57a0d814d2ef4c712ab	ok
1	clang-tc-nossp-nobr	qsort	2.596	827.37	2415919104	5	daad9b63b2013449fba5d90591787dff8817c65d0d9bc57a0d814d2ef4c712ab	ok
1	clang-tc-best-shell	qsort	2.623	818.69	2415919104	5	daad9b63b2013449fba5d90591787dff8817c65d0d9bc57a0d814d2ef4c712ab	ok
1	clang-tc-nossp	zlib	2.787	770.50	2415919104	5	be1e876889828625d023972c3bfc8e07f4fece5144eca0fec4b8468571920b5a	ok
1	clang-tc-nossp-nopre	zlib	2.637	814.32	2415919104	5	be1e876889828625d023972c3bfc8e07f4fece5144eca0fec4b8468571920b5a	ok
1	clang-tc-nossp-nobr	zlib	2.710	792.50	2415919104	5	be1e876889828625d023972c3bfc8e07f4fece5144eca0fec4b8468571920b5a	ok
1	clang-tc-best-shell	zlib	2.719	789.86	2415919104	5	be1e876889828625d023972c3bfc8e07f4fece5144eca0fec4b8468571920b5a	ok
1	clang-tc-nossp	hash	2.443	879.19	2415919104	5	7faadb95a5025daebfcb19715b698c3263c38de7907e186ca1daab75930291a9	ok
1	clang-tc-nossp-nopre	hash	2.345	915.90	2415919104	5	7faadb95a5025daebfcb19715b698c3263c38de7907e186ca1daab75930291a9	ok
1	clang-tc-nossp-nobr	hash	2.403	893.83	2415919104	5	7faadb95a5025daebfcb19715b698c3263c38de7907e186ca1daab75930291a9	ok
1	clang-tc-best-shell	hash	2.386	899.89	2415919104	5	7faadb95a5025daebfcb19715b698c3263c38de7907e186ca1daab75930291a9	ok
1	clang-tc-nossp	syscall	5.892	364.48	2415919104	5	42cec926ae99b5b2c0da4cf14907627c80ca32cc217e17c9c968a87a3f8695f2	ok
1	clang-tc-nossp-nopre	syscall	6.024	356.51	2415919104	5	42cec926ae99b5b2c0da4cf14907627c80ca32cc217e17c9c968a87a3f8695f2	ok
1	clang-tc-nossp-nobr	syscall	5.898	364.08	2415919104	5	42cec926ae99b5b2c0da4cf14907627c80ca32cc217e17c9c968a87a3f8695f2	ok
1	clang-tc-best-shell	syscall	6.089	352.70	2415919104	5	42cec926ae99b5b2c0da4cf14907627c80ca32cc217e17c9c968a87a3f8695f2	ok
1	clang-tc-nossp	fp	2.576	833.70	2415919104	5	906dd97cb18890335374e13f06f11d3462076edd39a916310cd65dd5aafb45b7	ok
1	clang-tc-nossp-nopre	fp	2.375	904.20	2415919104	5	906dd97cb18890335374e13f06f11d3462076edd39a916310cd65dd5aafb45b7	ok
1	clang-tc-nossp-nobr	fp	2.502	858.28	2415919104	5	906dd97cb18890335374e13f06f11d3462076edd39a916310cd65dd5aafb45b7	ok
1	clang-tc-best-shell	fp	2.416	889.01	2415919104	5	906dd97cb18890335374e13f06f11d3462076edd39a916310cd65dd5aafb45b7	ok
1	clang-tc-nossp	nop	1.068	2011.25	2415919104	5	da57556b7bc3bfb3034f0e46a44731597514065f16bb82552863d1f9e3d8922b	ok
1	clang-tc-nossp-nopre	nop	1.056	2034.45	2415919104	5	da57556b7bc3bfb3034f0e46a44731597514065f16bb82552863d1f9e3d8922b	ok
1	clang-tc-nossp-nobr	nop	1.057	2032.37	2415919104	5	da57556b7bc3bfb3034f0e46a44731597514065f16bb82552863d1f9e3d8922b	ok
1	clang-tc-best-shell	nop	1.226	1751.70	2415919104	5	da57556b7bc3bfb3034f0e46a44731597514065f16bb82552863d1f9e3d8922b	ok
1	clang-tc-nossp	regs	1.558	1378.80	2415919104	5	8046902ef45b574fa0d049b88f703123dc1dc6906940453019f5439d19dea791	ok
1	clang-tc-nossp-nopre	regs	1.548	1387.17	2415919104	5	8046902ef45b574fa0d049b88f703123dc1dc6906940453019f5439d19dea791	ok
1	clang-tc-nossp-nobr	regs	1.550	1385.71	2415919104	5	8046902ef45b574fa0d049b88f703123dc1dc6906940453019f5439d19dea791	ok
1	clang-tc-best-shell	regs	1.557	1379.44	2415919104	5	8046902ef45b574fa0d049b88f703123dc1dc6906940453019f5439d19dea791	ok
1	clang-tc-nossp	cpu	3.531	608.27	2415919104	5	eb324f1c6c0ea8e673c7ec829a4f55d0c80fd4c2ac098b6823a35cde5682c4a5	ok
1	clang-tc-nossp-nopre	cpu	3.441	624.14	2415919104	5	eb324f1c6c0ea8e673c7ec829a4f55d0c80fd4c2ac098b6823a35cde5682c4a5	ok
1	clang-tc-nossp-nobr	cpu	3.468	619.26	2415919104	5	eb324f1c6c0ea8e673c7ec829a4f55d0c80fd4c2ac098b6823a35cde5682c4a5	ok
1	clang-tc-best-shell	cpu	3.482	616.82	2415919104	5	eb324f1c6c0ea8e673c7ec829a4f55d0c80fd4c2ac098b6823a35cde5682c4a5	ok
1	clang-tc-nossp	crypt	2.958	725.90	2415919104	5	075ad5f3bef8aaa9bd8daae921884aff4a4c30187ed0bdb9fd30959f75e2709b	ok
1	clang-tc-nossp-nopre	crypt	2.846	754.63	2415919104	5	075ad5f3bef8aaa9bd8daae921884aff4a4c30187ed0bdb9fd30959f75e2709b	ok
1	clang-tc-nossp-nobr	crypt	2.937	731.20	2415919104	5	075ad5f3bef8aaa9bd8daae921884aff4a4c30187ed0bdb9fd30959f75e2709b	ok
1	clang-tc-best-shell	crypt	2.837	756.88	2415919104	5	075ad5f3bef8aaa9bd8daae921884aff4a4c30187ed0bdb9fd30959f75e2709b	ok
1	clang-tc-nossp	memcpy	2.306	931.23	2415919104	5	958a3598adc13ecab81628febb41a80775a56c2227b74cbf0a455c0d064f6dd2	ok
1	clang-tc-nossp-nopre	memcpy	2.149	999.31	2415919104	5	958a3598adc13ecab81628febb41a80775a56c2227b74cbf0a455c0d064f6dd2	ok
1	clang-tc-nossp-nobr	memcpy	2.213	970.40	2415919104	5	958a3598adc13ecab81628febb41a80775a56c2227b74cbf0a455c0d064f6dd2	ok
1	clang-tc-best-shell	memcpy	2.239	959.19	2415919104	5	958a3598adc13ecab81628febb41a80775a56c2227b74cbf0a455c0d064f6dd2	ok
1	clang-tc-nossp	branch	2.207	973.15	2415919104	5	3bb926ddc35a9ca8bdc7f6dfe2c84757cc27a07ceb7ed7637ddd3e5969b40e8c	ok
1	clang-tc-nossp-nopre	branch	2.229	963.46	2415919104	5	3bb926ddc35a9ca8bdc7f6dfe2c84757cc27a07ceb7ed7637ddd3e5969b40e8c	ok
1	clang-tc-nossp-nobr	branch	2.221	966.75	2415919104	5	3bb926ddc35a9ca8bdc7f6dfe2c84757cc27a07ceb7ed7637ddd3e5969b40e8c	ok
1	clang-tc-best-shell	branch	2.283	940.55	2415919104	5	3bb926ddc35a9ca8bdc7f6dfe2c84757cc27a07ceb7ed7637ddd3e5969b40e8c	ok
1	clang-tc-nossp	heapsort	2.538	846.26	2415919104	5	a01ab4e7ef8c8decb06055977002f5b5da8aeb3fa95049718b71a92d1d517adf	ok
1	clang-tc-nossp-nopre	heapsort	2.463	871.84	2415919104	5	a01ab4e7ef8c8decb06055977002f5b5da8aeb3fa95049718b71a92d1d517adf	ok
1	clang-tc-nossp-nobr	heapsort	2.463	871.89	2415919104	5	a01ab4e7ef8c8decb06055977002f5b5da8aeb3fa95049718b71a92d1d517adf	ok
1	clang-tc-best-shell	heapsort	2.492	861.69	2415919104	5	a01ab4e7ef8c8decb06055977002f5b5da8aeb3fa95049718b71a92d1d517adf	ok
1	clang-tc-nossp	tsearch	3.964	541.77	2415919104	5	35451ee71307997f2b1b494651a5fbd4257517350c84a0a993817a6e38fc713b	ok
1	clang-tc-nossp-nopre	tsearch	3.882	553.26	2415919104	5	35451ee71307997f2b1b494651a5fbd4257517350c84a0a993817a6e38fc713b	ok
1	clang-tc-nossp-nobr	tsearch	3.906	549.75	2415919104	5	35451ee71307997f2b1b494651a5fbd4257517350c84a0a993817a6e38fc713b	ok
1	clang-tc-best-shell	tsearch	3.936	545.63	2415919104	5	35451ee71307997f2b1b494651a5fbd4257517350c84a0a993817a6e38fc713b	ok
1	clang-tc-nossp	matrix-3d	10.015	214.42	2415919104	5	e0bb44ec0b8c878093bff8307da03316a00c102a16babcbc42ceb8ca6e4cf0fe	ok
1	clang-tc-nossp-nopre	matrix-3d	9.667	222.15	2415919104	5	e0bb44ec0b8c878093bff8307da03316a00c102a16babcbc42ceb8ca6e4cf0fe	ok
1	clang-tc-nossp-nobr	matrix-3d	9.862	217.75	2415919104	5	e0bb44ec0b8c878093bff8307da03316a00c102a16babcbc42ceb8ca6e4cf0fe	ok
1	clang-tc-best-shell	matrix-3d	9.671	222.04	2415919104	5	e0bb44ec0b8c878093bff8307da03316a00c102a16babcbc42ceb8ca6e4cf0fe	ok
1	clang-tc-nossp	tree	4.321	497.03	2415919104	5	aaacf4808d9da670176f52ce3fa35924ce51d90d4fb24440308902b6302f92d4	ok
1	clang-tc-nossp-nopre	tree	4.234	507.15	2415919104	5	aaacf4808d9da670176f52ce3fa35924ce51d90d4fb24440308902b6302f92d4	ok
1	clang-tc-nossp-nobr	tree	4.271	502.84	2415919104	5	aaacf4808d9da670176f52ce3fa35924ce51d90d4fb24440308902b6302f92d4	ok
1	clang-tc-best-shell	tree	4.369	491.49	2415919104	5	aaacf4808d9da670176f52ce3fa35924ce51d90d4fb24440308902b6302f92d4	ok
1	clang-tc-nossp	malloc	7.249	296.23	2415919104	5	bc106f77f0341f5e4be9c92901b33c15b5007cb13195b0f0c68d678b1ed2a2cf	ok
1	clang-tc-nossp-nopre	malloc	7.372	291.32	2415919104	5	bc106f77f0341f5e4be9c92901b33c15b5007cb13195b0f0c68d678b1ed2a2cf	ok
1	clang-tc-nossp-nobr	malloc	7.273	295.28	2415919104	5	bc106f77f0341f5e4be9c92901b33c15b5007cb13195b0f0c68d678b1ed2a2cf	ok
1	clang-tc-best-shell	malloc	7.354	292.03	2415919104	5	bc106f77f0341f5e4be9c92901b33c15b5007cb13195b0f0c68d678b1ed2a2cf	ok
1	clang-tc-nossp	randlist	3.900	550.58	2415919104	5	ff2547c8dfc9c90e5eb6f65e14b3feda61f3dd85b0d465e351788800a850fd4a	ok
1	clang-tc-nossp-nopre	randlist	3.810	563.64	2415919104	5	ff2547c8dfc9c90e5eb6f65e14b3feda61f3dd85b0d465e351788800a850fd4a	ok
1	clang-tc-nossp-nobr	randlist	3.846	558.43	2415919104	5	ff2547c8dfc9c90e5eb6f65e14b3feda61f3dd85b0d465e351788800a850fd4a	ok
1	clang-tc-best-shell	randlist	3.899	550.72	2415919104	5	ff2547c8dfc9c90e5eb6f65e14b3feda61f3dd85b0d465e351788800a850fd4a	ok
2	clang-tc-nossp	qsort	2.654	809.22	2415919104	5	daad9b63b2013449fba5d90591787dff8817c65d0d9bc57a0d814d2ef4c712ab	ok
2	clang-tc-nossp-nopre	qsort	2.590	829.21	2415919104	5	daad9b63b2013449fba5d90591787dff8817c65d0d9bc57a0d814d2ef4c712ab	ok
2	clang-tc-nossp-nobr	qsort	2.593	828.27	2415919104	5	daad9b63b2013449fba5d90591787dff8817c65d0d9bc57a0d814d2ef4c712ab	ok
2	clang-tc-best-shell	qsort	2.648	810.91	2415919104	5	daad9b63b2013449fba5d90591787dff8817c65d0d9bc57a0d814d2ef4c712ab	ok
2	clang-tc-nossp	zlib	2.787	770.45	2415919104	5	be1e876889828625d023972c3bfc8e07f4fece5144eca0fec4b8468571920b5a	ok
2	clang-tc-nossp-nopre	zlib	2.639	813.85	2415919104	5	be1e876889828625d023972c3bfc8e07f4fece5144eca0fec4b8468571920b5a	ok
2	clang-tc-nossp-nobr	zlib	2.709	792.64	2415919104	5	be1e876889828625d023972c3bfc8e07f4fece5144eca0fec4b8468571920b5a	ok
2	clang-tc-best-shell	zlib	2.742	783.20	2415919104	5	be1e876889828625d023972c3bfc8e07f4fece5144eca0fec4b8468571920b5a	ok
2	clang-tc-nossp	hash	2.444	878.80	2415919104	5	7faadb95a5025daebfcb19715b698c3263c38de7907e186ca1daab75930291a9	ok
2	clang-tc-nossp-nopre	hash	2.344	916.27	2415919104	5	7faadb95a5025daebfcb19715b698c3263c38de7907e186ca1daab75930291a9	ok
2	clang-tc-nossp-nobr	hash	2.403	893.55	2415919104	5	7faadb95a5025daebfcb19715b698c3263c38de7907e186ca1daab75930291a9	ok
2	clang-tc-best-shell	hash	2.385	900.39	2415919104	5	7faadb95a5025daebfcb19715b698c3263c38de7907e186ca1daab75930291a9	ok
2	clang-tc-nossp	syscall	5.879	365.27	2415919104	5	42cec926ae99b5b2c0da4cf14907627c80ca32cc217e17c9c968a87a3f8695f2	ok
2	clang-tc-nossp-nopre	syscall	6.021	356.69	2415919104	5	42cec926ae99b5b2c0da4cf14907627c80ca32cc217e17c9c968a87a3f8695f2	ok
2	clang-tc-nossp-nobr	syscall	5.923	362.57	2415919104	5	42cec926ae99b5b2c0da4cf14907627c80ca32cc217e17c9c968a87a3f8695f2	ok
2	clang-tc-best-shell	syscall	6.091	352.58	2415919104	5	42cec926ae99b5b2c0da4cf14907627c80ca32cc217e17c9c968a87a3f8695f2	ok
2	clang-tc-nossp	fp	2.561	838.58	2415919104	5	906dd97cb18890335374e13f06f11d3462076edd39a916310cd65dd5aafb45b7	ok
2	clang-tc-nossp-nopre	fp	2.383	901.35	2415919104	5	906dd97cb18890335374e13f06f11d3462076edd39a916310cd65dd5aafb45b7	ok
2	clang-tc-nossp-nobr	fp	2.494	861.09	2415919104	5	906dd97cb18890335374e13f06f11d3462076edd39a916310cd65dd5aafb45b7	ok
2	clang-tc-best-shell	fp	2.413	889.78	2415919104	5	906dd97cb18890335374e13f06f11d3462076edd39a916310cd65dd5aafb45b7	ok
2	clang-tc-nossp	nop	1.067	2012.16	2415919104	5	da57556b7bc3bfb3034f0e46a44731597514065f16bb82552863d1f9e3d8922b	ok
2	clang-tc-nossp-nopre	nop	1.056	2033.74	2415919104	5	da57556b7bc3bfb3034f0e46a44731597514065f16bb82552863d1f9e3d8922b	ok
2	clang-tc-nossp-nobr	nop	1.057	2031.90	2415919104	5	da57556b7bc3bfb3034f0e46a44731597514065f16bb82552863d1f9e3d8922b	ok
2	clang-tc-best-shell	nop	1.226	1751.47	2415919104	5	da57556b7bc3bfb3034f0e46a44731597514065f16bb82552863d1f9e3d8922b	ok
2	clang-tc-nossp	regs	1.555	1380.84	2415919104	5	8046902ef45b574fa0d049b88f703123dc1dc6906940453019f5439d19dea791	ok
2	clang-tc-nossp-nopre	regs	1.546	1389.10	2415919104	5	8046902ef45b574fa0d049b88f703123dc1dc6906940453019f5439d19dea791	ok
2	clang-tc-nossp-nobr	regs	1.546	1389.18	2415919104	5	8046902ef45b574fa0d049b88f703123dc1dc6906940453019f5439d19dea791	ok
2	clang-tc-best-shell	regs	1.556	1380.36	2415919104	5	8046902ef45b574fa0d049b88f703123dc1dc6906940453019f5439d19dea791	ok
2	clang-tc-nossp	cpu	3.538	607.06	2415919104	5	eb324f1c6c0ea8e673c7ec829a4f55d0c80fd4c2ac098b6823a35cde5682c4a5	ok
2	clang-tc-nossp-nopre	cpu	3.444	623.56	2415919104	5	eb324f1c6c0ea8e673c7ec829a4f55d0c80fd4c2ac098b6823a35cde5682c4a5	ok
2	clang-tc-nossp-nobr	cpu	3.470	618.81	2415919104	5	eb324f1c6c0ea8e673c7ec829a4f55d0c80fd4c2ac098b6823a35cde5682c4a5	ok
2	clang-tc-best-shell	cpu	3.471	618.76	2415919104	5	eb324f1c6c0ea8e673c7ec829a4f55d0c80fd4c2ac098b6823a35cde5682c4a5	ok
2	clang-tc-nossp	crypt	2.945	729.13	2415919104	5	075ad5f3bef8aaa9bd8daae921884aff4a4c30187ed0bdb9fd30959f75e2709b	ok
2	clang-tc-nossp-nopre	crypt	2.849	753.89	2415919104	5	075ad5f3bef8aaa9bd8daae921884aff4a4c30187ed0bdb9fd30959f75e2709b	ok
2	clang-tc-nossp-nobr	crypt	2.927	733.71	2415919104	5	075ad5f3bef8aaa9bd8daae921884aff4a4c30187ed0bdb9fd30959f75e2709b	ok
2	clang-tc-best-shell	crypt	2.835	757.59	2415919104	5	075ad5f3bef8aaa9bd8daae921884aff4a4c30187ed0bdb9fd30959f75e2709b	ok
2	clang-tc-nossp	memcpy	2.308	930.36	2415919104	5	958a3598adc13ecab81628febb41a80775a56c2227b74cbf0a455c0d064f6dd2	ok
2	clang-tc-nossp-nopre	memcpy	2.138	1004.56	2415919104	5	958a3598adc13ecab81628febb41a80775a56c2227b74cbf0a455c0d064f6dd2	ok
2	clang-tc-nossp-nobr	memcpy	2.213	970.29	2415919104	5	958a3598adc13ecab81628febb41a80775a56c2227b74cbf0a455c0d064f6dd2	ok
2	clang-tc-best-shell	memcpy	2.239	959.19	2415919104	5	958a3598adc13ecab81628febb41a80775a56c2227b74cbf0a455c0d064f6dd2	ok
2	clang-tc-nossp	branch	2.216	968.99	2415919104	5	3bb926ddc35a9ca8bdc7f6dfe2c84757cc27a07ceb7ed7637ddd3e5969b40e8c	ok
2	clang-tc-nossp-nopre	branch	2.266	947.69	2415919104	5	3bb926ddc35a9ca8bdc7f6dfe2c84757cc27a07ceb7ed7637ddd3e5969b40e8c	ok
2	clang-tc-nossp-nobr	branch	2.220	967.40	2415919104	5	3bb926ddc35a9ca8bdc7f6dfe2c84757cc27a07ceb7ed7637ddd3e5969b40e8c	ok
2	clang-tc-best-shell	branch	2.283	940.68	2415919104	5	3bb926ddc35a9ca8bdc7f6dfe2c84757cc27a07ceb7ed7637ddd3e5969b40e8c	ok
2	clang-tc-nossp	heapsort	2.533	847.87	2415919104	5	a01ab4e7ef8c8decb06055977002f5b5da8aeb3fa95049718b71a92d1d517adf	ok
2	clang-tc-nossp-nopre	heapsort	2.536	846.71	2415919104	5	a01ab4e7ef8c8decb06055977002f5b5da8aeb3fa95049718b71a92d1d517adf	ok
2	clang-tc-nossp-nobr	heapsort	2.469	869.61	2415919104	5	a01ab4e7ef8c8decb06055977002f5b5da8aeb3fa95049718b71a92d1d517adf	ok
2	clang-tc-best-shell	heapsort	2.487	863.55	2415919104	5	a01ab4e7ef8c8decb06055977002f5b5da8aeb3fa95049718b71a92d1d517adf	ok
2	clang-tc-nossp	tsearch	3.946	544.16	2415919104	5	35451ee71307997f2b1b494651a5fbd4257517350c84a0a993817a6e38fc713b	ok
2	clang-tc-nossp-nopre	tsearch	3.868	555.13	2415919104	5	35451ee71307997f2b1b494651a5fbd4257517350c84a0a993817a6e38fc713b	ok
2	clang-tc-nossp-nobr	tsearch	3.896	551.18	2415919104	5	35451ee71307997f2b1b494651a5fbd4257517350c84a0a993817a6e38fc713b	ok
2	clang-tc-best-shell	tsearch	3.926	546.98	2415919104	5	35451ee71307997f2b1b494651a5fbd4257517350c84a0a993817a6e38fc713b	ok
2	clang-tc-nossp	matrix-3d	9.916	216.57	2415919104	5	e0bb44ec0b8c878093bff8307da03316a00c102a16babcbc42ceb8ca6e4cf0fe	ok
2	clang-tc-nossp-nopre	matrix-3d	9.663	222.25	2415919104	5	e0bb44ec0b8c878093bff8307da03316a00c102a16babcbc42ceb8ca6e4cf0fe	ok
2	clang-tc-nossp-nobr	matrix-3d	9.840	218.23	2415919104	5	e0bb44ec0b8c878093bff8307da03316a00c102a16babcbc42ceb8ca6e4cf0fe	ok
2	clang-tc-best-shell	matrix-3d	9.692	221.58	2415919104	5	e0bb44ec0b8c878093bff8307da03316a00c102a16babcbc42ceb8ca6e4cf0fe	ok
2	clang-tc-nossp	tree	4.342	494.62	2415919104	5	aaacf4808d9da670176f52ce3fa35924ce51d90d4fb24440308902b6302f92d4	ok
2	clang-tc-nossp-nopre	tree	4.231	507.51	2415919104	5	aaacf4808d9da670176f52ce3fa35924ce51d90d4fb24440308902b6302f92d4	ok
2	clang-tc-nossp-nobr	tree	4.271	502.84	2415919104	5	aaacf4808d9da670176f52ce3fa35924ce51d90d4fb24440308902b6302f92d4	ok
2	clang-tc-best-shell	tree	4.330	495.90	2415919104	5	aaacf4808d9da670176f52ce3fa35924ce51d90d4fb24440308902b6302f92d4	ok
2	clang-tc-nossp	malloc	7.343	292.45	2415919104	5	bc106f77f0341f5e4be9c92901b33c15b5007cb13195b0f0c68d678b1ed2a2cf	ok
2	clang-tc-nossp-nopre	malloc	7.433	288.92	2415919104	5	bc106f77f0341f5e4be9c92901b33c15b5007cb13195b0f0c68d678b1ed2a2cf	ok
2	clang-tc-nossp-nobr	malloc	7.328	293.07	2415919104	5	bc106f77f0341f5e4be9c92901b33c15b5007cb13195b0f0c68d678b1ed2a2cf	ok
2	clang-tc-best-shell	malloc	7.477	287.21	2415919104	5	bc106f77f0341f5e4be9c92901b33c15b5007cb13195b0f0c68d678b1ed2a2cf	ok
2	clang-tc-nossp	randlist	3.902	550.37	2415919104	5	ff2547c8dfc9c90e5eb6f65e14b3feda61f3dd85b0d465e351788800a850fd4a	ok
2	clang-tc-nossp-nopre	randlist	3.789	566.72	2415919104	5	ff2547c8dfc9c90e5eb6f65e14b3feda61f3dd85b0d465e351788800a850fd4a	ok
2	clang-tc-nossp-nobr	randlist	3.853	557.32	2415919104	5	ff2547c8dfc9c90e5eb6f65e14b3feda61f3dd85b0d465e351788800a850fd4a	ok
2	clang-tc-best-shell	randlist	3.912	548.89	2415919104	5	ff2547c8dfc9c90e5eb6f65e14b3feda61f3dd85b0d465e351788800a850fd4a	ok
3	clang-tc-nossp	qsort	2.651	810.11	2415919104	5	daad9b63b2013449fba5d90591787dff8817c65d0d9bc57a0d814d2ef4c712ab	ok
3	clang-tc-nossp-nopre	qsort	2.582	831.67	2415919104	5	daad9b63b2013449fba5d90591787dff8817c65d0d9bc57a0d814d2ef4c712ab	ok
3	clang-tc-nossp-nobr	qsort	2.595	827.69	2415919104	5	daad9b63b2013449fba5d90591787dff8817c65d0d9bc57a0d814d2ef4c712ab	ok
3	clang-tc-best-shell	qsort	2.622	819.13	2415919104	5	daad9b63b2013449fba5d90591787dff8817c65d0d9bc57a0d814d2ef4c712ab	ok
3	clang-tc-nossp	zlib	2.797	767.74	2415919104	5	be1e876889828625d023972c3bfc8e07f4fece5144eca0fec4b8468571920b5a	ok
3	clang-tc-nossp-nopre	zlib	2.639	813.89	2415919104	5	be1e876889828625d023972c3bfc8e07f4fece5144eca0fec4b8468571920b5a	ok
3	clang-tc-nossp-nobr	zlib	2.709	792.69	2415919104	5	be1e876889828625d023972c3bfc8e07f4fece5144eca0fec4b8468571920b5a	ok
3	clang-tc-best-shell	zlib	2.739	783.98	2415919104	5	be1e876889828625d023972c3bfc8e07f4fece5144eca0fec4b8468571920b5a	ok
3	clang-tc-nossp	hash	2.446	877.91	2415919104	5	7faadb95a5025daebfcb19715b698c3263c38de7907e186ca1daab75930291a9	ok
3	clang-tc-nossp-nopre	hash	2.346	915.34	2415919104	5	7faadb95a5025daebfcb19715b698c3263c38de7907e186ca1daab75930291a9	ok
3	clang-tc-nossp-nobr	hash	2.405	892.90	2415919104	5	7faadb95a5025daebfcb19715b698c3263c38de7907e186ca1daab75930291a9	ok
3	clang-tc-best-shell	hash	2.385	900.27	2415919104	5	7faadb95a5025daebfcb19715b698c3263c38de7907e186ca1daab75930291a9	ok
3	clang-tc-nossp	syscall	5.866	366.11	2415919104	5	42cec926ae99b5b2c0da4cf14907627c80ca32cc217e17c9c968a87a3f8695f2	ok
3	clang-tc-nossp-nopre	syscall	6.025	356.45	2415919104	5	42cec926ae99b5b2c0da4cf14907627c80ca32cc217e17c9c968a87a3f8695f2	ok
3	clang-tc-nossp-nobr	syscall	5.849	367.16	2415919104	5	42cec926ae99b5b2c0da4cf14907627c80ca32cc217e17c9c968a87a3f8695f2	ok
3	clang-tc-best-shell	syscall	6.071	353.75	2415919104	5	42cec926ae99b5b2c0da4cf14907627c80ca32cc217e17c9c968a87a3f8695f2	ok
3	clang-tc-nossp	fp	2.565	837.25	2415919104	5	906dd97cb18890335374e13f06f11d3462076edd39a916310cd65dd5aafb45b7	ok
3	clang-tc-nossp-nopre	fp	2.380	902.18	2415919104	5	906dd97cb18890335374e13f06f11d3462076edd39a916310cd65dd5aafb45b7	ok
3	clang-tc-nossp-nobr	fp	2.503	857.86	2415919104	5	906dd97cb18890335374e13f06f11d3462076edd39a916310cd65dd5aafb45b7	ok
3	clang-tc-best-shell	fp	2.418	887.95	2415919104	5	906dd97cb18890335374e13f06f11d3462076edd39a916310cd65dd5aafb45b7	ok
3	clang-tc-nossp	nop	1.067	2012.43	2415919104	5	da57556b7bc3bfb3034f0e46a44731597514065f16bb82552863d1f9e3d8922b	ok
3	clang-tc-nossp-nopre	nop	1.057	2032.13	2415919104	5	da57556b7bc3bfb3034f0e46a44731597514065f16bb82552863d1f9e3d8922b	ok
3	clang-tc-nossp-nobr	nop	1.057	2032.07	2415919104	5	da57556b7bc3bfb3034f0e46a44731597514065f16bb82552863d1f9e3d8922b	ok
3	clang-tc-best-shell	nop	1.226	1751.69	2415919104	5	da57556b7bc3bfb3034f0e46a44731597514065f16bb82552863d1f9e3d8922b	ok
3	clang-tc-nossp	regs	1.555	1381.45	2415919104	5	8046902ef45b574fa0d049b88f703123dc1dc6906940453019f5439d19dea791	ok
3	clang-tc-nossp-nopre	regs	1.548	1387.14	2415919104	5	8046902ef45b574fa0d049b88f703123dc1dc6906940453019f5439d19dea791	ok
3	clang-tc-nossp-nobr	regs	1.548	1387.43	2415919104	5	8046902ef45b574fa0d049b88f703123dc1dc6906940453019f5439d19dea791	ok
3	clang-tc-best-shell	regs	1.560	1376.45	2415919104	5	8046902ef45b574fa0d049b88f703123dc1dc6906940453019f5439d19dea791	ok
3	clang-tc-nossp	cpu	3.541	606.46	2415919104	5	eb324f1c6c0ea8e673c7ec829a4f55d0c80fd4c2ac098b6823a35cde5682c4a5	ok
3	clang-tc-nossp-nopre	cpu	3.463	620.16	2415919104	5	eb324f1c6c0ea8e673c7ec829a4f55d0c80fd4c2ac098b6823a35cde5682c4a5	ok
3	clang-tc-nossp-nobr	cpu	3.469	619.12	2415919104	5	eb324f1c6c0ea8e673c7ec829a4f55d0c80fd4c2ac098b6823a35cde5682c4a5	ok
3	clang-tc-best-shell	cpu	3.467	619.38	2415919104	5	eb324f1c6c0ea8e673c7ec829a4f55d0c80fd4c2ac098b6823a35cde5682c4a5	ok
3	clang-tc-nossp	crypt	2.953	727.14	2415919104	5	075ad5f3bef8aaa9bd8daae921884aff4a4c30187ed0bdb9fd30959f75e2709b	ok
3	clang-tc-nossp-nopre	crypt	2.843	755.23	2415919104	5	075ad5f3bef8aaa9bd8daae921884aff4a4c30187ed0bdb9fd30959f75e2709b	ok
3	clang-tc-nossp-nobr	crypt	2.931	732.68	2415919104	5	075ad5f3bef8aaa9bd8daae921884aff4a4c30187ed0bdb9fd30959f75e2709b	ok
3	clang-tc-best-shell	crypt	2.829	759.02	2415919104	5	075ad5f3bef8aaa9bd8daae921884aff4a4c30187ed0bdb9fd30959f75e2709b	ok
3	clang-tc-nossp	memcpy	2.304	932.11	2415919104	5	958a3598adc13ecab81628febb41a80775a56c2227b74cbf0a455c0d064f6dd2	ok
3	clang-tc-nossp-nopre	memcpy	2.142	1002.54	2415919104	5	958a3598adc13ecab81628febb41a80775a56c2227b74cbf0a455c0d064f6dd2	ok
3	clang-tc-nossp-nobr	memcpy	2.214	970.13	2415919104	5	958a3598adc13ecab81628febb41a80775a56c2227b74cbf0a455c0d064f6dd2	ok
3	clang-tc-best-shell	memcpy	2.239	959.27	2415919104	5	958a3598adc13ecab81628febb41a80775a56c2227b74cbf0a455c0d064f6dd2	ok
3	clang-tc-nossp	branch	2.224	965.67	2415919104	5	3bb926ddc35a9ca8bdc7f6dfe2c84757cc27a07ceb7ed7637ddd3e5969b40e8c	ok
3	clang-tc-nossp-nopre	branch	2.236	960.37	2415919104	5	3bb926ddc35a9ca8bdc7f6dfe2c84757cc27a07ceb7ed7637ddd3e5969b40e8c	ok
3	clang-tc-nossp-nobr	branch	2.227	964.17	2415919104	5	3bb926ddc35a9ca8bdc7f6dfe2c84757cc27a07ceb7ed7637ddd3e5969b40e8c	ok
3	clang-tc-best-shell	branch	2.278	942.91	2415919104	5	3bb926ddc35a9ca8bdc7f6dfe2c84757cc27a07ceb7ed7637ddd3e5969b40e8c	ok
3	clang-tc-nossp	heapsort	2.534	847.60	2415919104	5	a01ab4e7ef8c8decb06055977002f5b5da8aeb3fa95049718b71a92d1d517adf	ok
3	clang-tc-nossp-nopre	heapsort	2.473	868.48	2415919104	5	a01ab4e7ef8c8decb06055977002f5b5da8aeb3fa95049718b71a92d1d517adf	ok
3	clang-tc-nossp-nobr	heapsort	2.461	872.51	2415919104	5	a01ab4e7ef8c8decb06055977002f5b5da8aeb3fa95049718b71a92d1d517adf	ok
3	clang-tc-best-shell	heapsort	2.549	842.41	2415919104	5	a01ab4e7ef8c8decb06055977002f5b5da8aeb3fa95049718b71a92d1d517adf	ok
3	clang-tc-nossp	tsearch	3.979	539.74	2415919104	5	35451ee71307997f2b1b494651a5fbd4257517350c84a0a993817a6e38fc713b	ok
3	clang-tc-nossp-nopre	tsearch	3.871	554.83	2415919104	5	35451ee71307997f2b1b494651a5fbd4257517350c84a0a993817a6e38fc713b	ok
3	clang-tc-nossp-nobr	tsearch	3.896	551.24	2415919104	5	35451ee71307997f2b1b494651a5fbd4257517350c84a0a993817a6e38fc713b	ok
3	clang-tc-best-shell	tsearch	3.935	545.70	2415919104	5	35451ee71307997f2b1b494651a5fbd4257517350c84a0a993817a6e38fc713b	ok
3	clang-tc-nossp	matrix-3d	9.916	216.57	2415919104	5	e0bb44ec0b8c878093bff8307da03316a00c102a16babcbc42ceb8ca6e4cf0fe	ok
3	clang-tc-nossp-nopre	matrix-3d	9.661	222.29	2415919104	5	e0bb44ec0b8c878093bff8307da03316a00c102a16babcbc42ceb8ca6e4cf0fe	ok
3	clang-tc-nossp-nobr	matrix-3d	9.935	216.15	2415919104	5	e0bb44ec0b8c878093bff8307da03316a00c102a16babcbc42ceb8ca6e4cf0fe	ok
3	clang-tc-best-shell	matrix-3d	9.697	221.46	2415919104	5	e0bb44ec0b8c878093bff8307da03316a00c102a16babcbc42ceb8ca6e4cf0fe	ok
3	clang-tc-nossp	tree	4.327	496.31	2415919104	5	aaacf4808d9da670176f52ce3fa35924ce51d90d4fb24440308902b6302f92d4	ok
3	clang-tc-nossp-nopre	tree	4.230	507.65	2415919104	5	aaacf4808d9da670176f52ce3fa35924ce51d90d4fb24440308902b6302f92d4	ok
3	clang-tc-nossp-nobr	tree	4.275	502.33	2415919104	5	aaacf4808d9da670176f52ce3fa35924ce51d90d4fb24440308902b6302f92d4	ok
3	clang-tc-best-shell	tree	4.326	496.47	2415919104	5	aaacf4808d9da670176f52ce3fa35924ce51d90d4fb24440308902b6302f92d4	ok
3	clang-tc-nossp	malloc	7.292	294.50	2415919104	5	bc106f77f0341f5e4be9c92901b33c15b5007cb13195b0f0c68d678b1ed2a2cf	ok
3	clang-tc-nossp-nopre	malloc	7.437	288.76	2415919104	5	bc106f77f0341f5e4be9c92901b33c15b5007cb13195b0f0c68d678b1ed2a2cf	ok
3	clang-tc-nossp-nobr	malloc	7.389	290.63	2415919104	5	bc106f77f0341f5e4be9c92901b33c15b5007cb13195b0f0c68d678b1ed2a2cf	ok
3	clang-tc-best-shell	malloc	7.455	288.07	2415919104	5	bc106f77f0341f5e4be9c92901b33c15b5007cb13195b0f0c68d678b1ed2a2cf	ok
3	clang-tc-nossp	randlist	3.901	550.54	2415919104	5	ff2547c8dfc9c90e5eb6f65e14b3feda61f3dd85b0d465e351788800a850fd4a	ok
3	clang-tc-nossp-nopre	randlist	3.775	568.82	2415919104	5	ff2547c8dfc9c90e5eb6f65e14b3feda61f3dd85b0d465e351788800a850fd4a	ok
3	clang-tc-nossp-nobr	randlist	3.852	557.50	2415919104	5	ff2547c8dfc9c90e5eb6f65e14b3feda61f3dd85b0d465e351788800a850fd4a	ok
3	clang-tc-best-shell	randlist	3.904	550.12	2415919104	5	ff2547c8dfc9c90e5eb6f65e14b3feda61f3dd85b0d465e351788800a850fd4a	ok
1	main-clang-stock	qsort	2.714	791.32	2415919104	5	daad9b63b2013449fba5d90591787dff8817c65d0d9bc57a0d814d2ef4c712ab	ok
1	clang-stock	qsort	2.664	806.16	2415919104	5	daad9b63b2013449fba5d90591787dff8817c65d0d9bc57a0d814d2ef4c712ab	ok
1	fixed-clang-stock	qsort	2.667	805.16	2415919104	5	daad9b63b2013449fba5d90591787dff8817c65d0d9bc57a0d814d2ef4c712ab	ok
1	clang-tc	qsort	2.747	781.74	2415919104	5	daad9b63b2013449fba5d90591787dff8817c65d0d9bc57a0d814d2ef4c712ab	ok
1	fixed-clang-tc	qsort	2.589	829.46	2415919104	5	daad9b63b2013449fba5d90591787dff8817c65d0d9bc57a0d814d2ef4c712ab	ok
1	main-gcc-stock	qsort	2.733	785.63	2415919104	5	daad9b63b2013449fba5d90591787dff8817c65d0d9bc57a0d814d2ef4c712ab	ok
1	gcc-stock	qsort	3.986	538.73	2415919104	5	daad9b63b2013449fba5d90591787dff8817c65d0d9bc57a0d814d2ef4c712ab	ok
1	fixed-gcc-stock	qsort	2.652	809.82	2415919104	5	daad9b63b2013449fba5d90591787dff8817c65d0d9bc57a0d814d2ef4c712ab	ok
1	gcc-tc	qsort	2.643	812.37	2415919104	5	daad9b63b2013449fba5d90591787dff8817c65d0d9bc57a0d814d2ef4c712ab	ok
1	fixed-gcc-tc	qsort	2.806	765.35	2415919104	5	daad9b63b2013449fba5d90591787dff8817c65d0d9bc57a0d814d2ef4c712ab	ok
1	main-clang-stock	zlib	2.781	772.26	2415919104	5	be1e876889828625d023972c3bfc8e07f4fece5144eca0fec4b8468571920b5a	ok
1	clang-stock	zlib	2.685	799.71	2415919104	5	be1e876889828625d023972c3bfc8e07f4fece5144eca0fec4b8468571920b5a	ok
1	fixed-clang-stock	zlib	2.692	797.76	2415919104	5	be1e876889828625d023972c3bfc8e07f4fece5144eca0fec4b8468571920b5a	ok
1	clang-tc	zlib	2.846	754.53	2415919104	5	be1e876889828625d023972c3bfc8e07f4fece5144eca0fec4b8468571920b5a	ok
1	fixed-clang-tc	zlib	2.638	814.04	2415919104	5	be1e876889828625d023972c3bfc8e07f4fece5144eca0fec4b8468571920b5a	ok
1	main-gcc-stock	zlib	2.666	805.46	2415919104	5	be1e876889828625d023972c3bfc8e07f4fece5144eca0fec4b8468571920b5a	ok
1	gcc-stock	zlib	3.533	607.81	2415919104	5	be1e876889828625d023972c3bfc8e07f4fece5144eca0fec4b8468571920b5a	ok
1	fixed-gcc-stock	zlib	2.585	830.64	2415919104	5	be1e876889828625d023972c3bfc8e07f4fece5144eca0fec4b8468571920b5a	ok
1	gcc-tc	zlib	2.610	822.82	2415919104	5	be1e876889828625d023972c3bfc8e07f4fece5144eca0fec4b8468571920b5a	ok
1	fixed-gcc-tc	zlib	2.664	806.03	2415919104	5	be1e876889828625d023972c3bfc8e07f4fece5144eca0fec4b8468571920b5a	ok
1	main-clang-stock	hash	2.682	800.67	2415919104	5	7faadb95a5025daebfcb19715b698c3263c38de7907e186ca1daab75930291a9	ok
1	clang-stock	hash	2.473	868.43	2415919104	5	7faadb95a5025daebfcb19715b698c3263c38de7907e186ca1daab75930291a9	ok
1	fixed-clang-stock	hash	2.473	868.22	2415919104	5	7faadb95a5025daebfcb19715b698c3263c38de7907e186ca1daab75930291a9	ok
1	clang-tc	hash	2.496	860.53	2415919104	5	7faadb95a5025daebfcb19715b698c3263c38de7907e186ca1daab75930291a9	ok
1	fixed-clang-tc	hash	2.357	911.20	2415919104	5	7faadb95a5025daebfcb19715b698c3263c38de7907e186ca1daab75930291a9	ok
1	main-gcc-stock	hash	2.349	914.29	2415919104	5	7faadb95a5025daebfcb19715b698c3263c38de7907e186ca1daab75930291a9	ok
1	gcc-stock	hash	3.366	638.02	2415919104	5	7faadb95a5025daebfcb19715b698c3263c38de7907e186ca1daab75930291a9	ok
1	fixed-gcc-stock	hash	2.320	925.66	2415919104	5	7faadb95a5025daebfcb19715b698c3263c38de7907e186ca1daab75930291a9	ok
1	gcc-tc	hash	2.344	916.21	2415919104	5	7faadb95a5025daebfcb19715b698c3263c38de7907e186ca1daab75930291a9	ok
1	fixed-gcc-tc	hash	2.420	887.21	2415919104	5	7faadb95a5025daebfcb19715b698c3263c38de7907e186ca1daab75930291a9	ok
1	main-clang-stock	syscall	6.019	356.81	2415919104	5	42cec926ae99b5b2c0da4cf14907627c80ca32cc217e17c9c968a87a3f8695f2	ok
1	clang-stock	syscall	5.972	359.61	2415919104	5	42cec926ae99b5b2c0da4cf14907627c80ca32cc217e17c9c968a87a3f8695f2	ok
1	fixed-clang-stock	syscall	6.000	357.93	2415919104	5	42cec926ae99b5b2c0da4cf14907627c80ca32cc217e17c9c968a87a3f8695f2	ok
1	clang-tc	syscall	5.941	361.45	2415919104	5	42cec926ae99b5b2c0da4cf14907627c80ca32cc217e17c9c968a87a3f8695f2	ok
1	fixed-clang-tc	syscall	5.940	361.51	2415919104	5	42cec926ae99b5b2c0da4cf14907627c80ca32cc217e17c9c968a87a3f8695f2	ok
1	main-gcc-stock	syscall	6.027	356.31	2415919104	5	42cec926ae99b5b2c0da4cf14907627c80ca32cc217e17c9c968a87a3f8695f2	ok
1	gcc-stock	syscall	7.448	288.32	2415919104	5	42cec926ae99b5b2c0da4cf14907627c80ca32cc217e17c9c968a87a3f8695f2	ok
1	fixed-gcc-stock	syscall	6.240	344.16	2415919104	5	42cec926ae99b5b2c0da4cf14907627c80ca32cc217e17c9c968a87a3f8695f2	ok
1	gcc-tc	syscall	5.843	367.53	2415919104	5	42cec926ae99b5b2c0da4cf14907627c80ca32cc217e17c9c968a87a3f8695f2	ok
1	fixed-gcc-tc	syscall	6.626	324.08	2415919104	5	42cec926ae99b5b2c0da4cf14907627c80ca32cc217e17c9c968a87a3f8695f2	ok
1	main-clang-stock	fp	2.796	768.13	2415919104	5	906dd97cb18890335374e13f06f11d3462076edd39a916310cd65dd5aafb45b7	ok
1	clang-stock	fp	2.632	815.76	2415919104	5	906dd97cb18890335374e13f06f11d3462076edd39a916310cd65dd5aafb45b7	ok
1	fixed-clang-stock	fp	2.638	814.19	2415919104	5	906dd97cb18890335374e13f06f11d3462076edd39a916310cd65dd5aafb45b7	ok
1	clang-tc	fp	2.577	833.26	2415919104	5	906dd97cb18890335374e13f06f11d3462076edd39a916310cd65dd5aafb45b7	ok
1	fixed-clang-tc	fp	2.381	901.83	2415919104	5	906dd97cb18890335374e13f06f11d3462076edd39a916310cd65dd5aafb45b7	ok
1	main-gcc-stock	fp	2.468	869.96	2415919104	5	906dd97cb18890335374e13f06f11d3462076edd39a916310cd65dd5aafb45b7	ok
1	gcc-stock	fp	3.516	610.86	2415919104	5	906dd97cb18890335374e13f06f11d3462076edd39a916310cd65dd5aafb45b7	ok
1	fixed-gcc-stock	fp	2.378	902.96	2415919104	5	906dd97cb18890335374e13f06f11d3462076edd39a916310cd65dd5aafb45b7	ok
1	gcc-tc	fp	2.433	882.65	2415919104	5	906dd97cb18890335374e13f06f11d3462076edd39a916310cd65dd5aafb45b7	ok
1	fixed-gcc-tc	fp	2.497	860.05	2415919104	5	906dd97cb18890335374e13f06f11d3462076edd39a916310cd65dd5aafb45b7	ok
1	main-clang-stock	nop	1.322	1624.04	2415919104	5	da57556b7bc3bfb3034f0e46a44731597514065f16bb82552863d1f9e3d8922b	ok
1	clang-stock	nop	1.327	1617.80	2415919104	5	da57556b7bc3bfb3034f0e46a44731597514065f16bb82552863d1f9e3d8922b	ok
1	fixed-clang-stock	nop	1.328	1616.76	2415919104	5	da57556b7bc3bfb3034f0e46a44731597514065f16bb82552863d1f9e3d8922b	ok
1	clang-tc	nop	1.219	1761.85	2415919104	5	da57556b7bc3bfb3034f0e46a44731597514065f16bb82552863d1f9e3d8922b	ok
1	fixed-clang-tc	nop	1.211	1772.62	2415919104	5	da57556b7bc3bfb3034f0e46a44731597514065f16bb82552863d1f9e3d8922b	ok
1	main-gcc-stock	nop	1.276	1683.64	2415919104	5	da57556b7bc3bfb3034f0e46a44731597514065f16bb82552863d1f9e3d8922b	ok
1	gcc-stock	nop	1.637	1311.89	2415919104	5	da57556b7bc3bfb3034f0e46a44731597514065f16bb82552863d1f9e3d8922b	ok
1	fixed-gcc-stock	nop	1.259	1705.94	2415919104	5	da57556b7bc3bfb3034f0e46a44731597514065f16bb82552863d1f9e3d8922b	ok
1	gcc-tc	nop	1.303	1648.48	2415919104	5	da57556b7bc3bfb3034f0e46a44731597514065f16bb82552863d1f9e3d8922b	ok
1	fixed-gcc-tc	nop	1.330	1614.75	2415919104	5	da57556b7bc3bfb3034f0e46a44731597514065f16bb82552863d1f9e3d8922b	ok
1	main-clang-stock	regs	1.821	1179.10	2415919104	5	8046902ef45b574fa0d049b88f703123dc1dc6906940453019f5439d19dea791	ok
1	clang-stock	regs	1.726	1243.86	2415919104	5	8046902ef45b574fa0d049b88f703123dc1dc6906940453019f5439d19dea791	ok
1	fixed-clang-stock	regs	1.724	1245.29	2415919104	5	8046902ef45b574fa0d049b88f703123dc1dc6906940453019f5439d19dea791	ok
1	clang-tc	regs	1.596	1345.56	2415919104	5	8046902ef45b574fa0d049b88f703123dc1dc6906940453019f5439d19dea791	ok
1	fixed-clang-tc	regs	1.550	1385.10	2415919104	5	8046902ef45b574fa0d049b88f703123dc1dc6906940453019f5439d19dea791	ok
1	main-gcc-stock	regs	1.761	1219.72	2415919104	5	8046902ef45b574fa0d049b88f703123dc1dc6906940453019f5439d19dea791	ok
1	gcc-stock	regs	2.957	726.34	2415919104	5	8046902ef45b574fa0d049b88f703123dc1dc6906940453019f5439d19dea791	ok
1	fixed-gcc-stock	regs	1.669	1286.49	2415919104	5	8046902ef45b574fa0d049b88f703123dc1dc6906940453019f5439d19dea791	ok
1	gcc-tc	regs	1.787	1201.87	2415919104	5	8046902ef45b574fa0d049b88f703123dc1dc6906940453019f5439d19dea791	ok
1	fixed-gcc-tc	regs	1.804	1190.38	2415919104	5	8046902ef45b574fa0d049b88f703123dc1dc6906940453019f5439d19dea791	ok
1	main-clang-stock	cpu	3.756	571.68	2415919104	5	eb324f1c6c0ea8e673c7ec829a4f55d0c80fd4c2ac098b6823a35cde5682c4a5	ok
1	clang-stock	cpu	3.600	596.56	2415919104	5	eb324f1c6c0ea8e673c7ec829a4f55d0c80fd4c2ac098b6823a35cde5682c4a5	ok
1	fixed-clang-stock	cpu	3.584	599.15	2415919104	5	eb324f1c6c0ea8e673c7ec829a4f55d0c80fd4c2ac098b6823a35cde5682c4a5	ok
1	clang-tc	cpu	3.535	607.48	2415919104	5	eb324f1c6c0ea8e673c7ec829a4f55d0c80fd4c2ac098b6823a35cde5682c4a5	ok
1	fixed-clang-tc	cpu	3.414	628.93	2415919104	5	eb324f1c6c0ea8e673c7ec829a4f55d0c80fd4c2ac098b6823a35cde5682c4a5	ok
1	main-gcc-stock	cpu	4.806	446.85	2415919104	5	eb324f1c6c0ea8e673c7ec829a4f55d0c80fd4c2ac098b6823a35cde5682c4a5	ok
1	gcc-stock	cpu	4.570	469.91	2415919104	5	eb324f1c6c0ea8e673c7ec829a4f55d0c80fd4c2ac098b6823a35cde5682c4a5	ok
1	fixed-gcc-stock	cpu	3.397	632.22	2415919104	5	eb324f1c6c0ea8e673c7ec829a4f55d0c80fd4c2ac098b6823a35cde5682c4a5	ok
1	gcc-tc	cpu	3.513	611.29	2415919104	5	eb324f1c6c0ea8e673c7ec829a4f55d0c80fd4c2ac098b6823a35cde5682c4a5	ok
1	fixed-gcc-tc	cpu	3.600	596.57	2415919104	5	eb324f1c6c0ea8e673c7ec829a4f55d0c80fd4c2ac098b6823a35cde5682c4a5	ok
1	main-clang-stock	crypt	3.148	682.13	2415919104	5	075ad5f3bef8aaa9bd8daae921884aff4a4c30187ed0bdb9fd30959f75e2709b	ok
1	clang-stock	crypt	2.850	753.57	2415919104	5	075ad5f3bef8aaa9bd8daae921884aff4a4c30187ed0bdb9fd30959f75e2709b	ok
1	fixed-clang-stock	crypt	2.872	747.81	2415919104	5	075ad5f3bef8aaa9bd8daae921884aff4a4c30187ed0bdb9fd30959f75e2709b	ok
1	clang-tc	crypt	2.907	738.72	2415919104	5	075ad5f3bef8aaa9bd8daae921884aff4a4c30187ed0bdb9fd30959f75e2709b	ok
1	fixed-clang-tc	crypt	2.833	758.12	2415919104	5	075ad5f3bef8aaa9bd8daae921884aff4a4c30187ed0bdb9fd30959f75e2709b	ok
1	main-gcc-stock	crypt	2.928	733.43	2415919104	5	075ad5f3bef8aaa9bd8daae921884aff4a4c30187ed0bdb9fd30959f75e2709b	ok
1	gcc-stock	crypt	3.801	564.95	2415919104	5	075ad5f3bef8aaa9bd8daae921884aff4a4c30187ed0bdb9fd30959f75e2709b	ok
1	fixed-gcc-stock	crypt	2.930	732.91	2415919104	5	075ad5f3bef8aaa9bd8daae921884aff4a4c30187ed0bdb9fd30959f75e2709b	ok
1	gcc-tc	crypt	3.198	671.50	2415919104	5	075ad5f3bef8aaa9bd8daae921884aff4a4c30187ed0bdb9fd30959f75e2709b	ok
1	fixed-gcc-tc	crypt	3.260	658.78	2415919104	5	075ad5f3bef8aaa9bd8daae921884aff4a4c30187ed0bdb9fd30959f75e2709b	ok
1	main-clang-stock	memcpy	2.230	963.08	2415919104	5	958a3598adc13ecab81628febb41a80775a56c2227b74cbf0a455c0d064f6dd2	ok
1	clang-stock	memcpy	2.208	972.59	2415919104	5	958a3598adc13ecab81628febb41a80775a56c2227b74cbf0a455c0d064f6dd2	ok
1	fixed-clang-stock	memcpy	2.191	980.29	2415919104	5	958a3598adc13ecab81628febb41a80775a56c2227b74cbf0a455c0d064f6dd2	ok
1	clang-tc	memcpy	2.394	897.04	2415919104	5	958a3598adc13ecab81628febb41a80775a56c2227b74cbf0a455c0d064f6dd2	ok
1	fixed-clang-tc	memcpy	2.155	996.47	2415919104	5	958a3598adc13ecab81628febb41a80775a56c2227b74cbf0a455c0d064f6dd2	ok
1	main-gcc-stock	memcpy	2.226	964.59	2415919104	5	958a3598adc13ecab81628febb41a80775a56c2227b74cbf0a455c0d064f6dd2	ok
1	gcc-stock	memcpy	3.083	696.57	2415919104	5	958a3598adc13ecab81628febb41a80775a56c2227b74cbf0a455c0d064f6dd2	ok
1	fixed-gcc-stock	memcpy	2.129	1008.89	2415919104	5	958a3598adc13ecab81628febb41a80775a56c2227b74cbf0a455c0d064f6dd2	ok
1	gcc-tc	memcpy	2.221	966.84	2415919104	5	958a3598adc13ecab81628febb41a80775a56c2227b74cbf0a455c0d064f6dd2	ok
1	fixed-gcc-tc	memcpy	2.283	940.61	2415919104	5	958a3598adc13ecab81628febb41a80775a56c2227b74cbf0a455c0d064f6dd2	ok
1	main-clang-stock	branch	2.560	838.92	2415919104	5	3bb926ddc35a9ca8bdc7f6dfe2c84757cc27a07ceb7ed7637ddd3e5969b40e8c	ok
1	clang-stock	branch	2.221	966.74	2415919104	5	3bb926ddc35a9ca8bdc7f6dfe2c84757cc27a07ceb7ed7637ddd3e5969b40e8c	ok
1	fixed-clang-stock	branch	2.217	968.52	2415919104	5	3bb926ddc35a9ca8bdc7f6dfe2c84757cc27a07ceb7ed7637ddd3e5969b40e8c	ok
1	clang-tc	branch	2.207	972.95	2415919104	5	3bb926ddc35a9ca8bdc7f6dfe2c84757cc27a07ceb7ed7637ddd3e5969b40e8c	ok
1	fixed-clang-tc	branch	2.212	970.65	2415919104	5	3bb926ddc35a9ca8bdc7f6dfe2c84757cc27a07ceb7ed7637ddd3e5969b40e8c	ok
1	main-gcc-stock	branch	2.260	950.04	2415919104	5	3bb926ddc35a9ca8bdc7f6dfe2c84757cc27a07ceb7ed7637ddd3e5969b40e8c	ok
1	gcc-stock	branch	3.163	679.00	2415919104	5	3bb926ddc35a9ca8bdc7f6dfe2c84757cc27a07ceb7ed7637ddd3e5969b40e8c	ok
1	fixed-gcc-stock	branch	2.191	979.97	2415919104	5	3bb926ddc35a9ca8bdc7f6dfe2c84757cc27a07ceb7ed7637ddd3e5969b40e8c	ok
1	gcc-tc	branch	2.248	955.28	2415919104	5	3bb926ddc35a9ca8bdc7f6dfe2c84757cc27a07ceb7ed7637ddd3e5969b40e8c	ok
1	fixed-gcc-tc	branch	2.293	936.45	2415919104	5	3bb926ddc35a9ca8bdc7f6dfe2c84757cc27a07ceb7ed7637ddd3e5969b40e8c	ok
1	main-clang-stock	heapsort	2.559	839.21	2415919104	5	a01ab4e7ef8c8decb06055977002f5b5da8aeb3fa95049718b71a92d1d517adf	ok
1	clang-stock	heapsort	2.439	880.63	2415919104	5	a01ab4e7ef8c8decb06055977002f5b5da8aeb3fa95049718b71a92d1d517adf	ok
1	fixed-clang-stock	heapsort	2.588	829.93	2415919104	5	a01ab4e7ef8c8decb06055977002f5b5da8aeb3fa95049718b71a92d1d517adf	ok
1	clang-tc	heapsort	2.583	831.52	2415919104	5	a01ab4e7ef8c8decb06055977002f5b5da8aeb3fa95049718b71a92d1d517adf	ok
1	fixed-clang-tc	heapsort	2.482	865.18	2415919104	5	a01ab4e7ef8c8decb06055977002f5b5da8aeb3fa95049718b71a92d1d517adf	ok
1	main-gcc-stock	heapsort	2.469	869.64	2415919104	5	a01ab4e7ef8c8decb06055977002f5b5da8aeb3fa95049718b71a92d1d517adf	ok
1	gcc-stock	heapsort	4.630	463.77	2415919104	5	a01ab4e7ef8c8decb06055977002f5b5da8aeb3fa95049718b71a92d1d517adf	ok
1	fixed-gcc-stock	heapsort	2.476	867.25	2415919104	5	a01ab4e7ef8c8decb06055977002f5b5da8aeb3fa95049718b71a92d1d517adf	ok
1	gcc-tc	heapsort	2.488	863.20	2415919104	5	a01ab4e7ef8c8decb06055977002f5b5da8aeb3fa95049718b71a92d1d517adf	ok
1	fixed-gcc-tc	heapsort	2.560	838.78	2415919104	5	a01ab4e7ef8c8decb06055977002f5b5da8aeb3fa95049718b71a92d1d517adf	ok
1	main-clang-stock	tsearch	4.016	534.79	2415919104	5	35451ee71307997f2b1b494651a5fbd4257517350c84a0a993817a6e38fc713b	ok
1	clang-stock	tsearch	4.035	532.23	2415919104	5	35451ee71307997f2b1b494651a5fbd4257517350c84a0a993817a6e38fc713b	ok
1	fixed-clang-stock	tsearch	3.935	545.70	2415919104	5	35451ee71307997f2b1b494651a5fbd4257517350c84a0a993817a6e38fc713b	ok
1	clang-tc	tsearch	4.018	534.51	2415919104	5	35451ee71307997f2b1b494651a5fbd4257517350c84a0a993817a6e38fc713b	ok
1	fixed-clang-tc	tsearch	3.883	553.08	2415919104	5	35451ee71307997f2b1b494651a5fbd4257517350c84a0a993817a6e38fc713b	ok
1	main-gcc-stock	tsearch	3.941	544.84	2415919104	5	35451ee71307997f2b1b494651a5fbd4257517350c84a0a993817a6e38fc713b	ok
1	gcc-stock	tsearch	5.184	414.29	2415919104	5	35451ee71307997f2b1b494651a5fbd4257517350c84a0a993817a6e38fc713b	ok
1	fixed-gcc-stock	tsearch	4.657	461.17	2415919104	5	35451ee71307997f2b1b494651a5fbd4257517350c84a0a993817a6e38fc713b	ok
1	gcc-tc	tsearch	4.049	530.35	2415919104	5	35451ee71307997f2b1b494651a5fbd4257517350c84a0a993817a6e38fc713b	ok
1	fixed-gcc-tc	tsearch	5.312	404.30	2415919104	5	35451ee71307997f2b1b494651a5fbd4257517350c84a0a993817a6e38fc713b	ok
1	main-clang-stock	matrix-3d	9.847	218.10	2415919104	5	e0bb44ec0b8c878093bff8307da03316a00c102a16babcbc42ceb8ca6e4cf0fe	ok
1	clang-stock	matrix-3d	10.036	213.98	2415919104	5	e0bb44ec0b8c878093bff8307da03316a00c102a16babcbc42ceb8ca6e4cf0fe	ok
1	fixed-clang-stock	matrix-3d	10.086	212.92	2415919104	5	e0bb44ec0b8c878093bff8307da03316a00c102a16babcbc42ceb8ca6e4cf0fe	ok
1	clang-tc	matrix-3d	10.197	210.60	2415919104	5	e0bb44ec0b8c878093bff8307da03316a00c102a16babcbc42ceb8ca6e4cf0fe	ok
1	fixed-clang-tc	matrix-3d	9.898	216.97	2415919104	5	e0bb44ec0b8c878093bff8307da03316a00c102a16babcbc42ceb8ca6e4cf0fe	ok
1	main-gcc-stock	matrix-3d	9.438	227.53	2415919104	5	e0bb44ec0b8c878093bff8307da03316a00c102a16babcbc42ceb8ca6e4cf0fe	ok
1	gcc-stock	matrix-3d	10.281	208.88	2415919104	5	e0bb44ec0b8c878093bff8307da03316a00c102a16babcbc42ceb8ca6e4cf0fe	ok
1	fixed-gcc-stock	matrix-3d	14.264	150.55	2415919104	5	e0bb44ec0b8c878093bff8307da03316a00c102a16babcbc42ceb8ca6e4cf0fe	ok
1	gcc-tc	matrix-3d	9.695	221.51	2415919104	5	e0bb44ec0b8c878093bff8307da03316a00c102a16babcbc42ceb8ca6e4cf0fe	ok
1	fixed-gcc-tc	matrix-3d	16.488	130.25	2415919104	5	e0bb44ec0b8c878093bff8307da03316a00c102a16babcbc42ceb8ca6e4cf0fe	ok
1	main-clang-stock	tree	4.413	486.65	2415919104	5	aaacf4808d9da670176f52ce3fa35924ce51d90d4fb24440308902b6302f92d4	ok
1	clang-stock	tree	4.327	496.34	2415919104	5	aaacf4808d9da670176f52ce3fa35924ce51d90d4fb24440308902b6302f92d4	ok
1	fixed-clang-stock	tree	4.285	501.18	2415919104	5	aaacf4808d9da670176f52ce3fa35924ce51d90d4fb24440308902b6302f92d4	ok
1	clang-tc	tree	4.354	493.21	2415919104	5	aaacf4808d9da670176f52ce3fa35924ce51d90d4fb24440308902b6302f92d4	ok
1	fixed-clang-tc	tree	4.280	501.71	2415919104	5	aaacf4808d9da670176f52ce3fa35924ce51d90d4fb24440308902b6302f92d4	ok
1	main-gcc-stock	tree	4.334	495.51	2415919104	5	aaacf4808d9da670176f52ce3fa35924ce51d90d4fb24440308902b6302f92d4	ok
1	gcc-stock	tree	5.621	382.07	2415919104	5	aaacf4808d9da670176f52ce3fa35924ce51d90d4fb24440308902b6302f92d4	ok
1	fixed-gcc-stock	tree	5.059	424.48	2415919104	5	aaacf4808d9da670176f52ce3fa35924ce51d90d4fb24440308902b6302f92d4	ok
1	gcc-tc	tree	4.268	503.19	2415919104	5	aaacf4808d9da670176f52ce3fa35924ce51d90d4fb24440308902b6302f92d4	ok
1	fixed-gcc-tc	tree	5.510	389.75	2415919104	5	aaacf4808d9da670176f52ce3fa35924ce51d90d4fb24440308902b6302f92d4	ok
1	main-clang-stock	malloc	7.244	296.45	2415919104	5	bc106f77f0341f5e4be9c92901b33c15b5007cb13195b0f0c68d678b1ed2a2cf	ok
1	clang-stock	malloc	7.151	300.30	2415919104	5	bc106f77f0341f5e4be9c92901b33c15b5007cb13195b0f0c68d678b1ed2a2cf	ok
1	fixed-clang-stock	malloc	7.346	292.34	2415919104	5	bc106f77f0341f5e4be9c92901b33c15b5007cb13195b0f0c68d678b1ed2a2cf	ok
1	clang-tc	malloc	7.666	280.14	2415919104	5	bc106f77f0341f5e4be9c92901b33c15b5007cb13195b0f0c68d678b1ed2a2cf	ok
1	fixed-clang-tc	malloc	7.542	284.75	2415919104	5	bc106f77f0341f5e4be9c92901b33c15b5007cb13195b0f0c68d678b1ed2a2cf	ok
1	main-gcc-stock	malloc	7.356	291.95	2415919104	5	bc106f77f0341f5e4be9c92901b33c15b5007cb13195b0f0c68d678b1ed2a2cf	ok
1	gcc-stock	malloc	8.337	257.59	2415919104	5	bc106f77f0341f5e4be9c92901b33c15b5007cb13195b0f0c68d678b1ed2a2cf	ok
1	fixed-gcc-stock	malloc	8.387	256.05	2415919104	5	bc106f77f0341f5e4be9c92901b33c15b5007cb13195b0f0c68d678b1ed2a2cf	ok
1	gcc-tc	malloc	7.256	295.97	2415919104	5	bc106f77f0341f5e4be9c92901b33c15b5007cb13195b0f0c68d678b1ed2a2cf	ok
1	fixed-gcc-tc	malloc	9.382	228.90	2415919104	5	bc106f77f0341f5e4be9c92901b33c15b5007cb13195b0f0c68d678b1ed2a2cf	ok
1	main-clang-stock	randlist	4.604	466.47	2415919104	5	ff2547c8dfc9c90e5eb6f65e14b3feda61f3dd85b0d465e351788800a850fd4a	ok
1	clang-stock	randlist	4.465	480.95	2415919104	5	ff2547c8dfc9c90e5eb6f65e14b3feda61f3dd85b0d465e351788800a850fd4a	ok
1	fixed-clang-stock	randlist	4.192	512.25	2415919104	5	ff2547c8dfc9c90e5eb6f65e14b3feda61f3dd85b0d465e351788800a850fd4a	ok
1	clang-tc	randlist	3.944	544.52	2415919104	5	ff2547c8dfc9c90e5eb6f65e14b3feda61f3dd85b0d465e351788800a850fd4a	ok
1	fixed-clang-tc	randlist	3.878	553.79	2415919104	5	ff2547c8dfc9c90e5eb6f65e14b3feda61f3dd85b0d465e351788800a850fd4a	ok
1	main-gcc-stock	randlist	4.589	467.93	2415919104	5	ff2547c8dfc9c90e5eb6f65e14b3feda61f3dd85b0d465e351788800a850fd4a	ok
1	gcc-stock	randlist	6.754	317.98	2415919104	5	ff2547c8dfc9c90e5eb6f65e14b3feda61f3dd85b0d465e351788800a850fd4a	ok
1	fixed-gcc-stock	randlist	5.786	371.14	2415919104	5	ff2547c8dfc9c90e5eb6f65e14b3feda61f3dd85b0d465e351788800a850fd4a	ok
1	gcc-tc	randlist	3.950	543.69	2415919104	5	ff2547c8dfc9c90e5eb6f65e14b3feda61f3dd85b0d465e351788800a850fd4a	ok
1	fixed-gcc-tc	randlist	5.037	426.34	2415919104	5	ff2547c8dfc9c90e5eb6f65e14b3feda61f3dd85b0d465e351788800a850fd4a	ok
2	main-clang-stock	qsort	2.710	792.43	2415919104	5	daad9b63b2013449fba5d90591787dff8817c65d0d9bc57a0d814d2ef4c712ab	ok
2	clang-stock	qsort	2.664	806.04	2415919104	5	daad9b63b2013449fba5d90591787dff8817c65d0d9bc57a0d814d2ef4c712ab	ok
2	fixed-clang-stock	qsort	2.660	807.29	2415919104	5	daad9b63b2013449fba5d90591787dff8817c65d0d9bc57a0d814d2ef4c712ab	ok
2	clang-tc	qsort	2.736	784.99	2415919104	5	daad9b63b2013449fba5d90591787dff8817c65d0d9bc57a0d814d2ef4c712ab	ok
2	fixed-clang-tc	qsort	2.627	817.54	2415919104	5	daad9b63b2013449fba5d90591787dff8817c65d0d9bc57a0d814d2ef4c712ab	ok
2	main-gcc-stock	qsort	2.667	805.25	2415919104	5	daad9b63b2013449fba5d90591787dff8817c65d0d9bc57a0d814d2ef4c712ab	ok
2	gcc-stock	qsort	3.964	541.78	2415919104	5	daad9b63b2013449fba5d90591787dff8817c65d0d9bc57a0d814d2ef4c712ab	ok
2	fixed-gcc-stock	qsort	2.636	814.53	2415919104	5	daad9b63b2013449fba5d90591787dff8817c65d0d9bc57a0d814d2ef4c712ab	ok
2	gcc-tc	qsort	2.640	813.46	2415919104	5	daad9b63b2013449fba5d90591787dff8817c65d0d9bc57a0d814d2ef4c712ab	ok
2	fixed-gcc-tc	qsort	2.778	773.11	2415919104	5	daad9b63b2013449fba5d90591787dff8817c65d0d9bc57a0d814d2ef4c712ab	ok
2	main-clang-stock	zlib	2.783	771.73	2415919104	5	be1e876889828625d023972c3bfc8e07f4fece5144eca0fec4b8468571920b5a	ok
2	clang-stock	zlib	2.686	799.60	2415919104	5	be1e876889828625d023972c3bfc8e07f4fece5144eca0fec4b8468571920b5a	ok
2	fixed-clang-stock	zlib	2.703	794.49	2415919104	5	be1e876889828625d023972c3bfc8e07f4fece5144eca0fec4b8468571920b5a	ok
2	clang-tc	zlib	2.848	753.98	2415919104	5	be1e876889828625d023972c3bfc8e07f4fece5144eca0fec4b8468571920b5a	ok
2	fixed-clang-tc	zlib	2.675	802.75	2415919104	5	be1e876889828625d023972c3bfc8e07f4fece5144eca0fec4b8468571920b5a	ok
2	main-gcc-stock	zlib	2.673	803.47	2415919104	5	be1e876889828625d023972c3bfc8e07f4fece5144eca0fec4b8468571920b5a	ok
2	gcc-stock	zlib	3.529	608.48	2415919104	5	be1e876889828625d023972c3bfc8e07f4fece5144eca0fec4b8468571920b5a	ok
2	fixed-gcc-stock	zlib	2.584	831.14	2415919104	5	be1e876889828625d023972c3bfc8e07f4fece5144eca0fec4b8468571920b5a	ok
2	gcc-tc	zlib	2.614	821.46	2415919104	5	be1e876889828625d023972c3bfc8e07f4fece5144eca0fec4b8468571920b5a	ok
2	fixed-gcc-tc	zlib	2.662	806.61	2415919104	5	be1e876889828625d023972c3bfc8e07f4fece5144eca0fec4b8468571920b5a	ok
2	main-clang-stock	hash	2.674	803.16	2415919104	5	7faadb95a5025daebfcb19715b698c3263c38de7907e186ca1daab75930291a9	ok
2	clang-stock	hash	2.492	861.75	2415919104	5	7faadb95a5025daebfcb19715b698c3263c38de7907e186ca1daab75930291a9	ok
2	fixed-clang-stock	hash	2.475	867.64	2415919104	5	7faadb95a5025daebfcb19715b698c3263c38de7907e186ca1daab75930291a9	ok
2	clang-tc	hash	2.493	861.46	2415919104	5	7faadb95a5025daebfcb19715b698c3263c38de7907e186ca1daab75930291a9	ok
2	fixed-clang-tc	hash	2.357	911.20	2415919104	5	7faadb95a5025daebfcb19715b698c3263c38de7907e186ca1daab75930291a9	ok
2	main-gcc-stock	hash	2.344	916.32	2415919104	5	7faadb95a5025daebfcb19715b698c3263c38de7907e186ca1daab75930291a9	ok
2	gcc-stock	hash	3.385	634.45	2415919104	5	7faadb95a5025daebfcb19715b698c3263c38de7907e186ca1daab75930291a9	ok
2	fixed-gcc-stock	hash	2.288	938.55	2415919104	5	7faadb95a5025daebfcb19715b698c3263c38de7907e186ca1daab75930291a9	ok
2	gcc-tc	hash	2.345	915.88	2415919104	5	7faadb95a5025daebfcb19715b698c3263c38de7907e186ca1daab75930291a9	ok
2	fixed-gcc-tc	hash	2.417	888.34	2415919104	5	7faadb95a5025daebfcb19715b698c3263c38de7907e186ca1daab75930291a9	ok
2	main-clang-stock	syscall	6.050	354.96	2415919104	5	42cec926ae99b5b2c0da4cf14907627c80ca32cc217e17c9c968a87a3f8695f2	ok
2	clang-stock	syscall	5.986	358.76	2415919104	5	42cec926ae99b5b2c0da4cf14907627c80ca32cc217e17c9c968a87a3f8695f2	ok
2	fixed-clang-stock	syscall	5.962	360.20	2415919104	5	42cec926ae99b5b2c0da4cf14907627c80ca32cc217e17c9c968a87a3f8695f2	ok
2	clang-tc	syscall	5.888	364.73	2415919104	5	42cec926ae99b5b2c0da4cf14907627c80ca32cc217e17c9c968a87a3f8695f2	ok
2	fixed-clang-tc	syscall	5.912	363.24	2415919104	5	42cec926ae99b5b2c0da4cf14907627c80ca32cc217e17c9c968a87a3f8695f2	ok
2	main-gcc-stock	syscall	6.026	356.37	2415919104	5	42cec926ae99b5b2c0da4cf14907627c80ca32cc217e17c9c968a87a3f8695f2	ok
2	gcc-stock	syscall	7.501	286.28	2415919104	5	42cec926ae99b5b2c0da4cf14907627c80ca32cc217e17c9c968a87a3f8695f2	ok
2	fixed-gcc-stock	syscall	6.244	343.92	2415919104	5	42cec926ae99b5b2c0da4cf14907627c80ca32cc217e17c9c968a87a3f8695f2	ok
2	gcc-tc	syscall	5.897	364.16	2415919104	5	42cec926ae99b5b2c0da4cf14907627c80ca32cc217e17c9c968a87a3f8695f2	ok
2	fixed-gcc-tc	syscall	6.633	323.77	2415919104	5	42cec926ae99b5b2c0da4cf14907627c80ca32cc217e17c9c968a87a3f8695f2	ok
2	main-clang-stock	fp	2.794	768.57	2415919104	5	906dd97cb18890335374e13f06f11d3462076edd39a916310cd65dd5aafb45b7	ok
2	clang-stock	fp	2.641	813.21	2415919104	5	906dd97cb18890335374e13f06f11d3462076edd39a916310cd65dd5aafb45b7	ok
2	fixed-clang-stock	fp	2.643	812.56	2415919104	5	906dd97cb18890335374e13f06f11d3462076edd39a916310cd65dd5aafb45b7	ok
2	clang-tc	fp	2.577	833.22	2415919104	5	906dd97cb18890335374e13f06f11d3462076edd39a916310cd65dd5aafb45b7	ok
2	fixed-clang-tc	fp	2.386	900.17	2415919104	5	906dd97cb18890335374e13f06f11d3462076edd39a916310cd65dd5aafb45b7	ok
2	main-gcc-stock	fp	2.457	874.19	2415919104	5	906dd97cb18890335374e13f06f11d3462076edd39a916310cd65dd5aafb45b7	ok
2	gcc-stock	fp	3.529	608.57	2415919104	5	906dd97cb18890335374e13f06f11d3462076edd39a916310cd65dd5aafb45b7	ok
2	fixed-gcc-stock	fp	2.408	891.86	2415919104	5	906dd97cb18890335374e13f06f11d3462076edd39a916310cd65dd5aafb45b7	ok
2	gcc-tc	fp	2.457	874.09	2415919104	5	906dd97cb18890335374e13f06f11d3462076edd39a916310cd65dd5aafb45b7	ok
2	fixed-gcc-tc	fp	2.502	858.22	2415919104	5	906dd97cb18890335374e13f06f11d3462076edd39a916310cd65dd5aafb45b7	ok
2	main-clang-stock	nop	1.322	1624.02	2415919104	5	da57556b7bc3bfb3034f0e46a44731597514065f16bb82552863d1f9e3d8922b	ok
2	clang-stock	nop	1.330	1614.42	2415919104	5	da57556b7bc3bfb3034f0e46a44731597514065f16bb82552863d1f9e3d8922b	ok
2	fixed-clang-stock	nop	1.330	1614.86	2415919104	5	da57556b7bc3bfb3034f0e46a44731597514065f16bb82552863d1f9e3d8922b	ok
2	clang-tc	nop	1.220	1759.90	2415919104	5	da57556b7bc3bfb3034f0e46a44731597514065f16bb82552863d1f9e3d8922b	ok
2	fixed-clang-tc	nop	1.213	1770.65	2415919104	5	da57556b7bc3bfb3034f0e46a44731597514065f16bb82552863d1f9e3d8922b	ok
2	main-gcc-stock	nop	1.276	1682.50	2415919104	5	da57556b7bc3bfb3034f0e46a44731597514065f16bb82552863d1f9e3d8922b	ok
2	gcc-stock	nop	1.641	1309.02	2415919104	5	da57556b7bc3bfb3034f0e46a44731597514065f16bb82552863d1f9e3d8922b	ok
2	fixed-gcc-stock	nop	1.260	1704.52	2415919104	5	da57556b7bc3bfb3034f0e46a44731597514065f16bb82552863d1f9e3d8922b	ok
2	gcc-tc	nop	1.303	1647.96	2415919104	5	da57556b7bc3bfb3034f0e46a44731597514065f16bb82552863d1f9e3d8922b	ok
2	fixed-gcc-tc	nop	1.330	1614.17	2415919104	5	da57556b7bc3bfb3034f0e46a44731597514065f16bb82552863d1f9e3d8922b	ok
2	main-clang-stock	regs	1.820	1180.20	2415919104	5	8046902ef45b574fa0d049b88f703123dc1dc6906940453019f5439d19dea791	ok
2	clang-stock	regs	1.723	1246.45	2415919104	5	8046902ef45b574fa0d049b88f703123dc1dc6906940453019f5439d19dea791	ok
2	fixed-clang-stock	regs	1.731	1240.96	2415919104	5	8046902ef45b574fa0d049b88f703123dc1dc6906940453019f5439d19dea791	ok
2	clang-tc	regs	1.595	1346.23	2415919104	5	8046902ef45b574fa0d049b88f703123dc1dc6906940453019f5439d19dea791	ok
2	fixed-clang-tc	regs	1.549	1385.92	2415919104	5	8046902ef45b574fa0d049b88f703123dc1dc6906940453019f5439d19dea791	ok
2	main-gcc-stock	regs	1.764	1217.47	2415919104	5	8046902ef45b574fa0d049b88f703123dc1dc6906940453019f5439d19dea791	ok
2	gcc-stock	regs	2.962	724.95	2415919104	5	8046902ef45b574fa0d049b88f703123dc1dc6906940453019f5439d19dea791	ok
2	fixed-gcc-stock	regs	1.669	1286.71	2415919104	5	8046902ef45b574fa0d049b88f703123dc1dc6906940453019f5439d19dea791	ok
2	gcc-tc	regs	1.786	1202.40	2415919104	5	8046902ef45b574fa0d049b88f703123dc1dc6906940453019f5439d19dea791	ok
2	fixed-gcc-tc	regs	1.805	1189.99	2415919104	5	8046902ef45b574fa0d049b88f703123dc1dc6906940453019f5439d19dea791	ok
2	main-clang-stock	cpu	3.745	573.45	2415919104	5	eb324f1c6c0ea8e673c7ec829a4f55d0c80fd4c2ac098b6823a35cde5682c4a5	ok
2	clang-stock	cpu	3.596	597.14	2415919104	5	eb324f1c6c0ea8e673c7ec829a4f55d0c80fd4c2ac098b6823a35cde5682c4a5	ok
2	fixed-clang-stock	cpu	3.593	597.74	2415919104	5	eb324f1c6c0ea8e673c7ec829a4f55d0c80fd4c2ac098b6823a35cde5682c4a5	ok
2	clang-tc	cpu	3.540	606.67	2415919104	5	eb324f1c6c0ea8e673c7ec829a4f55d0c80fd4c2ac098b6823a35cde5682c4a5	ok
2	fixed-clang-tc	cpu	3.408	630.09	2415919104	5	eb324f1c6c0ea8e673c7ec829a4f55d0c80fd4c2ac098b6823a35cde5682c4a5	ok
2	main-gcc-stock	cpu	3.535	607.51	2415919104	5	eb324f1c6c0ea8e673c7ec829a4f55d0c80fd4c2ac098b6823a35cde5682c4a5	ok
2	gcc-stock	cpu	4.576	469.31	2415919104	5	eb324f1c6c0ea8e673c7ec829a4f55d0c80fd4c2ac098b6823a35cde5682c4a5	ok
2	fixed-gcc-stock	cpu	3.382	634.95	2415919104	5	eb324f1c6c0ea8e673c7ec829a4f55d0c80fd4c2ac098b6823a35cde5682c4a5	ok
2	gcc-tc	cpu	3.499	613.70	2415919104	5	eb324f1c6c0ea8e673c7ec829a4f55d0c80fd4c2ac098b6823a35cde5682c4a5	ok
2	fixed-gcc-tc	cpu	3.610	594.90	2415919104	5	eb324f1c6c0ea8e673c7ec829a4f55d0c80fd4c2ac098b6823a35cde5682c4a5	ok
2	main-clang-stock	crypt	3.150	681.85	2415919104	5	075ad5f3bef8aaa9bd8daae921884aff4a4c30187ed0bdb9fd30959f75e2709b	ok
2	clang-stock	crypt	2.927	733.60	2415919104	5	075ad5f3bef8aaa9bd8daae921884aff4a4c30187ed0bdb9fd30959f75e2709b	ok
2	fixed-clang-stock	crypt	2.862	750.26	2415919104	5	075ad5f3bef8aaa9bd8daae921884aff4a4c30187ed0bdb9fd30959f75e2709b	ok
2	clang-tc	crypt	2.917	736.10	2415919104	5	075ad5f3bef8aaa9bd8daae921884aff4a4c30187ed0bdb9fd30959f75e2709b	ok
2	fixed-clang-tc	crypt	2.931	732.64	2415919104	5	075ad5f3bef8aaa9bd8daae921884aff4a4c30187ed0bdb9fd30959f75e2709b	ok
2	main-gcc-stock	crypt	2.930	733.00	2415919104	5	075ad5f3bef8aaa9bd8daae921884aff4a4c30187ed0bdb9fd30959f75e2709b	ok
2	gcc-stock	crypt	3.806	564.23	2415919104	5	075ad5f3bef8aaa9bd8daae921884aff4a4c30187ed0bdb9fd30959f75e2709b	ok
2	fixed-gcc-stock	crypt	2.913	737.32	2415919104	5	075ad5f3bef8aaa9bd8daae921884aff4a4c30187ed0bdb9fd30959f75e2709b	ok
2	gcc-tc	crypt	3.204	670.15	2415919104	5	075ad5f3bef8aaa9bd8daae921884aff4a4c30187ed0bdb9fd30959f75e2709b	ok
2	fixed-gcc-tc	crypt	3.245	661.68	2415919104	5	075ad5f3bef8aaa9bd8daae921884aff4a4c30187ed0bdb9fd30959f75e2709b	ok
2	main-clang-stock	memcpy	2.239	958.92	2415919104	5	958a3598adc13ecab81628febb41a80775a56c2227b74cbf0a455c0d064f6dd2	ok
2	clang-stock	memcpy	2.191	980.14	2415919104	5	958a3598adc13ecab81628febb41a80775a56c2227b74cbf0a455c0d064f6dd2	ok
2	fixed-clang-stock	memcpy	2.190	980.78	2415919104	5	958a3598adc13ecab81628febb41a80775a56c2227b74cbf0a455c0d064f6dd2	ok
2	clang-tc	memcpy	2.395	896.72	2415919104	5	958a3598adc13ecab81628febb41a80775a56c2227b74cbf0a455c0d064f6dd2	ok
2	fixed-clang-tc	memcpy	2.159	994.80	2415919104	5	958a3598adc13ecab81628febb41a80775a56c2227b74cbf0a455c0d064f6dd2	ok
2	main-gcc-stock	memcpy	2.226	964.87	2415919104	5	958a3598adc13ecab81628febb41a80775a56c2227b74cbf0a455c0d064f6dd2	ok
2	gcc-stock	memcpy	3.075	698.32	2415919104	5	958a3598adc13ecab81628febb41a80775a56c2227b74cbf0a455c0d064f6dd2	ok
2	fixed-gcc-stock	memcpy	2.137	1005.10	2415919104	5	958a3598adc13ecab81628febb41a80775a56c2227b74cbf0a455c0d064f6dd2	ok
2	gcc-tc	memcpy	2.224	965.69	2415919104	5	958a3598adc13ecab81628febb41a80775a56c2227b74cbf0a455c0d064f6dd2	ok
2	fixed-gcc-tc	memcpy	2.286	939.55	2415919104	5	958a3598adc13ecab81628febb41a80775a56c2227b74cbf0a455c0d064f6dd2	ok
2	main-clang-stock	branch	2.578	832.92	2415919104	5	3bb926ddc35a9ca8bdc7f6dfe2c84757cc27a07ceb7ed7637ddd3e5969b40e8c	ok
2	clang-stock	branch	2.223	966.03	2415919104	5	3bb926ddc35a9ca8bdc7f6dfe2c84757cc27a07ceb7ed7637ddd3e5969b40e8c	ok
2	fixed-clang-stock	branch	2.224	965.64	2415919104	5	3bb926ddc35a9ca8bdc7f6dfe2c84757cc27a07ceb7ed7637ddd3e5969b40e8c	ok
2	clang-tc	branch	2.213	970.51	2415919104	5	3bb926ddc35a9ca8bdc7f6dfe2c84757cc27a07ceb7ed7637ddd3e5969b40e8c	ok
2	fixed-clang-tc	branch	2.230	963.11	2415919104	5	3bb926ddc35a9ca8bdc7f6dfe2c84757cc27a07ceb7ed7637ddd3e5969b40e8c	ok
2	main-gcc-stock	branch	2.260	950.38	2415919104	5	3bb926ddc35a9ca8bdc7f6dfe2c84757cc27a07ceb7ed7637ddd3e5969b40e8c	ok
2	gcc-stock	branch	3.179	675.56	2415919104	5	3bb926ddc35a9ca8bdc7f6dfe2c84757cc27a07ceb7ed7637ddd3e5969b40e8c	ok
2	fixed-gcc-stock	branch	2.196	977.84	2415919104	5	3bb926ddc35a9ca8bdc7f6dfe2c84757cc27a07ceb7ed7637ddd3e5969b40e8c	ok
2	gcc-tc	branch	2.280	941.77	2415919104	5	3bb926ddc35a9ca8bdc7f6dfe2c84757cc27a07ceb7ed7637ddd3e5969b40e8c	ok
2	fixed-gcc-tc	branch	2.292	936.80	2415919104	5	3bb926ddc35a9ca8bdc7f6dfe2c84757cc27a07ceb7ed7637ddd3e5969b40e8c	ok
2	main-clang-stock	heapsort	2.562	838.28	2415919104	5	a01ab4e7ef8c8decb06055977002f5b5da8aeb3fa95049718b71a92d1d517adf	ok
2	clang-stock	heapsort	2.448	877.20	2415919104	5	a01ab4e7ef8c8decb06055977002f5b5da8aeb3fa95049718b71a92d1d517adf	ok
2	fixed-clang-stock	heapsort	2.439	880.37	2415919104	5	a01ab4e7ef8c8decb06055977002f5b5da8aeb3fa95049718b71a92d1d517adf	ok
2	clang-tc	heapsort	2.574	834.29	2415919104	5	a01ab4e7ef8c8decb06055977002f5b5da8aeb3fa95049718b71a92d1d517adf	ok
2	fixed-clang-tc	heapsort	2.478	866.46	2415919104	5	a01ab4e7ef8c8decb06055977002f5b5da8aeb3fa95049718b71a92d1d517adf	ok
2	main-gcc-stock	heapsort	2.473	868.31	2415919104	5	a01ab4e7ef8c8decb06055977002f5b5da8aeb3fa95049718b71a92d1d517adf	ok
2	gcc-stock	heapsort	4.647	462.13	2415919104	5	a01ab4e7ef8c8decb06055977002f5b5da8aeb3fa95049718b71a92d1d517adf	ok
2	fixed-gcc-stock	heapsort	2.480	866.05	2415919104	5	a01ab4e7ef8c8decb06055977002f5b5da8aeb3fa95049718b71a92d1d517adf	ok
2	gcc-tc	heapsort	2.520	852.20	2415919104	5	a01ab4e7ef8c8decb06055977002f5b5da8aeb3fa95049718b71a92d1d517adf	ok
2	fixed-gcc-tc	heapsort	2.555	840.59	2415919104	5	a01ab4e7ef8c8decb06055977002f5b5da8aeb3fa95049718b71a92d1d517adf	ok
2	main-clang-stock	tsearch	4.050	530.26	2415919104	5	35451ee71307997f2b1b494651a5fbd4257517350c84a0a993817a6e38fc713b	ok
2	clang-stock	tsearch	3.927	546.79	2415919104	5	35451ee71307997f2b1b494651a5fbd4257517350c84a0a993817a6e38fc713b	ok
2	fixed-clang-stock	tsearch	3.899	550.71	2415919104	5	35451ee71307997f2b1b494651a5fbd4257517350c84a0a993817a6e38fc713b	ok
2	clang-tc	tsearch	4.004	536.37	2415919104	5	35451ee71307997f2b1b494651a5fbd4257517350c84a0a993817a6e38fc713b	ok
2	fixed-clang-tc	tsearch	3.882	553.13	2415919104	5	35451ee71307997f2b1b494651a5fbd4257517350c84a0a993817a6e38fc713b	ok
2	main-gcc-stock	tsearch	3.933	545.99	2415919104	5	35451ee71307997f2b1b494651a5fbd4257517350c84a0a993817a6e38fc713b	ok
2	gcc-stock	tsearch	5.116	419.79	2415919104	5	35451ee71307997f2b1b494651a5fbd4257517350c84a0a993817a6e38fc713b	ok
2	fixed-gcc-stock	tsearch	4.673	459.60	2415919104	5	35451ee71307997f2b1b494651a5fbd4257517350c84a0a993817a6e38fc713b	ok
2	gcc-tc	tsearch	4.105	523.09	2415919104	5	35451ee71307997f2b1b494651a5fbd4257517350c84a0a993817a6e38fc713b	ok
2	fixed-gcc-tc	tsearch	5.148	417.11	2415919104	5	35451ee71307997f2b1b494651a5fbd4257517350c84a0a993817a6e38fc713b	ok
2	main-clang-stock	matrix-3d	9.711	221.13	2415919104	5	e0bb44ec0b8c878093bff8307da03316a00c102a16babcbc42ceb8ca6e4cf0fe	ok
2	clang-stock	matrix-3d	9.834	218.37	2415919104	5	e0bb44ec0b8c878093bff8307da03316a00c102a16babcbc42ceb8ca6e4cf0fe	ok
2	fixed-clang-stock	matrix-3d	9.814	218.82	2415919104	5	e0bb44ec0b8c878093bff8307da03316a00c102a16babcbc42ceb8ca6e4cf0fe	ok
2	clang-tc	matrix-3d	10.030	214.11	2415919104	5	e0bb44ec0b8c878093bff8307da03316a00c102a16babcbc42ceb8ca6e4cf0fe	ok
2	fixed-clang-tc	matrix-3d	9.701	221.37	2415919104	5	e0bb44ec0b8c878093bff8307da03316a00c102a16babcbc42ceb8ca6e4cf0fe	ok
2	main-gcc-stock	matrix-3d	9.284	231.30	2415919104	5	e0bb44ec0b8c878093bff8307da03316a00c102a16babcbc42ceb8ca6e4cf0fe	ok
2	gcc-stock	matrix-3d	10.051	213.66	2415919104	5	e0bb44ec0b8c878093bff8307da03316a00c102a16babcbc42ceb8ca6e4cf0fe	ok
2	fixed-gcc-stock	matrix-3d	14.182	151.42	2415919104	5	e0bb44ec0b8c878093bff8307da03316a00c102a16babcbc42ceb8ca6e4cf0fe	ok
2	gcc-tc	matrix-3d	9.502	226.01	2415919104	5	e0bb44ec0b8c878093bff8307da03316a00c102a16babcbc42ceb8ca6e4cf0fe	ok
2	fixed-gcc-tc	matrix-3d	16.591	129.44	2415919104	5	e0bb44ec0b8c878093bff8307da03316a00c102a16babcbc42ceb8ca6e4cf0fe	ok
2	main-clang-stock	tree	4.296	499.92	2415919104	5	aaacf4808d9da670176f52ce3fa35924ce51d90d4fb24440308902b6302f92d4	ok
2	clang-stock	tree	4.264	503.60	2415919104	5	aaacf4808d9da670176f52ce3fa35924ce51d90d4fb24440308902b6302f92d4	ok
2	fixed-clang-stock	tree	4.271	502.83	2415919104	5	aaacf4808d9da670176f52ce3fa35924ce51d90d4fb24440308902b6302f92d4	ok
2	clang-tc	tree	4.371	491.34	2415919104	5	aaacf4808d9da670176f52ce3fa35924ce51d90d4fb24440308902b6302f92d4	ok
2	fixed-clang-tc	tree	4.249	505.46	2415919104	5	aaacf4808d9da670176f52ce3fa35924ce51d90d4fb24440308902b6302f92d4	ok
2	main-gcc-stock	tree	4.264	503.68	2415919104	5	aaacf4808d9da670176f52ce3fa35924ce51d90d4fb24440308902b6302f92d4	ok
2	gcc-stock	tree	5.577	385.06	2415919104	5	aaacf4808d9da670176f52ce3fa35924ce51d90d4fb24440308902b6302f92d4	ok
2	fixed-gcc-stock	tree	5.045	425.66	2415919104	5	aaacf4808d9da670176f52ce3fa35924ce51d90d4fb24440308902b6302f92d4	ok
2	gcc-tc	tree	4.270	502.98	2415919104	5	aaacf4808d9da670176f52ce3fa35924ce51d90d4fb24440308902b6302f92d4	ok
2	fixed-gcc-tc	tree	5.511	389.69	2415919104	5	aaacf4808d9da670176f52ce3fa35924ce51d90d4fb24440308902b6302f92d4	ok
2	main-clang-stock	malloc	7.222	297.34	2415919104	5	bc106f77f0341f5e4be9c92901b33c15b5007cb13195b0f0c68d678b1ed2a2cf	ok
2	clang-stock	malloc	7.113	301.90	2415919104	5	bc106f77f0341f5e4be9c92901b33c15b5007cb13195b0f0c68d678b1ed2a2cf	ok
2	fixed-clang-stock	malloc	7.161	299.90	2415919104	5	bc106f77f0341f5e4be9c92901b33c15b5007cb13195b0f0c68d678b1ed2a2cf	ok
2	clang-tc	malloc	7.510	285.96	2415919104	5	bc106f77f0341f5e4be9c92901b33c15b5007cb13195b0f0c68d678b1ed2a2cf	ok
2	fixed-clang-tc	malloc	7.365	291.60	2415919104	5	bc106f77f0341f5e4be9c92901b33c15b5007cb13195b0f0c68d678b1ed2a2cf	ok
2	main-gcc-stock	malloc	7.100	302.47	2415919104	5	bc106f77f0341f5e4be9c92901b33c15b5007cb13195b0f0c68d678b1ed2a2cf	ok
2	gcc-stock	malloc	8.478	253.31	2415919104	5	bc106f77f0341f5e4be9c92901b33c15b5007cb13195b0f0c68d678b1ed2a2cf	ok
2	fixed-gcc-stock	malloc	8.551	251.15	2415919104	5	bc106f77f0341f5e4be9c92901b33c15b5007cb13195b0f0c68d678b1ed2a2cf	ok
2	gcc-tc	malloc	7.244	296.43	2415919104	5	bc106f77f0341f5e4be9c92901b33c15b5007cb13195b0f0c68d678b1ed2a2cf	ok
2	fixed-gcc-tc	malloc	9.316	230.53	2415919104	5	bc106f77f0341f5e4be9c92901b33c15b5007cb13195b0f0c68d678b1ed2a2cf	ok
2	main-clang-stock	randlist	4.172	514.75	2415919104	5	ff2547c8dfc9c90e5eb6f65e14b3feda61f3dd85b0d465e351788800a850fd4a	ok
2	clang-stock	randlist	4.182	513.50	2415919104	5	ff2547c8dfc9c90e5eb6f65e14b3feda61f3dd85b0d465e351788800a850fd4a	ok
2	fixed-clang-stock	randlist	4.202	511.06	2415919104	5	ff2547c8dfc9c90e5eb6f65e14b3feda61f3dd85b0d465e351788800a850fd4a	ok
2	clang-tc	randlist	3.931	546.29	2415919104	5	ff2547c8dfc9c90e5eb6f65e14b3feda61f3dd85b0d465e351788800a850fd4a	ok
2	fixed-clang-tc	randlist	3.775	568.85	2415919104	5	ff2547c8dfc9c90e5eb6f65e14b3feda61f3dd85b0d465e351788800a850fd4a	ok
2	main-gcc-stock	randlist	3.707	579.25	2415919104	5	ff2547c8dfc9c90e5eb6f65e14b3feda61f3dd85b0d465e351788800a850fd4a	ok
2	gcc-stock	randlist	6.075	353.51	2415919104	5	ff2547c8dfc9c90e5eb6f65e14b3feda61f3dd85b0d465e351788800a850fd4a	ok
2	fixed-gcc-stock	randlist	4.530	474.02	2415919104	5	ff2547c8dfc9c90e5eb6f65e14b3feda61f3dd85b0d465e351788800a850fd4a	ok
2	gcc-tc	randlist	3.816	562.82	2415919104	5	ff2547c8dfc9c90e5eb6f65e14b3feda61f3dd85b0d465e351788800a850fd4a	ok
2	fixed-gcc-tc	randlist	4.891	439.10	2415919104	5	ff2547c8dfc9c90e5eb6f65e14b3feda61f3dd85b0d465e351788800a850fd4a	ok
3	main-clang-stock	qsort	2.712	791.77	2415919104	5	daad9b63b2013449fba5d90591787dff8817c65d0d9bc57a0d814d2ef4c712ab	ok
3	clang-stock	qsort	2.665	805.75	2415919104	5	daad9b63b2013449fba5d90591787dff8817c65d0d9bc57a0d814d2ef4c712ab	ok
3	fixed-clang-stock	qsort	2.661	807.04	2415919104	5	daad9b63b2013449fba5d90591787dff8817c65d0d9bc57a0d814d2ef4c712ab	ok
3	clang-tc	qsort	2.728	787.10	2415919104	5	daad9b63b2013449fba5d90591787dff8817c65d0d9bc57a0d814d2ef4c712ab	ok
3	fixed-clang-tc	qsort	2.593	828.09	2415919104	5	daad9b63b2013449fba5d90591787dff8817c65d0d9bc57a0d814d2ef4c712ab	ok
3	main-gcc-stock	qsort	2.680	801.37	2415919104	5	daad9b63b2013449fba5d90591787dff8817c65d0d9bc57a0d814d2ef4c712ab	ok
3	gcc-stock	qsort	3.963	541.92	2415919104	5	daad9b63b2013449fba5d90591787dff8817c65d0d9bc57a0d814d2ef4c712ab	ok
3	fixed-gcc-stock	qsort	2.678	801.83	2415919104	5	daad9b63b2013449fba5d90591787dff8817c65d0d9bc57a0d814d2ef4c712ab	ok
3	gcc-tc	qsort	2.639	813.70	2415919104	5	daad9b63b2013449fba5d90591787dff8817c65d0d9bc57a0d814d2ef4c712ab	ok
3	fixed-gcc-tc	qsort	2.777	773.38	2415919104	5	daad9b63b2013449fba5d90591787dff8817c65d0d9bc57a0d814d2ef4c712ab	ok
3	main-clang-stock	zlib	2.775	773.74	2415919104	5	be1e876889828625d023972c3bfc8e07f4fece5144eca0fec4b8468571920b5a	ok
3	clang-stock	zlib	2.686	799.45	2415919104	5	be1e876889828625d023972c3bfc8e07f4fece5144eca0fec4b8468571920b5a	ok
3	fixed-clang-stock	zlib	2.733	785.72	2415919104	5	be1e876889828625d023972c3bfc8e07f4fece5144eca0fec4b8468571920b5a	ok
3	clang-tc	zlib	2.847	754.31	2415919104	5	be1e876889828625d023972c3bfc8e07f4fece5144eca0fec4b8468571920b5a	ok
3	fixed-clang-tc	zlib	2.635	814.90	2415919104	5	be1e876889828625d023972c3bfc8e07f4fece5144eca0fec4b8468571920b5a	ok
3	main-gcc-stock	zlib	2.665	805.76	2415919104	5	be1e876889828625d023972c3bfc8e07f4fece5144eca0fec4b8468571920b5a	ok
3	gcc-stock	zlib	3.536	607.40	2415919104	5	be1e876889828625d023972c3bfc8e07f4fece5144eca0fec4b8468571920b5a	ok
3	fixed-gcc-stock	zlib	2.583	831.39	2415919104	5	be1e876889828625d023972c3bfc8e07f4fece5144eca0fec4b8468571920b5a	ok
3	gcc-tc	zlib	2.609	823.15	2415919104	5	be1e876889828625d023972c3bfc8e07f4fece5144eca0fec4b8468571920b5a	ok
3	fixed-gcc-tc	zlib	2.660	807.30	2415919104	5	be1e876889828625d023972c3bfc8e07f4fece5144eca0fec4b8468571920b5a	ok
3	main-clang-stock	hash	2.677	802.08	2415919104	5	7faadb95a5025daebfcb19715b698c3263c38de7907e186ca1daab75930291a9	ok
3	clang-stock	hash	2.476	867.38	2415919104	5	7faadb95a5025daebfcb19715b698c3263c38de7907e186ca1daab75930291a9	ok
3	fixed-clang-stock	hash	2.485	864.34	2415919104	5	7faadb95a5025daebfcb19715b698c3263c38de7907e186ca1daab75930291a9	ok
3	clang-tc	hash	2.499	859.39	2415919104	5	7faadb95a5025daebfcb19715b698c3263c38de7907e186ca1daab75930291a9	ok
3	fixed-clang-tc	hash	2.363	908.90	2415919104	5	7faadb95a5025daebfcb19715b698c3263c38de7907e186ca1daab75930291a9	ok
3	main-gcc-stock	hash	2.344	916.20	2415919104	5	7faadb95a5025daebfcb19715b698c3263c38de7907e186ca1daab75930291a9	ok
3	gcc-stock	hash	3.367	637.74	2415919104	5	7faadb95a5025daebfcb19715b698c3263c38de7907e186ca1daab75930291a9	ok
3	fixed-gcc-stock	hash	2.302	933.03	2415919104	5	7faadb95a5025daebfcb19715b698c3263c38de7907e186ca1daab75930291a9	ok
3	gcc-tc	hash	2.354	912.40	2415919104	5	7faadb95a5025daebfcb19715b698c3263c38de7907e186ca1daab75930291a9	ok
3	fixed-gcc-tc	hash	2.422	886.63	2415919104	5	7faadb95a5025daebfcb19715b698c3263c38de7907e186ca1daab75930291a9	ok
3	main-clang-stock	syscall	6.104	351.84	2415919104	5	42cec926ae99b5b2c0da4cf14907627c80ca32cc217e17c9c968a87a3f8695f2	ok
3	clang-stock	syscall	5.999	357.98	2415919104	5	42cec926ae99b5b2c0da4cf14907627c80ca32cc217e17c9c968a87a3f8695f2	ok
3	fixed-clang-stock	syscall	6.017	356.92	2415919104	5	42cec926ae99b5b2c0da4cf14907627c80ca32cc217e17c9c968a87a3f8695f2	ok
3	clang-tc	syscall	5.951	360.89	2415919104	5	42cec926ae99b5b2c0da4cf14907627c80ca32cc217e17c9c968a87a3f8695f2	ok
3	fixed-clang-tc	syscall	6.004	357.66	2415919104	5	42cec926ae99b5b2c0da4cf14907627c80ca32cc217e17c9c968a87a3f8695f2	ok
3	main-gcc-stock	syscall	6.095	352.36	2415919104	5	42cec926ae99b5b2c0da4cf14907627c80ca32cc217e17c9c968a87a3f8695f2	ok
3	gcc-stock	syscall	7.466	287.63	2415919104	5	42cec926ae99b5b2c0da4cf14907627c80ca32cc217e17c9c968a87a3f8695f2	ok
3	fixed-gcc-stock	syscall	6.271	342.45	2415919104	5	42cec926ae99b5b2c0da4cf14907627c80ca32cc217e17c9c968a87a3f8695f2	ok
3	gcc-tc	syscall	5.853	366.88	2415919104	5	42cec926ae99b5b2c0da4cf14907627c80ca32cc217e17c9c968a87a3f8695f2	ok
3	fixed-gcc-tc	syscall	6.604	325.17	2415919104	5	42cec926ae99b5b2c0da4cf14907627c80ca32cc217e17c9c968a87a3f8695f2	ok
3	main-clang-stock	fp	2.807	765.18	2415919104	5	906dd97cb18890335374e13f06f11d3462076edd39a916310cd65dd5aafb45b7	ok
3	clang-stock	fp	2.642	812.91	2415919104	5	906dd97cb18890335374e13f06f11d3462076edd39a916310cd65dd5aafb45b7	ok
3	fixed-clang-stock	fp	2.634	815.33	2415919104	5	906dd97cb18890335374e13f06f11d3462076edd39a916310cd65dd5aafb45b7	ok
3	clang-tc	fp	2.580	832.34	2415919104	5	906dd97cb18890335374e13f06f11d3462076edd39a916310cd65dd5aafb45b7	ok
3	fixed-clang-tc	fp	2.389	898.74	2415919104	5	906dd97cb18890335374e13f06f11d3462076edd39a916310cd65dd5aafb45b7	ok
3	main-gcc-stock	fp	2.439	880.44	2415919104	5	906dd97cb18890335374e13f06f11d3462076edd39a916310cd65dd5aafb45b7	ok
3	gcc-stock	fp	3.504	612.84	2415919104	5	906dd97cb18890335374e13f06f11d3462076edd39a916310cd65dd5aafb45b7	ok
3	fixed-gcc-stock	fp	2.398	895.43	2415919104	5	906dd97cb18890335374e13f06f11d3462076edd39a916310cd65dd5aafb45b7	ok
3	gcc-tc	fp	2.441	879.75	2415919104	5	906dd97cb18890335374e13f06f11d3462076edd39a916310cd65dd5aafb45b7	ok
3	fixed-gcc-tc	fp	2.518	852.93	2415919104	5	906dd97cb18890335374e13f06f11d3462076edd39a916310cd65dd5aafb45b7	ok
3	main-clang-stock	nop	1.324	1622.37	2415919104	5	da57556b7bc3bfb3034f0e46a44731597514065f16bb82552863d1f9e3d8922b	ok
3	clang-stock	nop	1.330	1615.06	2415919104	5	da57556b7bc3bfb3034f0e46a44731597514065f16bb82552863d1f9e3d8922b	ok
3	fixed-clang-stock	nop	1.331	1613.53	2415919104	5	da57556b7bc3bfb3034f0e46a44731597514065f16bb82552863d1f9e3d8922b	ok
3	clang-tc	nop	1.222	1757.80	2415919104	5	da57556b7bc3bfb3034f0e46a44731597514065f16bb82552863d1f9e3d8922b	ok
3	fixed-clang-tc	nop	1.214	1768.46	2415919104	5	da57556b7bc3bfb3034f0e46a44731597514065f16bb82552863d1f9e3d8922b	ok
3	main-gcc-stock	nop	1.279	1679.55	2415919104	5	da57556b7bc3bfb3034f0e46a44731597514065f16bb82552863d1f9e3d8922b	ok
3	gcc-stock	nop	1.631	1316.91	2415919104	5	da57556b7bc3bfb3034f0e46a44731597514065f16bb82552863d1f9e3d8922b	ok
3	fixed-gcc-stock	nop	1.259	1705.81	2415919104	5	da57556b7bc3bfb3034f0e46a44731597514065f16bb82552863d1f9e3d8922b	ok
3	gcc-tc	nop	1.300	1651.76	2415919104	5	da57556b7bc3bfb3034f0e46a44731597514065f16bb82552863d1f9e3d8922b	ok
3	fixed-gcc-tc	nop	1.328	1617.38	2415919104	5	da57556b7bc3bfb3034f0e46a44731597514065f16bb82552863d1f9e3d8922b	ok
3	main-clang-stock	regs	1.820	1179.91	2415919104	5	8046902ef45b574fa0d049b88f703123dc1dc6906940453019f5439d19dea791	ok
3	clang-stock	regs	1.725	1245.01	2415919104	5	8046902ef45b574fa0d049b88f703123dc1dc6906940453019f5439d19dea791	ok
3	fixed-clang-stock	regs	1.723	1246.13	2415919104	5	8046902ef45b574fa0d049b88f703123dc1dc6906940453019f5439d19dea791	ok
3	clang-tc	regs	1.593	1348.10	2415919104	5	8046902ef45b574fa0d049b88f703123dc1dc6906940453019f5439d19dea791	ok
3	fixed-clang-tc	regs	1.548	1387.49	2415919104	5	8046902ef45b574fa0d049b88f703123dc1dc6906940453019f5439d19dea791	ok
3	main-gcc-stock	regs	1.758	1221.25	2415919104	5	8046902ef45b574fa0d049b88f703123dc1dc6906940453019f5439d19dea791	ok
3	gcc-stock	regs	2.955	726.69	2415919104	5	8046902ef45b574fa0d049b88f703123dc1dc6906940453019f5439d19dea791	ok
3	fixed-gcc-stock	regs	1.667	1287.92	2415919104	5	8046902ef45b574fa0d049b88f703123dc1dc6906940453019f5439d19dea791	ok
3	gcc-tc	regs	1.785	1203.39	2415919104	5	8046902ef45b574fa0d049b88f703123dc1dc6906940453019f5439d19dea791	ok
3	fixed-gcc-tc	regs	1.802	1191.53	2415919104	5	8046902ef45b574fa0d049b88f703123dc1dc6906940453019f5439d19dea791	ok
3	main-clang-stock	cpu	3.754	572.02	2415919104	5	eb324f1c6c0ea8e673c7ec829a4f55d0c80fd4c2ac098b6823a35cde5682c4a5	ok
3	clang-stock	cpu	3.593	597.73	2415919104	5	eb324f1c6c0ea8e673c7ec829a4f55d0c80fd4c2ac098b6823a35cde5682c4a5	ok
3	fixed-clang-stock	cpu	3.578	600.19	2415919104	5	eb324f1c6c0ea8e673c7ec829a4f55d0c80fd4c2ac098b6823a35cde5682c4a5	ok
3	clang-tc	cpu	3.534	607.63	2415919104	5	eb324f1c6c0ea8e673c7ec829a4f55d0c80fd4c2ac098b6823a35cde5682c4a5	ok
3	fixed-clang-tc	cpu	3.430	626.17	2415919104	5	eb324f1c6c0ea8e673c7ec829a4f55d0c80fd4c2ac098b6823a35cde5682c4a5	ok
3	main-gcc-stock	cpu	3.520	610.10	2415919104	5	eb324f1c6c0ea8e673c7ec829a4f55d0c80fd4c2ac098b6823a35cde5682c4a5	ok
3	gcc-stock	cpu	4.594	467.43	2415919104	5	eb324f1c6c0ea8e673c7ec829a4f55d0c80fd4c2ac098b6823a35cde5682c4a5	ok
3	fixed-gcc-stock	cpu	3.398	631.94	2415919104	5	eb324f1c6c0ea8e673c7ec829a4f55d0c80fd4c2ac098b6823a35cde5682c4a5	ok
3	gcc-tc	cpu	3.509	612.02	2415919104	5	eb324f1c6c0ea8e673c7ec829a4f55d0c80fd4c2ac098b6823a35cde5682c4a5	ok
3	fixed-gcc-tc	cpu	3.603	595.97	2415919104	5	eb324f1c6c0ea8e673c7ec829a4f55d0c80fd4c2ac098b6823a35cde5682c4a5	ok
3	main-clang-stock	crypt	3.169	677.65	2415919104	5	075ad5f3bef8aaa9bd8daae921884aff4a4c30187ed0bdb9fd30959f75e2709b	ok
3	clang-stock	crypt	2.850	753.48	2415919104	5	075ad5f3bef8aaa9bd8daae921884aff4a4c30187ed0bdb9fd30959f75e2709b	ok
3	fixed-clang-stock	crypt	2.871	747.87	2415919104	5	075ad5f3bef8aaa9bd8daae921884aff4a4c30187ed0bdb9fd30959f75e2709b	ok
3	clang-tc	crypt	2.906	739.05	2415919104	5	075ad5f3bef8aaa9bd8daae921884aff4a4c30187ed0bdb9fd30959f75e2709b	ok
3	fixed-clang-tc	crypt	2.831	758.60	2415919104	5	075ad5f3bef8aaa9bd8daae921884aff4a4c30187ed0bdb9fd30959f75e2709b	ok
3	main-gcc-stock	crypt	2.958	726.11	2415919104	5	075ad5f3bef8aaa9bd8daae921884aff4a4c30187ed0bdb9fd30959f75e2709b	ok
3	gcc-stock	crypt	3.820	562.22	2415919104	5	075ad5f3bef8aaa9bd8daae921884aff4a4c30187ed0bdb9fd30959f75e2709b	ok
3	fixed-gcc-stock	crypt	2.913	737.10	2415919104	5	075ad5f3bef8aaa9bd8daae921884aff4a4c30187ed0bdb9fd30959f75e2709b	ok
3	gcc-tc	crypt	3.218	667.43	2415919104	5	075ad5f3bef8aaa9bd8daae921884aff4a4c30187ed0bdb9fd30959f75e2709b	ok
3	fixed-gcc-tc	crypt	3.315	647.76	2415919104	5	075ad5f3bef8aaa9bd8daae921884aff4a4c30187ed0bdb9fd30959f75e2709b	ok
3	main-clang-stock	memcpy	2.229	963.33	2415919104	5	958a3598adc13ecab81628febb41a80775a56c2227b74cbf0a455c0d064f6dd2	ok
3	clang-stock	memcpy	2.193	979.29	2415919104	5	958a3598adc13ecab81628febb41a80775a56c2227b74cbf0a455c0d064f6dd2	ok
3	fixed-clang-stock	memcpy	2.194	978.95	2415919104	5	958a3598adc13ecab81628febb41a80775a56c2227b74cbf0a455c0d064f6dd2	ok
3	clang-tc	memcpy	2.400	894.82	2415919104	5	958a3598adc13ecab81628febb41a80775a56c2227b74cbf0a455c0d064f6dd2	ok
3	fixed-clang-tc	memcpy	2.157	995.81	2415919104	5	958a3598adc13ecab81628febb41a80775a56c2227b74cbf0a455c0d064f6dd2	ok
3	main-gcc-stock	memcpy	2.229	963.47	2415919104	5	958a3598adc13ecab81628febb41a80775a56c2227b74cbf0a455c0d064f6dd2	ok
3	gcc-stock	memcpy	3.080	697.22	2415919104	5	958a3598adc13ecab81628febb41a80775a56c2227b74cbf0a455c0d064f6dd2	ok
3	fixed-gcc-stock	memcpy	2.126	1010.18	2415919104	5	958a3598adc13ecab81628febb41a80775a56c2227b74cbf0a455c0d064f6dd2	ok
3	gcc-tc	memcpy	2.224	965.67	2415919104	5	958a3598adc13ecab81628febb41a80775a56c2227b74cbf0a455c0d064f6dd2	ok
3	fixed-gcc-tc	memcpy	2.285	939.89	2415919104	5	958a3598adc13ecab81628febb41a80775a56c2227b74cbf0a455c0d064f6dd2	ok
3	main-clang-stock	branch	2.576	833.68	2415919104	5	3bb926ddc35a9ca8bdc7f6dfe2c84757cc27a07ceb7ed7637ddd3e5969b40e8c	ok
3	clang-stock	branch	2.238	959.74	2415919104	5	3bb926ddc35a9ca8bdc7f6dfe2c84757cc27a07ceb7ed7637ddd3e5969b40e8c	ok
3	fixed-clang-stock	branch	2.232	962.19	2415919104	5	3bb926ddc35a9ca8bdc7f6dfe2c84757cc27a07ceb7ed7637ddd3e5969b40e8c	ok
3	clang-tc	branch	2.202	975.31	2415919104	5	3bb926ddc35a9ca8bdc7f6dfe2c84757cc27a07ceb7ed7637ddd3e5969b40e8c	ok
3	fixed-clang-tc	branch	2.213	970.38	2415919104	5	3bb926ddc35a9ca8bdc7f6dfe2c84757cc27a07ceb7ed7637ddd3e5969b40e8c	ok
3	main-gcc-stock	branch	2.279	942.47	2415919104	5	3bb926ddc35a9ca8bdc7f6dfe2c84757cc27a07ceb7ed7637ddd3e5969b40e8c	ok
3	gcc-stock	branch	3.157	680.28	2415919104	5	3bb926ddc35a9ca8bdc7f6dfe2c84757cc27a07ceb7ed7637ddd3e5969b40e8c	ok
3	fixed-gcc-stock	branch	2.200	976.09	2415919104	5	3bb926ddc35a9ca8bdc7f6dfe2c84757cc27a07ceb7ed7637ddd3e5969b40e8c	ok
3	gcc-tc	branch	2.240	958.88	2415919104	5	3bb926ddc35a9ca8bdc7f6dfe2c84757cc27a07ceb7ed7637ddd3e5969b40e8c	ok
3	fixed-gcc-tc	branch	2.299	934.29	2415919104	5	3bb926ddc35a9ca8bdc7f6dfe2c84757cc27a07ceb7ed7637ddd3e5969b40e8c	ok
3	main-clang-stock	heapsort	2.563	838.03	2415919104	5	a01ab4e7ef8c8decb06055977002f5b5da8aeb3fa95049718b71a92d1d517adf	ok
3	clang-stock	heapsort	2.438	880.98	2415919104	5	a01ab4e7ef8c8decb06055977002f5b5da8aeb3fa95049718b71a92d1d517adf	ok
3	fixed-clang-stock	heapsort	2.439	880.60	2415919104	5	a01ab4e7ef8c8decb06055977002f5b5da8aeb3fa95049718b71a92d1d517adf	ok
3	clang-tc	heapsort	2.623	818.65	2415919104	5	a01ab4e7ef8c8decb06055977002f5b5da8aeb3fa95049718b71a92d1d517adf	ok
3	fixed-clang-tc	heapsort	2.478	866.54	2415919104	5	a01ab4e7ef8c8decb06055977002f5b5da8aeb3fa95049718b71a92d1d517adf	ok
3	main-gcc-stock	heapsort	2.470	869.30	2415919104	5	a01ab4e7ef8c8decb06055977002f5b5da8aeb3fa95049718b71a92d1d517adf	ok
3	gcc-stock	heapsort	4.630	463.84	2415919104	5	a01ab4e7ef8c8decb06055977002f5b5da8aeb3fa95049718b71a92d1d517adf	ok
3	fixed-gcc-stock	heapsort	2.474	867.92	2415919104	5	a01ab4e7ef8c8decb06055977002f5b5da8aeb3fa95049718b71a92d1d517adf	ok
3	gcc-tc	heapsort	2.478	866.56	2415919104	5	a01ab4e7ef8c8decb06055977002f5b5da8aeb3fa95049718b71a92d1d517adf	ok
3	fixed-gcc-tc	heapsort	2.568	836.22	2415919104	5	a01ab4e7ef8c8decb06055977002f5b5da8aeb3fa95049718b71a92d1d517adf	ok
3	main-clang-stock	tsearch	4.004	536.39	2415919104	5	35451ee71307997f2b1b494651a5fbd4257517350c84a0a993817a6e38fc713b	ok
3	clang-stock	tsearch	3.948	543.90	2415919104	5	35451ee71307997f2b1b494651a5fbd4257517350c84a0a993817a6e38fc713b	ok
3	fixed-clang-stock	tsearch	3.904	550.03	2415919104	5	35451ee71307997f2b1b494651a5fbd4257517350c84a0a993817a6e38fc713b	ok
3	clang-tc	tsearch	4.011	535.43	2415919104	5	35451ee71307997f2b1b494651a5fbd4257517350c84a0a993817a6e38fc713b	ok
3	fixed-clang-tc	tsearch	3.882	553.25	2415919104	5	35451ee71307997f2b1b494651a5fbd4257517350c84a0a993817a6e38fc713b	ok
3	main-gcc-stock	tsearch	3.917	548.31	2415919104	5	35451ee71307997f2b1b494651a5fbd4257517350c84a0a993817a6e38fc713b	ok
3	gcc-stock	tsearch	5.108	420.43	2415919104	5	35451ee71307997f2b1b494651a5fbd4257517350c84a0a993817a6e38fc713b	ok
3	fixed-gcc-stock	tsearch	4.671	459.71	2415919104	5	35451ee71307997f2b1b494651a5fbd4257517350c84a0a993817a6e38fc713b	ok
3	gcc-tc	tsearch	3.989	538.35	2415919104	5	35451ee71307997f2b1b494651a5fbd4257517350c84a0a993817a6e38fc713b	ok
3	fixed-gcc-tc	tsearch	5.189	413.88	2415919104	5	35451ee71307997f2b1b494651a5fbd4257517350c84a0a993817a6e38fc713b	ok
3	main-clang-stock	matrix-3d	9.675	221.96	2415919104	5	e0bb44ec0b8c878093bff8307da03316a00c102a16babcbc42ceb8ca6e4cf0fe	ok
3	clang-stock	matrix-3d	9.772	219.77	2415919104	5	e0bb44ec0b8c878093bff8307da03316a00c102a16babcbc42ceb8ca6e4cf0fe	ok
3	fixed-clang-stock	matrix-3d	9.762	219.97	2415919104	5	e0bb44ec0b8c878093bff8307da03316a00c102a16babcbc42ceb8ca6e4cf0fe	ok
3	clang-tc	matrix-3d	10.024	214.24	2415919104	5	e0bb44ec0b8c878093bff8307da03316a00c102a16babcbc42ceb8ca6e4cf0fe	ok
3	fixed-clang-tc	matrix-3d	9.644	222.67	2415919104	5	e0bb44ec0b8c878093bff8307da03316a00c102a16babcbc42ceb8ca6e4cf0fe	ok
3	main-gcc-stock	matrix-3d	9.308	230.72	2415919104	5	e0bb44ec0b8c878093bff8307da03316a00c102a16babcbc42ceb8ca6e4cf0fe	ok
3	gcc-stock	matrix-3d	10.043	213.83	2415919104	5	e0bb44ec0b8c878093bff8307da03316a00c102a16babcbc42ceb8ca6e4cf0fe	ok
3	fixed-gcc-stock	matrix-3d	14.203	151.20	2415919104	5	e0bb44ec0b8c878093bff8307da03316a00c102a16babcbc42ceb8ca6e4cf0fe	ok
3	gcc-tc	matrix-3d	9.491	226.26	2415919104	5	e0bb44ec0b8c878093bff8307da03316a00c102a16babcbc42ceb8ca6e4cf0fe	ok
3	fixed-gcc-tc	matrix-3d	16.474	130.36	2415919104	5	e0bb44ec0b8c878093bff8307da03316a00c102a16babcbc42ceb8ca6e4cf0fe	ok
3	main-clang-stock	tree	4.288	500.79	2415919104	5	aaacf4808d9da670176f52ce3fa35924ce51d90d4fb24440308902b6302f92d4	ok
3	clang-stock	tree	4.260	504.10	2415919104	5	aaacf4808d9da670176f52ce3fa35924ce51d90d4fb24440308902b6302f92d4	ok
3	fixed-clang-stock	tree	4.297	499.80	2415919104	5	aaacf4808d9da670176f52ce3fa35924ce51d90d4fb24440308902b6302f92d4	ok
3	clang-tc	tree	4.364	492.05	2415919104	5	aaacf4808d9da670176f52ce3fa35924ce51d90d4fb24440308902b6302f92d4	ok
3	fixed-clang-tc	tree	4.266	503.43	2415919104	5	aaacf4808d9da670176f52ce3fa35924ce51d90d4fb24440308902b6302f92d4	ok
3	main-gcc-stock	tree	4.251	505.20	2415919104	5	aaacf4808d9da670176f52ce3fa35924ce51d90d4fb24440308902b6302f92d4	ok
3	gcc-stock	tree	5.565	385.90	2415919104	5	aaacf4808d9da670176f52ce3fa35924ce51d90d4fb24440308902b6302f92d4	ok
3	fixed-gcc-stock	tree	5.043	425.83	2415919104	5	aaacf4808d9da670176f52ce3fa35924ce51d90d4fb24440308902b6302f92d4	ok
3	gcc-tc	tree	4.257	504.49	2415919104	5	aaacf4808d9da670176f52ce3fa35924ce51d90d4fb24440308902b6302f92d4	ok
3	fixed-gcc-tc	tree	5.520	389.05	2415919104	5	aaacf4808d9da670176f52ce3fa35924ce51d90d4fb24440308902b6302f92d4	ok
3	main-clang-stock	malloc	7.080	303.33	2415919104	5	bc106f77f0341f5e4be9c92901b33c15b5007cb13195b0f0c68d678b1ed2a2cf	ok
3	clang-stock	malloc	7.031	305.43	2415919104	5	bc106f77f0341f5e4be9c92901b33c15b5007cb13195b0f0c68d678b1ed2a2cf	ok
3	fixed-clang-stock	malloc	7.017	306.02	2415919104	5	bc106f77f0341f5e4be9c92901b33c15b5007cb13195b0f0c68d678b1ed2a2cf	ok
3	clang-tc	malloc	7.289	294.61	2415919104	5	bc106f77f0341f5e4be9c92901b33c15b5007cb13195b0f0c68d678b1ed2a2cf	ok
3	fixed-clang-tc	malloc	7.304	294.01	2415919104	5	bc106f77f0341f5e4be9c92901b33c15b5007cb13195b0f0c68d678b1ed2a2cf	ok
3	main-gcc-stock	malloc	7.107	302.15	2415919104	5	bc106f77f0341f5e4be9c92901b33c15b5007cb13195b0f0c68d678b1ed2a2cf	ok
3	gcc-stock	malloc	8.289	259.09	2415919104	5	bc106f77f0341f5e4be9c92901b33c15b5007cb13195b0f0c68d678b1ed2a2cf	ok
3	fixed-gcc-stock	malloc	8.353	257.09	2415919104	5	bc106f77f0341f5e4be9c92901b33c15b5007cb13195b0f0c68d678b1ed2a2cf	ok
3	gcc-tc	malloc	7.071	303.72	2415919104	5	bc106f77f0341f5e4be9c92901b33c15b5007cb13195b0f0c68d678b1ed2a2cf	ok
3	fixed-gcc-tc	malloc	9.255	232.02	2415919104	5	bc106f77f0341f5e4be9c92901b33c15b5007cb13195b0f0c68d678b1ed2a2cf	ok
3	main-clang-stock	randlist	4.195	511.93	2415919104	5	ff2547c8dfc9c90e5eb6f65e14b3feda61f3dd85b0d465e351788800a850fd4a	ok
3	clang-stock	randlist	4.196	511.76	2415919104	5	ff2547c8dfc9c90e5eb6f65e14b3feda61f3dd85b0d465e351788800a850fd4a	ok
3	fixed-clang-stock	randlist	4.197	511.71	2415919104	5	ff2547c8dfc9c90e5eb6f65e14b3feda61f3dd85b0d465e351788800a850fd4a	ok
3	clang-tc	randlist	3.938	545.38	2415919104	5	ff2547c8dfc9c90e5eb6f65e14b3feda61f3dd85b0d465e351788800a850fd4a	ok
3	fixed-clang-tc	randlist	3.782	567.85	2415919104	5	ff2547c8dfc9c90e5eb6f65e14b3feda61f3dd85b0d465e351788800a850fd4a	ok
3	main-gcc-stock	randlist	3.732	575.50	2415919104	5	ff2547c8dfc9c90e5eb6f65e14b3feda61f3dd85b0d465e351788800a850fd4a	ok
3	gcc-stock	randlist	6.081	353.15	2415919104	5	ff2547c8dfc9c90e5eb6f65e14b3feda61f3dd85b0d465e351788800a850fd4a	ok
3	fixed-gcc-stock	randlist	4.527	474.38	2415919104	5	ff2547c8dfc9c90e5eb6f65e14b3feda61f3dd85b0d465e351788800a850fd4a	ok
3	gcc-tc	randlist	3.803	564.64	2415919104	5	ff2547c8dfc9c90e5eb6f65e14b3feda61f3dd85b0d465e351788800a850fd4a	ok
3	fixed-gcc-tc	randlist	4.884	439.74	2415919104	5	ff2547c8dfc9c90e5eb6f65e14b3feda61f3dd85b0d465e351788800a850fd4a	ok
1	main-gcc-stock	qsort	2.663	806.41	2415919104	5	daad9b63b2013449fba5d90591787dff8817c65d0d9bc57a0d814d2ef4c712ab	ok
1	gcc-stock	qsort	3.981	539.45	2415919104	5	daad9b63b2013449fba5d90591787dff8817c65d0d9bc57a0d814d2ef4c712ab	ok
1	fixed-gcc-stock	qsort	2.677	802.21	2415919104	5	daad9b63b2013449fba5d90591787dff8817c65d0d9bc57a0d814d2ef4c712ab	ok
1	gcc-tc	qsort	2.638	814.12	2415919104	5	daad9b63b2013449fba5d90591787dff8817c65d0d9bc57a0d814d2ef4c712ab	ok
1	fixed-gcc-tc	qsort	2.687	799.22	2415919104	5	daad9b63b2013449fba5d90591787dff8817c65d0d9bc57a0d814d2ef4c712ab	ok
1	main-gcc-stock	zlib	2.690	798.31	2415919104	5	be1e876889828625d023972c3bfc8e07f4fece5144eca0fec4b8468571920b5a	ok
1	gcc-stock	zlib	3.529	608.53	2415919104	5	be1e876889828625d023972c3bfc8e07f4fece5144eca0fec4b8468571920b5a	ok
1	fixed-gcc-stock	zlib	2.714	791.39	2415919104	5	be1e876889828625d023972c3bfc8e07f4fece5144eca0fec4b8468571920b5a	ok
1	gcc-tc	zlib	2.632	816.01	2415919104	5	be1e876889828625d023972c3bfc8e07f4fece5144eca0fec4b8468571920b5a	ok
1	fixed-gcc-tc	zlib	2.651	809.99	2415919104	5	be1e876889828625d023972c3bfc8e07f4fece5144eca0fec4b8468571920b5a	ok
1	main-gcc-stock	hash	2.343	916.62	2415919104	5	7faadb95a5025daebfcb19715b698c3263c38de7907e186ca1daab75930291a9	ok
1	gcc-stock	hash	3.369	637.48	2415919104	5	7faadb95a5025daebfcb19715b698c3263c38de7907e186ca1daab75930291a9	ok
1	fixed-gcc-stock	hash	2.506	856.92	2415919104	5	7faadb95a5025daebfcb19715b698c3263c38de7907e186ca1daab75930291a9	ok
1	gcc-tc	hash	2.350	913.91	2415919104	5	7faadb95a5025daebfcb19715b698c3263c38de7907e186ca1daab75930291a9	ok
1	fixed-gcc-tc	hash	2.351	913.29	2415919104	5	7faadb95a5025daebfcb19715b698c3263c38de7907e186ca1daab75930291a9	ok
1	main-gcc-stock	syscall	6.086	352.86	2415919104	5	42cec926ae99b5b2c0da4cf14907627c80ca32cc217e17c9c968a87a3f8695f2	ok
1	gcc-stock	syscall	7.482	287.04	2415919104	5	42cec926ae99b5b2c0da4cf14907627c80ca32cc217e17c9c968a87a3f8695f2	ok
1	fixed-gcc-stock	syscall	6.248	343.70	2415919104	5	42cec926ae99b5b2c0da4cf14907627c80ca32cc217e17c9c968a87a3f8695f2	ok
1	gcc-tc	syscall	5.867	366.06	2415919104	5	42cec926ae99b5b2c0da4cf14907627c80ca32cc217e17c9c968a87a3f8695f2	ok
1	fixed-gcc-tc	syscall	5.949	360.96	2415919104	5	42cec926ae99b5b2c0da4cf14907627c80ca32cc217e17c9c968a87a3f8695f2	ok
1	main-gcc-stock	fp	2.470	869.49	2415919104	5	906dd97cb18890335374e13f06f11d3462076edd39a916310cd65dd5aafb45b7	ok
1	gcc-stock	fp	3.511	611.65	2415919104	5	906dd97cb18890335374e13f06f11d3462076edd39a916310cd65dd5aafb45b7	ok
1	fixed-gcc-stock	fp	2.681	801.10	2415919104	5	906dd97cb18890335374e13f06f11d3462076edd39a916310cd65dd5aafb45b7	ok
1	gcc-tc	fp	2.440	880.09	2415919104	5	906dd97cb18890335374e13f06f11d3462076edd39a916310cd65dd5aafb45b7	ok
1	fixed-gcc-tc	fp	2.456	874.29	2415919104	5	906dd97cb18890335374e13f06f11d3462076edd39a916310cd65dd5aafb45b7	ok
1	main-gcc-stock	nop	1.278	1680.36	2415919104	5	da57556b7bc3bfb3034f0e46a44731597514065f16bb82552863d1f9e3d8922b	ok
1	gcc-stock	nop	1.641	1308.80	2415919104	5	da57556b7bc3bfb3034f0e46a44731597514065f16bb82552863d1f9e3d8922b	ok
1	fixed-gcc-stock	nop	1.355	1585.22	2415919104	5	da57556b7bc3bfb3034f0e46a44731597514065f16bb82552863d1f9e3d8922b	ok
1	gcc-tc	nop	1.303	1647.98	2415919104	5	da57556b7bc3bfb3034f0e46a44731597514065f16bb82552863d1f9e3d8922b	ok
1	fixed-gcc-tc	nop	1.316	1631.59	2415919104	5	da57556b7bc3bfb3034f0e46a44731597514065f16bb82552863d1f9e3d8922b	ok
1	main-gcc-stock	regs	1.761	1219.78	2415919104	5	8046902ef45b574fa0d049b88f703123dc1dc6906940453019f5439d19dea791	ok
1	gcc-stock	regs	2.957	726.34	2415919104	5	8046902ef45b574fa0d049b88f703123dc1dc6906940453019f5439d19dea791	ok
1	fixed-gcc-stock	regs	1.798	1194.13	2415919104	5	8046902ef45b574fa0d049b88f703123dc1dc6906940453019f5439d19dea791	ok
1	gcc-tc	regs	1.786	1202.22	2415919104	5	8046902ef45b574fa0d049b88f703123dc1dc6906940453019f5439d19dea791	ok
1	fixed-gcc-tc	regs	1.807	1188.38	2415919104	5	8046902ef45b574fa0d049b88f703123dc1dc6906940453019f5439d19dea791	ok
1	main-gcc-stock	cpu	3.516	610.72	2415919104	5	eb324f1c6c0ea8e673c7ec829a4f55d0c80fd4c2ac098b6823a35cde5682c4a5	ok
1	gcc-stock	cpu	4.585	468.33	2415919104	5	eb324f1c6c0ea8e673c7ec829a4f55d0c80fd4c2ac098b6823a35cde5682c4a5	ok
1	fixed-gcc-stock	cpu	3.714	578.19	2415919104	5	eb324f1c6c0ea8e673c7ec829a4f55d0c80fd4c2ac098b6823a35cde5682c4a5	ok
1	gcc-tc	cpu	3.508	612.24	2415919104	5	eb324f1c6c0ea8e673c7ec829a4f55d0c80fd4c2ac098b6823a35cde5682c4a5	ok
1	fixed-gcc-tc	cpu	3.498	613.85	2415919104	5	eb324f1c6c0ea8e673c7ec829a4f55d0c80fd4c2ac098b6823a35cde5682c4a5	ok
1	main-gcc-stock	crypt	2.938	730.83	2415919104	5	075ad5f3bef8aaa9bd8daae921884aff4a4c30187ed0bdb9fd30959f75e2709b	ok
1	gcc-stock	crypt	3.818	562.49	2415919104	5	075ad5f3bef8aaa9bd8daae921884aff4a4c30187ed0bdb9fd30959f75e2709b	ok
1	fixed-gcc-stock	crypt	3.030	708.76	2415919104	5	075ad5f3bef8aaa9bd8daae921884aff4a4c30187ed0bdb9fd30959f75e2709b	ok
1	gcc-tc	crypt	3.203	670.40	2415919104	5	075ad5f3bef8aaa9bd8daae921884aff4a4c30187ed0bdb9fd30959f75e2709b	ok
1	fixed-gcc-tc	crypt	3.111	690.29	2415919104	5	075ad5f3bef8aaa9bd8daae921884aff4a4c30187ed0bdb9fd30959f75e2709b	ok
1	main-gcc-stock	memcpy	2.226	964.74	2415919104	5	958a3598adc13ecab81628febb41a80775a56c2227b74cbf0a455c0d064f6dd2	ok
1	gcc-stock	memcpy	3.079	697.51	2415919104	5	958a3598adc13ecab81628febb41a80775a56c2227b74cbf0a455c0d064f6dd2	ok
1	fixed-gcc-stock	memcpy	2.237	960.13	2415919104	5	958a3598adc13ecab81628febb41a80775a56c2227b74cbf0a455c0d064f6dd2	ok
1	gcc-tc	memcpy	2.224	965.56	2415919104	5	958a3598adc13ecab81628febb41a80775a56c2227b74cbf0a455c0d064f6dd2	ok
1	fixed-gcc-tc	memcpy	2.239	959.02	2415919104	5	958a3598adc13ecab81628febb41a80775a56c2227b74cbf0a455c0d064f6dd2	ok
1	main-gcc-stock	branch	2.259	950.67	2415919104	5	3bb926ddc35a9ca8bdc7f6dfe2c84757cc27a07ceb7ed7637ddd3e5969b40e8c	ok
1	gcc-stock	branch	3.171	677.26	2415919104	5	3bb926ddc35a9ca8bdc7f6dfe2c84757cc27a07ceb7ed7637ddd3e5969b40e8c	ok
1	fixed-gcc-stock	branch	2.350	913.87	2415919104	5	3bb926ddc35a9ca8bdc7f6dfe2c84757cc27a07ceb7ed7637ddd3e5969b40e8c	ok
1	gcc-tc	branch	2.238	959.42	2415919104	5	3bb926ddc35a9ca8bdc7f6dfe2c84757cc27a07ceb7ed7637ddd3e5969b40e8c	ok
1	fixed-gcc-tc	branch	2.376	903.72	2415919104	5	3bb926ddc35a9ca8bdc7f6dfe2c84757cc27a07ceb7ed7637ddd3e5969b40e8c	ok
1	main-gcc-stock	heapsort	2.477	866.85	2415919104	5	a01ab4e7ef8c8decb06055977002f5b5da8aeb3fa95049718b71a92d1d517adf	ok
1	gcc-stock	heapsort	4.647	462.15	2415919104	5	a01ab4e7ef8c8decb06055977002f5b5da8aeb3fa95049718b71a92d1d517adf	ok
1	fixed-gcc-stock	heapsort	2.507	856.60	2415919104	5	a01ab4e7ef8c8decb06055977002f5b5da8aeb3fa95049718b71a92d1d517adf	ok
1	gcc-tc	heapsort	2.462	872.25	2415919104	5	a01ab4e7ef8c8decb06055977002f5b5da8aeb3fa95049718b71a92d1d517adf	ok
1	fixed-gcc-tc	heapsort	2.554	840.69	2415919104	5	a01ab4e7ef8c8decb06055977002f5b5da8aeb3fa95049718b71a92d1d517adf	ok
1	main-gcc-stock	tsearch	3.929	546.59	2415919104	5	35451ee71307997f2b1b494651a5fbd4257517350c84a0a993817a6e38fc713b	ok
1	gcc-stock	tsearch	5.134	418.32	2415919104	5	35451ee71307997f2b1b494651a5fbd4257517350c84a0a993817a6e38fc713b	ok
1	fixed-gcc-stock	tsearch	4.023	533.74	2415919104	5	35451ee71307997f2b1b494651a5fbd4257517350c84a0a993817a6e38fc713b	ok
1	gcc-tc	tsearch	3.986	538.72	2415919104	5	35451ee71307997f2b1b494651a5fbd4257517350c84a0a993817a6e38fc713b	ok
1	fixed-gcc-tc	tsearch	3.989	538.33	2415919104	5	35451ee71307997f2b1b494651a5fbd4257517350c84a0a993817a6e38fc713b	ok
1	main-gcc-stock	matrix-3d	9.270	231.66	2415919104	5	e0bb44ec0b8c878093bff8307da03316a00c102a16babcbc42ceb8ca6e4cf0fe	ok
1	gcc-stock	matrix-3d	10.016	214.41	2415919104	5	e0bb44ec0b8c878093bff8307da03316a00c102a16babcbc42ceb8ca6e4cf0fe	ok
1	fixed-gcc-stock	matrix-3d	9.689	221.63	2415919104	5	e0bb44ec0b8c878093bff8307da03316a00c102a16babcbc42ceb8ca6e4cf0fe	ok
1	gcc-tc	matrix-3d	9.497	226.11	2415919104	5	e0bb44ec0b8c878093bff8307da03316a00c102a16babcbc42ceb8ca6e4cf0fe	ok
1	fixed-gcc-tc	matrix-3d	9.382	228.90	2415919104	5	e0bb44ec0b8c878093bff8307da03316a00c102a16babcbc42ceb8ca6e4cf0fe	ok
1	main-gcc-stock	tree	4.300	499.46	2415919104	5	aaacf4808d9da670176f52ce3fa35924ce51d90d4fb24440308902b6302f92d4	ok
1	gcc-stock	tree	5.575	385.20	2415919104	5	aaacf4808d9da670176f52ce3fa35924ce51d90d4fb24440308902b6302f92d4	ok
1	fixed-gcc-stock	tree	4.411	486.90	2415919104	5	aaacf4808d9da670176f52ce3fa35924ce51d90d4fb24440308902b6302f92d4	ok
1	gcc-tc	tree	4.256	504.56	2415919104	5	aaacf4808d9da670176f52ce3fa35924ce51d90d4fb24440308902b6302f92d4	ok
1	fixed-gcc-tc	tree	4.370	491.42	2415919104	5	aaacf4808d9da670176f52ce3fa35924ce51d90d4fb24440308902b6302f92d4	ok
1	main-gcc-stock	malloc	7.207	297.97	2415919104	5	bc106f77f0341f5e4be9c92901b33c15b5007cb13195b0f0c68d678b1ed2a2cf	ok
1	gcc-stock	malloc	8.299	258.78	2415919104	5	bc106f77f0341f5e4be9c92901b33c15b5007cb13195b0f0c68d678b1ed2a2cf	ok
1	fixed-gcc-stock	malloc	7.463	287.75	2415919104	5	bc106f77f0341f5e4be9c92901b33c15b5007cb13195b0f0c68d678b1ed2a2cf	ok
1	gcc-tc	malloc	7.099	302.49	2415919104	5	bc106f77f0341f5e4be9c92901b33c15b5007cb13195b0f0c68d678b1ed2a2cf	ok
1	fixed-gcc-tc	malloc	7.463	287.74	2415919104	5	bc106f77f0341f5e4be9c92901b33c15b5007cb13195b0f0c68d678b1ed2a2cf	ok
1	main-gcc-stock	randlist	3.726	576.41	2415919104	5	ff2547c8dfc9c90e5eb6f65e14b3feda61f3dd85b0d465e351788800a850fd4a	ok
1	gcc-stock	randlist	6.076	353.44	2415919104	5	ff2547c8dfc9c90e5eb6f65e14b3feda61f3dd85b0d465e351788800a850fd4a	ok
1	fixed-gcc-stock	randlist	4.205	510.70	2415919104	5	ff2547c8dfc9c90e5eb6f65e14b3feda61f3dd85b0d465e351788800a850fd4a	ok
1	gcc-tc	randlist	3.805	564.34	2415919104	5	ff2547c8dfc9c90e5eb6f65e14b3feda61f3dd85b0d465e351788800a850fd4a	ok
1	fixed-gcc-tc	randlist	3.803	564.75	2415919104	5	ff2547c8dfc9c90e5eb6f65e14b3feda61f3dd85b0d465e351788800a850fd4a	ok
2	main-gcc-stock	qsort	2.711	792.26	2415919104	5	daad9b63b2013449fba5d90591787dff8817c65d0d9bc57a0d814d2ef4c712ab	ok
2	gcc-stock	qsort	3.958	542.53	2415919104	5	daad9b63b2013449fba5d90591787dff8817c65d0d9bc57a0d814d2ef4c712ab	ok
2	fixed-gcc-stock	qsort	2.683	800.50	2415919104	5	daad9b63b2013449fba5d90591787dff8817c65d0d9bc57a0d814d2ef4c712ab	ok
2	gcc-tc	qsort	2.637	814.25	2415919104	5	daad9b63b2013449fba5d90591787dff8817c65d0d9bc57a0d814d2ef4c712ab	ok
2	fixed-gcc-tc	qsort	2.688	798.86	2415919104	5	daad9b63b2013449fba5d90591787dff8817c65d0d9bc57a0d814d2ef4c712ab	ok
2	main-gcc-stock	zlib	2.686	799.50	2415919104	5	be1e876889828625d023972c3bfc8e07f4fece5144eca0fec4b8468571920b5a	ok
2	gcc-stock	zlib	3.544	606.00	2415919104	5	be1e876889828625d023972c3bfc8e07f4fece5144eca0fec4b8468571920b5a	ok
2	fixed-gcc-stock	zlib	2.735	785.11	2415919104	5	be1e876889828625d023972c3bfc8e07f4fece5144eca0fec4b8468571920b5a	ok
2	gcc-tc	zlib	2.629	816.81	2415919104	5	be1e876889828625d023972c3bfc8e07f4fece5144eca0fec4b8468571920b5a	ok
2	fixed-gcc-tc	zlib	2.649	810.67	2415919104	5	be1e876889828625d023972c3bfc8e07f4fece5144eca0fec4b8468571920b5a	ok
2	main-gcc-stock	hash	2.341	917.34	2415919104	5	7faadb95a5025daebfcb19715b698c3263c38de7907e186ca1daab75930291a9	ok
2	gcc-stock	hash	3.370	637.31	2415919104	5	7faadb95a5025daebfcb19715b698c3263c38de7907e186ca1daab75930291a9	ok
2	fixed-gcc-stock	hash	2.504	857.59	2415919104	5	7faadb95a5025daebfcb19715b698c3263c38de7907e186ca1daab75930291a9	ok
2	gcc-tc	hash	2.348	914.75	2415919104	5	7faadb95a5025daebfcb19715b698c3263c38de7907e186ca1daab75930291a9	ok
2	fixed-gcc-tc	hash	2.357	910.98	2415919104	5	7faadb95a5025daebfcb19715b698c3263c38de7907e186ca1daab75930291a9	ok
2	main-gcc-stock	syscall	6.069	353.85	2415919104	5	42cec926ae99b5b2c0da4cf14907627c80ca32cc217e17c9c968a87a3f8695f2	ok
2	gcc-stock	syscall	7.479	287.13	2415919104	5	42cec926ae99b5b2c0da4cf14907627c80ca32cc217e17c9c968a87a3f8695f2	ok
2	fixed-gcc-stock	syscall	6.253	343.44	2415919104	5	42cec926ae99b5b2c0da4cf14907627c80ca32cc217e17c9c968a87a3f8695f2	ok
2	gcc-tc	syscall	5.882	365.10	2415919104	5	42cec926ae99b5b2c0da4cf14907627c80ca32cc217e17c9c968a87a3f8695f2	ok
2	fixed-gcc-tc	syscall	5.981	359.03	2415919104	5	42cec926ae99b5b2c0da4cf14907627c80ca32cc217e17c9c968a87a3f8695f2	ok
2	main-gcc-stock	fp	2.456	874.21	2415919104	5	906dd97cb18890335374e13f06f11d3462076edd39a916310cd65dd5aafb45b7	ok
2	gcc-stock	fp	3.536	607.30	2415919104	5	906dd97cb18890335374e13f06f11d3462076edd39a916310cd65dd5aafb45b7	ok
2	fixed-gcc-stock	fp	2.656	808.44	2415919104	5	906dd97cb18890335374e13f06f11d3462076edd39a916310cd65dd5aafb45b7	ok
2	gcc-tc	fp	2.431	883.50	2415919104	5	906dd97cb18890335374e13f06f11d3462076edd39a916310cd65dd5aafb45b7	ok
2	fixed-gcc-tc	fp	2.456	874.21	2415919104	5	906dd97cb18890335374e13f06f11d3462076edd39a916310cd65dd5aafb45b7	ok
2	main-gcc-stock	nop	1.278	1680.24	2415919104	5	da57556b7bc3bfb3034f0e46a44731597514065f16bb82552863d1f9e3d8922b	ok
2	gcc-stock	nop	1.639	1310.12	2415919104	5	da57556b7bc3bfb3034f0e46a44731597514065f16bb82552863d1f9e3d8922b	ok
2	fixed-gcc-stock	nop	1.356	1583.65	2415919104	5	da57556b7bc3bfb3034f0e46a44731597514065f16bb82552863d1f9e3d8922b	ok
2	gcc-tc	nop	1.303	1648.08	2415919104	5	da57556b7bc3bfb3034f0e46a44731597514065f16bb82552863d1f9e3d8922b	ok
2	fixed-gcc-tc	nop	1.316	1632.33	2415919104	5	da57556b7bc3bfb3034f0e46a44731597514065f16bb82552863d1f9e3d8922b	ok
2	main-gcc-stock	regs	1.760	1219.84	2415919104	5	8046902ef45b574fa0d049b88f703123dc1dc6906940453019f5439d19dea791	ok
2	gcc-stock	regs	2.962	724.99	2415919104	5	8046902ef45b574fa0d049b88f703123dc1dc6906940453019f5439d19dea791	ok
2	fixed-gcc-stock	regs	1.803	1191.07	2415919104	5	8046902ef45b574fa0d049b88f703123dc1dc6906940453019f5439d19dea791	ok
2	gcc-tc	regs	1.786	1202.16	2415919104	5	8046902ef45b574fa0d049b88f703123dc1dc6906940453019f5439d19dea791	ok
2	fixed-gcc-tc	regs	1.808	1187.46	2415919104	5	8046902ef45b574fa0d049b88f703123dc1dc6906940453019f5439d19dea791	ok
2	main-gcc-stock	cpu	3.522	609.68	2415919104	5	eb324f1c6c0ea8e673c7ec829a4f55d0c80fd4c2ac098b6823a35cde5682c4a5	ok
2	gcc-stock	cpu	4.587	468.13	2415919104	5	eb324f1c6c0ea8e673c7ec829a4f55d0c80fd4c2ac098b6823a35cde5682c4a5	ok
2	fixed-gcc-stock	cpu	3.706	579.53	2415919104	5	eb324f1c6c0ea8e673c7ec829a4f55d0c80fd4c2ac098b6823a35cde5682c4a5	ok
2	gcc-tc	cpu	3.506	612.44	2415919104	5	eb324f1c6c0ea8e673c7ec829a4f55d0c80fd4c2ac098b6823a35cde5682c4a5	ok
2	fixed-gcc-tc	cpu	3.494	614.68	2415919104	5	eb324f1c6c0ea8e673c7ec829a4f55d0c80fd4c2ac098b6823a35cde5682c4a5	ok
2	main-gcc-stock	crypt	2.922	735.03	2415919104	5	075ad5f3bef8aaa9bd8daae921884aff4a4c30187ed0bdb9fd30959f75e2709b	ok
2	gcc-stock	crypt	3.815	562.91	2415919104	5	075ad5f3bef8aaa9bd8daae921884aff4a4c30187ed0bdb9fd30959f75e2709b	ok
2	fixed-gcc-stock	crypt	3.029	708.98	2415919104	5	075ad5f3bef8aaa9bd8daae921884aff4a4c30187ed0bdb9fd30959f75e2709b	ok
2	gcc-tc	crypt	3.226	665.65	2415919104	5	075ad5f3bef8aaa9bd8daae921884aff4a4c30187ed0bdb9fd30959f75e2709b	ok
2	fixed-gcc-tc	crypt	3.110	690.53	2415919104	5	075ad5f3bef8aaa9bd8daae921884aff4a4c30187ed0bdb9fd30959f75e2709b	ok
2	main-gcc-stock	memcpy	2.230	963.03	2415919104	5	958a3598adc13ecab81628febb41a80775a56c2227b74cbf0a455c0d064f6dd2	ok
2	gcc-stock	memcpy	3.075	698.39	2415919104	5	958a3598adc13ecab81628febb41a80775a56c2227b74cbf0a455c0d064f6dd2	ok
2	fixed-gcc-stock	memcpy	2.237	959.88	2415919104	5	958a3598adc13ecab81628febb41a80775a56c2227b74cbf0a455c0d064f6dd2	ok
2	gcc-tc	memcpy	2.234	961.38	2415919104	5	958a3598adc13ecab81628febb41a80775a56c2227b74cbf0a455c0d064f6dd2	ok
2	fixed-gcc-tc	memcpy	2.238	959.47	2415919104	5	958a3598adc13ecab81628febb41a80775a56c2227b74cbf0a455c0d064f6dd2	ok
2	main-gcc-stock	branch	2.281	941.51	2415919104	5	3bb926ddc35a9ca8bdc7f6dfe2c84757cc27a07ceb7ed7637ddd3e5969b40e8c	ok
2	gcc-stock	branch	3.172	676.99	2415919104	5	3bb926ddc35a9ca8bdc7f6dfe2c84757cc27a07ceb7ed7637ddd3e5969b40e8c	ok
2	fixed-gcc-stock	branch	2.372	905.27	2415919104	5	3bb926ddc35a9ca8bdc7f6dfe2c84757cc27a07ceb7ed7637ddd3e5969b40e8c	ok
2	gcc-tc	branch	2.238	959.42	2415919104	5	3bb926ddc35a9ca8bdc7f6dfe2c84757cc27a07ceb7ed7637ddd3e5969b40e8c	ok
2	fixed-gcc-tc	branch	2.345	915.60	2415919104	5	3bb926ddc35a9ca8bdc7f6dfe2c84757cc27a07ceb7ed7637ddd3e5969b40e8c	ok
2	main-gcc-stock	heapsort	2.473	868.41	2415919104	5	a01ab4e7ef8c8decb06055977002f5b5da8aeb3fa95049718b71a92d1d517adf	ok
2	gcc-stock	heapsort	4.648	462.04	2415919104	5	a01ab4e7ef8c8decb06055977002f5b5da8aeb3fa95049718b71a92d1d517adf	ok
2	fixed-gcc-stock	heapsort	2.510	855.54	2415919104	5	a01ab4e7ef8c8decb06055977002f5b5da8aeb3fa95049718b71a92d1d517adf	ok
2	gcc-tc	heapsort	2.466	870.74	2415919104	5	a01ab4e7ef8c8decb06055977002f5b5da8aeb3fa95049718b71a92d1d517adf	ok
2	fixed-gcc-tc	heapsort	2.494	861.05	2415919104	5	a01ab4e7ef8c8decb06055977002f5b5da8aeb3fa95049718b71a92d1d517adf	ok
2	main-gcc-stock	tsearch	3.898	550.87	2415919104	5	35451ee71307997f2b1b494651a5fbd4257517350c84a0a993817a6e38fc713b	ok
2	gcc-stock	tsearch	5.141	417.75	2415919104	5	35451ee71307997f2b1b494651a5fbd4257517350c84a0a993817a6e38fc713b	ok
2	fixed-gcc-stock	tsearch	4.045	530.93	2415919104	5	35451ee71307997f2b1b494651a5fbd4257517350c84a0a993817a6e38fc713b	ok
2	gcc-tc	tsearch	4.081	526.17	2415919104	5	35451ee71307997f2b1b494651a5fbd4257517350c84a0a993817a6e38fc713b	ok
2	fixed-gcc-tc	tsearch	3.983	539.16	2415919104	5	35451ee71307997f2b1b494651a5fbd4257517350c84a0a993817a6e38fc713b	ok
2	main-gcc-stock	matrix-3d	9.255	232.04	2415919104	5	e0bb44ec0b8c878093bff8307da03316a00c102a16babcbc42ceb8ca6e4cf0fe	ok
2	gcc-stock	matrix-3d	10.030	214.10	2415919104	5	e0bb44ec0b8c878093bff8307da03316a00c102a16babcbc42ceb8ca6e4cf0fe	ok
2	fixed-gcc-stock	matrix-3d	9.627	223.07	2415919104	5	e0bb44ec0b8c878093bff8307da03316a00c102a16babcbc42ceb8ca6e4cf0fe	ok
2	gcc-tc	matrix-3d	9.502	226.00	2415919104	5	e0bb44ec0b8c878093bff8307da03316a00c102a16babcbc42ceb8ca6e4cf0fe	ok
2	fixed-gcc-tc	matrix-3d	9.386	228.79	2415919104	5	e0bb44ec0b8c878093bff8307da03316a00c102a16babcbc42ceb8ca6e4cf0fe	ok
2	main-gcc-stock	tree	4.264	503.60	2415919104	5	aaacf4808d9da670176f52ce3fa35924ce51d90d4fb24440308902b6302f92d4	ok
2	gcc-stock	tree	5.579	384.92	2415919104	5	aaacf4808d9da670176f52ce3fa35924ce51d90d4fb24440308902b6302f92d4	ok
2	fixed-gcc-stock	tree	4.383	489.97	2415919104	5	aaacf4808d9da670176f52ce3fa35924ce51d90d4fb24440308902b6302f92d4	ok
2	gcc-tc	tree	4.266	503.42	2415919104	5	aaacf4808d9da670176f52ce3fa35924ce51d90d4fb24440308902b6302f92d4	ok
2	fixed-gcc-tc	tree	4.370	491.45	2415919104	5	aaacf4808d9da670176f52ce3fa35924ce51d90d4fb24440308902b6302f92d4	ok
2	main-gcc-stock	malloc	7.240	296.61	2415919104	5	bc106f77f0341f5e4be9c92901b33c15b5007cb13195b0f0c68d678b1ed2a2cf	ok
2	gcc-stock	malloc	8.457	253.94	2415919104	5	bc106f77f0341f5e4be9c92901b33c15b5007cb13195b0f0c68d678b1ed2a2cf	ok
2	fixed-gcc-stock	malloc	7.523	285.47	2415919104	5	bc106f77f0341f5e4be9c92901b33c15b5007cb13195b0f0c68d678b1ed2a2cf	ok
2	gcc-tc	malloc	7.077	303.43	2415919104	5	bc106f77f0341f5e4be9c92901b33c15b5007cb13195b0f0c68d678b1ed2a2cf	ok
2	fixed-gcc-tc	malloc	7.378	291.05	2415919104	5	bc106f77f0341f5e4be9c92901b33c15b5007cb13195b0f0c68d678b1ed2a2cf	ok
2	main-gcc-stock	randlist	3.727	576.14	2415919104	5	ff2547c8dfc9c90e5eb6f65e14b3feda61f3dd85b0d465e351788800a850fd4a	ok
2	gcc-stock	randlist	6.071	353.74	2415919104	5	ff2547c8dfc9c90e5eb6f65e14b3feda61f3dd85b0d465e351788800a850fd4a	ok
2	fixed-gcc-stock	randlist	4.211	509.95	2415919104	5	ff2547c8dfc9c90e5eb6f65e14b3feda61f3dd85b0d465e351788800a850fd4a	ok
2	gcc-tc	randlist	3.806	564.23	2415919104	5	ff2547c8dfc9c90e5eb6f65e14b3feda61f3dd85b0d465e351788800a850fd4a	ok
2	fixed-gcc-tc	randlist	3.796	565.71	2415919104	5	ff2547c8dfc9c90e5eb6f65e14b3feda61f3dd85b0d465e351788800a850fd4a	ok
3	main-gcc-stock	qsort	2.669	804.56	2415919104	5	daad9b63b2013449fba5d90591787dff8817c65d0d9bc57a0d814d2ef4c712ab	ok
3	gcc-stock	qsort	3.966	541.44	2415919104	5	daad9b63b2013449fba5d90591787dff8817c65d0d9bc57a0d814d2ef4c712ab	ok
3	fixed-gcc-stock	qsort	2.680	801.42	2415919104	5	daad9b63b2013449fba5d90591787dff8817c65d0d9bc57a0d814d2ef4c712ab	ok
3	gcc-tc	qsort	2.647	811.37	2415919104	5	daad9b63b2013449fba5d90591787dff8817c65d0d9bc57a0d814d2ef4c712ab	ok
3	fixed-gcc-tc	qsort	2.688	798.83	2415919104	5	daad9b63b2013449fba5d90591787dff8817c65d0d9bc57a0d814d2ef4c712ab	ok
3	main-gcc-stock	zlib	2.685	799.78	2415919104	5	be1e876889828625d023972c3bfc8e07f4fece5144eca0fec4b8468571920b5a	ok
3	gcc-stock	zlib	3.556	603.86	2415919104	5	be1e876889828625d023972c3bfc8e07f4fece5144eca0fec4b8468571920b5a	ok
3	fixed-gcc-stock	zlib	2.720	789.55	2415919104	5	be1e876889828625d023972c3bfc8e07f4fece5144eca0fec4b8468571920b5a	ok
3	gcc-tc	zlib	2.629	816.79	2415919104	5	be1e876889828625d023972c3bfc8e07f4fece5144eca0fec4b8468571920b5a	ok
3	fixed-gcc-tc	zlib	2.651	809.92	2415919104	5	be1e876889828625d023972c3bfc8e07f4fece5144eca0fec4b8468571920b5a	ok
3	main-gcc-stock	hash	2.345	915.62	2415919104	5	7faadb95a5025daebfcb19715b698c3263c38de7907e186ca1daab75930291a9	ok
3	gcc-stock	hash	3.366	637.90	2415919104	5	7faadb95a5025daebfcb19715b698c3263c38de7907e186ca1daab75930291a9	ok
3	fixed-gcc-stock	hash	2.503	858.01	2415919104	5	7faadb95a5025daebfcb19715b698c3263c38de7907e186ca1daab75930291a9	ok
3	gcc-tc	hash	2.350	913.92	2415919104	5	7faadb95a5025daebfcb19715b698c3263c38de7907e186ca1daab75930291a9	ok
3	fixed-gcc-tc	hash	2.353	912.78	2415919104	5	7faadb95a5025daebfcb19715b698c3263c38de7907e186ca1daab75930291a9	ok
3	main-gcc-stock	syscall	6.070	353.80	2415919104	5	42cec926ae99b5b2c0da4cf14907627c80ca32cc217e17c9c968a87a3f8695f2	ok
3	gcc-stock	syscall	7.514	285.80	2415919104	5	42cec926ae99b5b2c0da4cf14907627c80ca32cc217e17c9c968a87a3f8695f2	ok
3	fixed-gcc-stock	syscall	6.300	340.89	2415919104	5	42cec926ae99b5b2c0da4cf14907627c80ca32cc217e17c9c968a87a3f8695f2	ok
3	gcc-tc	syscall	5.867	366.01	2415919104	5	42cec926ae99b5b2c0da4cf14907627c80ca32cc217e17c9c968a87a3f8695f2	ok
3	fixed-gcc-tc	syscall	5.959	360.35	2415919104	5	42cec926ae99b5b2c0da4cf14907627c80ca32cc217e17c9c968a87a3f8695f2	ok
3	main-gcc-stock	fp	2.450	876.48	2415919104	5	906dd97cb18890335374e13f06f11d3462076edd39a916310cd65dd5aafb45b7	ok
3	gcc-stock	fp	3.510	611.84	2415919104	5	906dd97cb18890335374e13f06f11d3462076edd39a916310cd65dd5aafb45b7	ok
3	fixed-gcc-stock	fp	2.668	805.04	2415919104	5	906dd97cb18890335374e13f06f11d3462076edd39a916310cd65dd5aafb45b7	ok
3	gcc-tc	fp	2.436	881.71	2415919104	5	906dd97cb18890335374e13f06f11d3462076edd39a916310cd65dd5aafb45b7	ok
3	fixed-gcc-tc	fp	2.458	873.54	2415919104	5	906dd97cb18890335374e13f06f11d3462076edd39a916310cd65dd5aafb45b7	ok
3	main-gcc-stock	nop	1.279	1679.48	2415919104	5	da57556b7bc3bfb3034f0e46a44731597514065f16bb82552863d1f9e3d8922b	ok
3	gcc-stock	nop	1.646	1304.99	2415919104	5	da57556b7bc3bfb3034f0e46a44731597514065f16bb82552863d1f9e3d8922b	ok
3	fixed-gcc-stock	nop	1.354	1586.16	2415919104	5	da57556b7bc3bfb3034f0e46a44731597514065f16bb82552863d1f9e3d8922b	ok
3	gcc-tc	nop	1.303	1648.51	2415919104	5	da57556b7bc3bfb3034f0e46a44731597514065f16bb82552863d1f9e3d8922b	ok
3	fixed-gcc-tc	nop	1.316	1631.83	2415919104	5	da57556b7bc3bfb3034f0e46a44731597514065f16bb82552863d1f9e3d8922b	ok
3	main-gcc-stock	regs	1.761	1219.26	2415919104	5	8046902ef45b574fa0d049b88f703123dc1dc6906940453019f5439d19dea791	ok
3	gcc-stock	regs	2.959	725.68	2415919104	5	8046902ef45b574fa0d049b88f703123dc1dc6906940453019f5439d19dea791	ok
3	fixed-gcc-stock	regs	1.803	1191.02	2415919104	5	8046902ef45b574fa0d049b88f703123dc1dc6906940453019f5439d19dea791	ok
3	gcc-tc	regs	1.792	1198.59	2415919104	5	8046902ef45b574fa0d049b88f703123dc1dc6906940453019f5439d19dea791	ok
3	fixed-gcc-tc	regs	1.810	1186.33	2415919104	5	8046902ef45b574fa0d049b88f703123dc1dc6906940453019f5439d19dea791	ok
3	main-gcc-stock	cpu	3.524	609.33	2415919104	5	eb324f1c6c0ea8e673c7ec829a4f55d0c80fd4c2ac098b6823a35cde5682c4a5	ok
3	gcc-stock	cpu	4.605	466.35	2415919104	5	eb324f1c6c0ea8e673c7ec829a4f55d0c80fd4c2ac098b6823a35cde5682c4a5	ok
3	fixed-gcc-stock	cpu	3.734	575.15	2415919104	5	eb324f1c6c0ea8e673c7ec829a4f55d0c80fd4c2ac098b6823a35cde5682c4a5	ok
3	gcc-tc	cpu	3.515	610.96	2415919104	5	eb324f1c6c0ea8e673c7ec829a4f55d0c80fd4c2ac098b6823a35cde5682c4a5	ok
3	fixed-gcc-tc	cpu	3.498	613.93	2415919104	5	eb324f1c6c0ea8e673c7ec829a4f55d0c80fd4c2ac098b6823a35cde5682c4a5	ok
3	main-gcc-stock	crypt	2.963	724.70	2415919104	5	075ad5f3bef8aaa9bd8daae921884aff4a4c30187ed0bdb9fd30959f75e2709b	ok
3	gcc-stock	crypt	3.808	563.91	2415919104	5	075ad5f3bef8aaa9bd8daae921884aff4a4c30187ed0bdb9fd30959f75e2709b	ok
3	fixed-gcc-stock	crypt	3.027	709.43	2415919104	5	075ad5f3bef8aaa9bd8daae921884aff4a4c30187ed0bdb9fd30959f75e2709b	ok
3	gcc-tc	crypt	3.201	670.95	2415919104	5	075ad5f3bef8aaa9bd8daae921884aff4a4c30187ed0bdb9fd30959f75e2709b	ok
3	fixed-gcc-tc	crypt	3.102	692.23	2415919104	5	075ad5f3bef8aaa9bd8daae921884aff4a4c30187ed0bdb9fd30959f75e2709b	ok
3	main-gcc-stock	memcpy	2.226	964.66	2415919104	5	958a3598adc13ecab81628febb41a80775a56c2227b74cbf0a455c0d064f6dd2	ok
3	gcc-stock	memcpy	3.091	694.75	2415919104	5	958a3598adc13ecab81628febb41a80775a56c2227b74cbf0a455c0d064f6dd2	ok
3	fixed-gcc-stock	memcpy	2.239	959.16	2415919104	5	958a3598adc13ecab81628febb41a80775a56c2227b74cbf0a455c0d064f6dd2	ok
3	gcc-tc	memcpy	2.224	965.55	2415919104	5	958a3598adc13ecab81628febb41a80775a56c2227b74cbf0a455c0d064f6dd2	ok
3	fixed-gcc-tc	memcpy	2.239	959.27	2415919104	5	958a3598adc13ecab81628febb41a80775a56c2227b74cbf0a455c0d064f6dd2	ok
3	main-gcc-stock	branch	2.275	943.95	2415919104	5	3bb926ddc35a9ca8bdc7f6dfe2c84757cc27a07ceb7ed7637ddd3e5969b40e8c	ok
3	gcc-stock	branch	3.184	674.39	2415919104	5	3bb926ddc35a9ca8bdc7f6dfe2c84757cc27a07ceb7ed7637ddd3e5969b40e8c	ok
3	fixed-gcc-stock	branch	2.350	913.64	2415919104	5	3bb926ddc35a9ca8bdc7f6dfe2c84757cc27a07ceb7ed7637ddd3e5969b40e8c	ok
3	gcc-tc	branch	2.239	959.22	2415919104	5	3bb926ddc35a9ca8bdc7f6dfe2c84757cc27a07ceb7ed7637ddd3e5969b40e8c	ok
3	fixed-gcc-tc	branch	2.324	924.04	2415919104	5	3bb926ddc35a9ca8bdc7f6dfe2c84757cc27a07ceb7ed7637ddd3e5969b40e8c	ok
3	main-gcc-stock	heapsort	2.470	869.37	2415919104	5	a01ab4e7ef8c8decb06055977002f5b5da8aeb3fa95049718b71a92d1d517adf	ok
3	gcc-stock	heapsort	4.646	462.19	2415919104	5	a01ab4e7ef8c8decb06055977002f5b5da8aeb3fa95049718b71a92d1d517adf	ok
3	fixed-gcc-stock	heapsort	2.519	852.42	2415919104	5	a01ab4e7ef8c8decb06055977002f5b5da8aeb3fa95049718b71a92d1d517adf	ok
3	gcc-tc	heapsort	2.466	870.81	2415919104	5	a01ab4e7ef8c8decb06055977002f5b5da8aeb3fa95049718b71a92d1d517adf	ok
3	fixed-gcc-tc	heapsort	2.498	859.54	2415919104	5	a01ab4e7ef8c8decb06055977002f5b5da8aeb3fa95049718b71a92d1d517adf	ok
3	main-gcc-stock	tsearch	3.982	539.36	2415919104	5	35451ee71307997f2b1b494651a5fbd4257517350c84a0a993817a6e38fc713b	ok
3	gcc-stock	tsearch	5.144	417.44	2415919104	5	35451ee71307997f2b1b494651a5fbd4257517350c84a0a993817a6e38fc713b	ok
3	fixed-gcc-stock	tsearch	4.032	532.56	2415919104	5	35451ee71307997f2b1b494651a5fbd4257517350c84a0a993817a6e38fc713b	ok
3	gcc-tc	tsearch	3.984	539.08	2415919104	5	35451ee71307997f2b1b494651a5fbd4257517350c84a0a993817a6e38fc713b	ok
3	fixed-gcc-tc	tsearch	4.073	527.25	2415919104	5	35451ee71307997f2b1b494651a5fbd4257517350c84a0a993817a6e38fc713b	ok
3	main-gcc-stock	matrix-3d	9.279	231.42	2415919104	5	e0bb44ec0b8c878093bff8307da03316a00c102a16babcbc42ceb8ca6e4cf0fe	ok
3	gcc-stock	matrix-3d	10.040	213.89	2415919104	5	e0bb44ec0b8c878093bff8307da03316a00c102a16babcbc42ceb8ca6e4cf0fe	ok
3	fixed-gcc-stock	matrix-3d	9.647	222.60	2415919104	5	e0bb44ec0b8c878093bff8307da03316a00c102a16babcbc42ceb8ca6e4cf0fe	ok
3	gcc-tc	matrix-3d	9.503	225.97	2415919104	5	e0bb44ec0b8c878093bff8307da03316a00c102a16babcbc42ceb8ca6e4cf0fe	ok
3	fixed-gcc-tc	matrix-3d	9.401	228.42	2415919104	5	e0bb44ec0b8c878093bff8307da03316a00c102a16babcbc42ceb8ca6e4cf0fe	ok
3	main-gcc-stock	tree	4.270	502.89	2415919104	5	aaacf4808d9da670176f52ce3fa35924ce51d90d4fb24440308902b6302f92d4	ok
3	gcc-stock	tree	5.572	385.38	2415919104	5	aaacf4808d9da670176f52ce3fa35924ce51d90d4fb24440308902b6302f92d4	ok
3	fixed-gcc-stock	tree	4.429	484.84	2415919104	5	aaacf4808d9da670176f52ce3fa35924ce51d90d4fb24440308902b6302f92d4	ok
3	gcc-tc	tree	4.254	504.76	2415919104	5	aaacf4808d9da670176f52ce3fa35924ce51d90d4fb24440308902b6302f92d4	ok
3	fixed-gcc-tc	tree	4.366	491.87	2415919104	5	aaacf4808d9da670176f52ce3fa35924ce51d90d4fb24440308902b6302f92d4	ok
3	main-gcc-stock	malloc	7.229	297.06	2415919104	5	bc106f77f0341f5e4be9c92901b33c15b5007cb13195b0f0c68d678b1ed2a2cf	ok
3	gcc-stock	malloc	8.647	248.35	2415919104	5	bc106f77f0341f5e4be9c92901b33c15b5007cb13195b0f0c68d678b1ed2a2cf	ok
3	fixed-gcc-stock	malloc	7.552	284.37	2415919104	5	bc106f77f0341f5e4be9c92901b33c15b5007cb13195b0f0c68d678b1ed2a2cf	ok
3	gcc-tc	malloc	7.273	295.26	2415919104	5	bc106f77f0341f5e4be9c92901b33c15b5007cb13195b0f0c68d678b1ed2a2cf	ok
3	fixed-gcc-tc	malloc	7.525	285.39	2415919104	5	bc106f77f0341f5e4be9c92901b33c15b5007cb13195b0f0c68d678b1ed2a2cf	ok
3	main-gcc-stock	randlist	3.723	576.86	2415919104	5	ff2547c8dfc9c90e5eb6f65e14b3feda61f3dd85b0d465e351788800a850fd4a	ok
3	gcc-stock	randlist	6.075	353.48	2415919104	5	ff2547c8dfc9c90e5eb6f65e14b3feda61f3dd85b0d465e351788800a850fd4a	ok
3	fixed-gcc-stock	randlist	4.208	510.35	2415919104	5	ff2547c8dfc9c90e5eb6f65e14b3feda61f3dd85b0d465e351788800a850fd4a	ok
3	gcc-tc	randlist	3.815	562.93	2415919104	5	ff2547c8dfc9c90e5eb6f65e14b3feda61f3dd85b0d465e351788800a850fd4a	ok
3	fixed-gcc-tc	randlist	3.797	565.55	2415919104	5	ff2547c8dfc9c90e5eb6f65e14b3feda61f3dd85b0d465e351788800a850fd4a	ok
1	main-gcc-stock	qsort	2.834	757.65	2415919104	5	daad9b63b2013449fba5d90591787dff8817c65d0d9bc57a0d814d2ef4c712ab	ok
1	fixed-gcc-stock	qsort	2.682	800.73	2415919104	5	daad9b63b2013449fba5d90591787dff8817c65d0d9bc57a0d814d2ef4c712ab	ok
1	B-gcc-stock	qsort	2.656	808.61	2415919104	5	daad9b63b2013449fba5d90591787dff8817c65d0d9bc57a0d814d2ef4c712ab	ok
1	gcc-tc	qsort	2.641	813.03	2415919104	5	daad9b63b2013449fba5d90591787dff8817c65d0d9bc57a0d814d2ef4c712ab	ok
1	fixed-gcc-tc	qsort	2.679	801.51	2415919104	5	daad9b63b2013449fba5d90591787dff8817c65d0d9bc57a0d814d2ef4c712ab	ok
1	B-gcc-tc	qsort	2.890	743.13	2415919104	5	daad9b63b2013449fba5d90591787dff8817c65d0d9bc57a0d814d2ef4c712ab	ok
1	fixed-clang-tc	qsort	2.587	830.11	2415919104	5	daad9b63b2013449fba5d90591787dff8817c65d0d9bc57a0d814d2ef4c712ab	ok
1	B-clang-tc	qsort	2.566	836.82	2415919104	5	daad9b63b2013449fba5d90591787dff8817c65d0d9bc57a0d814d2ef4c712ab	ok
1	main-gcc-stock	zlib	2.693	797.58	2415919104	5	be1e876889828625d023972c3bfc8e07f4fece5144eca0fec4b8468571920b5a	ok
1	fixed-gcc-stock	zlib	2.733	785.81	2415919104	5	be1e876889828625d023972c3bfc8e07f4fece5144eca0fec4b8468571920b5a	ok
1	B-gcc-stock	zlib	2.685	799.88	2415919104	5	be1e876889828625d023972c3bfc8e07f4fece5144eca0fec4b8468571920b5a	ok
1	gcc-tc	zlib	2.630	816.44	2415919104	5	be1e876889828625d023972c3bfc8e07f4fece5144eca0fec4b8468571920b5a	ok
1	fixed-gcc-tc	zlib	2.650	810.35	2415919104	5	be1e876889828625d023972c3bfc8e07f4fece5144eca0fec4b8468571920b5a	ok
1	B-gcc-tc	zlib	2.769	775.56	2415919104	5	be1e876889828625d023972c3bfc8e07f4fece5144eca0fec4b8468571920b5a	ok
1	fixed-clang-tc	zlib	2.670	804.40	2415919104	5	be1e876889828625d023972c3bfc8e07f4fece5144eca0fec4b8468571920b5a	ok
1	B-clang-tc	zlib	2.638	814.14	2415919104	5	be1e876889828625d023972c3bfc8e07f4fece5144eca0fec4b8468571920b5a	ok
1	main-gcc-stock	hash	2.345	915.77	2415919104	5	7faadb95a5025daebfcb19715b698c3263c38de7907e186ca1daab75930291a9	ok
1	fixed-gcc-stock	hash	2.504	857.77	2415919104	5	7faadb95a5025daebfcb19715b698c3263c38de7907e186ca1daab75930291a9	ok
1	B-gcc-stock	hash	2.340	917.72	2415919104	5	7faadb95a5025daebfcb19715b698c3263c38de7907e186ca1daab75930291a9	ok
1	gcc-tc	hash	2.346	915.33	2415919104	5	7faadb95a5025daebfcb19715b698c3263c38de7907e186ca1daab75930291a9	ok
1	fixed-gcc-tc	hash	2.353	912.69	2415919104	5	7faadb95a5025daebfcb19715b698c3263c38de7907e186ca1daab75930291a9	ok
1	B-gcc-tc	hash	2.527	849.87	2415919104	5	7faadb95a5025daebfcb19715b698c3263c38de7907e186ca1daab75930291a9	ok
1	fixed-clang-tc	hash	2.357	911.15	2415919104	5	7faadb95a5025daebfcb19715b698c3263c38de7907e186ca1daab75930291a9	ok
1	B-clang-tc	hash	2.315	927.74	2415919104	5	7faadb95a5025daebfcb19715b698c3263c38de7907e186ca1daab75930291a9	ok
1	main-gcc-stock	syscall	6.055	354.66	2415919104	5	42cec926ae99b5b2c0da4cf14907627c80ca32cc217e17c9c968a87a3f8695f2	ok
1	fixed-gcc-stock	syscall	6.256	343.26	2415919104	5	42cec926ae99b5b2c0da4cf14907627c80ca32cc217e17c9c968a87a3f8695f2	ok
1	B-gcc-stock	syscall	6.057	354.57	2415919104	5	42cec926ae99b5b2c0da4cf14907627c80ca32cc217e17c9c968a87a3f8695f2	ok
1	gcc-tc	syscall	5.884	364.99	2415919104	5	42cec926ae99b5b2c0da4cf14907627c80ca32cc217e17c9c968a87a3f8695f2	ok
1	fixed-gcc-tc	syscall	6.006	357.53	2415919104	5	42cec926ae99b5b2c0da4cf14907627c80ca32cc217e17c9c968a87a3f8695f2	ok
1	B-gcc-tc	syscall	6.259	343.08	2415919104	5	42cec926ae99b5b2c0da4cf14907627c80ca32cc217e17c9c968a87a3f8695f2	ok
1	fixed-clang-tc	syscall	5.981	359.06	2415919104	5	42cec926ae99b5b2c0da4cf14907627c80ca32cc217e17c9c968a87a3f8695f2	ok
1	B-clang-tc	syscall	5.916	363.00	2415919104	5	42cec926ae99b5b2c0da4cf14907627c80ca32cc217e17c9c968a87a3f8695f2	ok
1	main-gcc-stock	fp	2.464	871.45	2415919104	5	906dd97cb18890335374e13f06f11d3462076edd39a916310cd65dd5aafb45b7	ok
1	fixed-gcc-stock	fp	2.676	802.36	2415919104	5	906dd97cb18890335374e13f06f11d3462076edd39a916310cd65dd5aafb45b7	ok
1	B-gcc-stock	fp	2.460	873.09	2415919104	5	906dd97cb18890335374e13f06f11d3462076edd39a916310cd65dd5aafb45b7	ok
1	gcc-tc	fp	2.432	882.93	2415919104	5	906dd97cb18890335374e13f06f11d3462076edd39a916310cd65dd5aafb45b7	ok
1	fixed-gcc-tc	fp	2.451	876.15	2415919104	5	906dd97cb18890335374e13f06f11d3462076edd39a916310cd65dd5aafb45b7	ok
1	B-gcc-tc	fp	2.665	805.83	2415919104	5	906dd97cb18890335374e13f06f11d3462076edd39a916310cd65dd5aafb45b7	ok
1	fixed-clang-tc	fp	2.370	905.93	2415919104	5	906dd97cb18890335374e13f06f11d3462076edd39a916310cd65dd5aafb45b7	ok
1	B-clang-tc	fp	2.452	875.96	2415919104	5	906dd97cb18890335374e13f06f11d3462076edd39a916310cd65dd5aafb45b7	ok
1	main-gcc-stock	nop	1.279	1679.48	2415919104	5	da57556b7bc3bfb3034f0e46a44731597514065f16bb82552863d1f9e3d8922b	ok
1	fixed-gcc-stock	nop	1.356	1583.52	2415919104	5	da57556b7bc3bfb3034f0e46a44731597514065f16bb82552863d1f9e3d8922b	ok
1	B-gcc-stock	nop	1.279	1679.37	2415919104	5	da57556b7bc3bfb3034f0e46a44731597514065f16bb82552863d1f9e3d8922b	ok
1	gcc-tc	nop	1.303	1647.99	2415919104	5	da57556b7bc3bfb3034f0e46a44731597514065f16bb82552863d1f9e3d8922b	ok
1	fixed-gcc-tc	nop	1.316	1631.70	2415919104	5	da57556b7bc3bfb3034f0e46a44731597514065f16bb82552863d1f9e3d8922b	ok
1	B-gcc-tc	nop	1.613	1331.33	2415919104	5	da57556b7bc3bfb3034f0e46a44731597514065f16bb82552863d1f9e3d8922b	ok
1	fixed-clang-tc	nop	1.215	1767.94	2415919104	5	da57556b7bc3bfb3034f0e46a44731597514065f16bb82552863d1f9e3d8922b	ok
1	B-clang-tc	nop	1.037	2070.59	2415919104	5	da57556b7bc3bfb3034f0e46a44731597514065f16bb82552863d1f9e3d8922b	ok
1	main-gcc-stock	regs	1.762	1218.91	2415919104	5	8046902ef45b574fa0d049b88f703123dc1dc6906940453019f5439d19dea791	ok
1	fixed-gcc-stock	regs	1.803	1190.73	2415919104	5	8046902ef45b574fa0d049b88f703123dc1dc6906940453019f5439d19dea791	ok
1	B-gcc-stock	regs	1.765	1217.04	2415919104	5	8046902ef45b574fa0d049b88f703123dc1dc6906940453019f5439d19dea791	ok
1	gcc-tc	regs	1.784	1203.44	2415919104	5	8046902ef45b574fa0d049b88f703123dc1dc6906940453019f5439d19dea791	ok
1	fixed-gcc-tc	regs	1.808	1187.94	2415919104	5	8046902ef45b574fa0d049b88f703123dc1dc6906940453019f5439d19dea791	ok
1	B-gcc-tc	regs	1.989	1079.85	2415919104	5	8046902ef45b574fa0d049b88f703123dc1dc6906940453019f5439d19dea791	ok
1	fixed-clang-tc	regs	1.551	1384.37	2415919104	5	8046902ef45b574fa0d049b88f703123dc1dc6906940453019f5439d19dea791	ok
1	B-clang-tc	regs	1.474	1457.04	2415919104	5	8046902ef45b574fa0d049b88f703123dc1dc6906940453019f5439d19dea791	ok
1	main-gcc-stock	cpu	3.533	607.75	2415919104	5	eb324f1c6c0ea8e673c7ec829a4f55d0c80fd4c2ac098b6823a35cde5682c4a5	ok
1	fixed-gcc-stock	cpu	3.705	579.67	2415919104	5	eb324f1c6c0ea8e673c7ec829a4f55d0c80fd4c2ac098b6823a35cde5682c4a5	ok
1	B-gcc-stock	cpu	3.511	611.68	2415919104	5	eb324f1c6c0ea8e673c7ec829a4f55d0c80fd4c2ac098b6823a35cde5682c4a5	ok
1	gcc-tc	cpu	3.507	612.28	2415919104	5	eb324f1c6c0ea8e673c7ec829a4f55d0c80fd4c2ac098b6823a35cde5682c4a5	ok
1	fixed-gcc-tc	cpu	3.484	616.43	2415919104	5	eb324f1c6c0ea8e673c7ec829a4f55d0c80fd4c2ac098b6823a35cde5682c4a5	ok
1	B-gcc-tc	cpu	3.804	564.52	2415919104	5	eb324f1c6c0ea8e673c7ec829a4f55d0c80fd4c2ac098b6823a35cde5682c4a5	ok
1	fixed-clang-tc	cpu	3.422	627.47	2415919104	5	eb324f1c6c0ea8e673c7ec829a4f55d0c80fd4c2ac098b6823a35cde5682c4a5	ok
1	B-clang-tc	cpu	3.475	618.05	2415919104	5	eb324f1c6c0ea8e673c7ec829a4f55d0c80fd4c2ac098b6823a35cde5682c4a5	ok
1	main-gcc-stock	crypt	2.935	731.61	2415919104	5	075ad5f3bef8aaa9bd8daae921884aff4a4c30187ed0bdb9fd30959f75e2709b	ok
1	fixed-gcc-stock	crypt	3.037	707.19	2415919104	5	075ad5f3bef8aaa9bd8daae921884aff4a4c30187ed0bdb9fd30959f75e2709b	ok
1	B-gcc-stock	crypt	2.921	735.26	2415919104	5	075ad5f3bef8aaa9bd8daae921884aff4a4c30187ed0bdb9fd30959f75e2709b	ok
1	gcc-tc	crypt	3.214	668.19	2415919104	5	075ad5f3bef8aaa9bd8daae921884aff4a4c30187ed0bdb9fd30959f75e2709b	ok
1	fixed-gcc-tc	crypt	3.105	691.52	2415919104	5	075ad5f3bef8aaa9bd8daae921884aff4a4c30187ed0bdb9fd30959f75e2709b	ok
1	B-gcc-tc	crypt	3.522	609.78	2415919104	5	075ad5f3bef8aaa9bd8daae921884aff4a4c30187ed0bdb9fd30959f75e2709b	ok
1	fixed-clang-tc	crypt	2.819	761.85	2415919104	5	075ad5f3bef8aaa9bd8daae921884aff4a4c30187ed0bdb9fd30959f75e2709b	ok
1	B-clang-tc	crypt	2.810	764.20	2415919104	5	075ad5f3bef8aaa9bd8daae921884aff4a4c30187ed0bdb9fd30959f75e2709b	ok
1	main-gcc-stock	memcpy	2.228	963.96	2415919104	5	958a3598adc13ecab81628febb41a80775a56c2227b74cbf0a455c0d064f6dd2	ok
1	fixed-gcc-stock	memcpy	2.237	959.95	2415919104	5	958a3598adc13ecab81628febb41a80775a56c2227b74cbf0a455c0d064f6dd2	ok
1	B-gcc-stock	memcpy	2.228	963.90	2415919104	5	958a3598adc13ecab81628febb41a80775a56c2227b74cbf0a455c0d064f6dd2	ok
1	gcc-tc	memcpy	2.224	965.44	2415919104	5	958a3598adc13ecab81628febb41a80775a56c2227b74cbf0a455c0d064f6dd2	ok
1	fixed-gcc-tc	memcpy	2.241	958.45	2415919104	5	958a3598adc13ecab81628febb41a80775a56c2227b74cbf0a455c0d064f6dd2	ok
1	B-gcc-tc	memcpy	2.340	917.80	2415919104	5	958a3598adc13ecab81628febb41a80775a56c2227b74cbf0a455c0d064f6dd2	ok
1	fixed-clang-tc	memcpy	2.155	996.55	2415919104	5	958a3598adc13ecab81628febb41a80775a56c2227b74cbf0a455c0d064f6dd2	ok
1	B-clang-tc	memcpy	2.097	1024.28	2415919104	5	958a3598adc13ecab81628febb41a80775a56c2227b74cbf0a455c0d064f6dd2	ok
1	main-gcc-stock	branch	2.259	950.56	2415919104	5	3bb926ddc35a9ca8bdc7f6dfe2c84757cc27a07ceb7ed7637ddd3e5969b40e8c	ok
1	fixed-gcc-stock	branch	2.362	909.09	2415919104	5	3bb926ddc35a9ca8bdc7f6dfe2c84757cc27a07ceb7ed7637ddd3e5969b40e8c	ok
1	B-gcc-stock	branch	2.269	946.47	2415919104	5	3bb926ddc35a9ca8bdc7f6dfe2c84757cc27a07ceb7ed7637ddd3e5969b40e8c	ok
1	gcc-tc	branch	2.261	949.83	2415919104	5	3bb926ddc35a9ca8bdc7f6dfe2c84757cc27a07ceb7ed7637ddd3e5969b40e8c	ok
1	fixed-gcc-tc	branch	2.388	899.17	2415919104	5	3bb926ddc35a9ca8bdc7f6dfe2c84757cc27a07ceb7ed7637ddd3e5969b40e8c	ok
1	B-gcc-tc	branch	2.332	920.89	2415919104	5	3bb926ddc35a9ca8bdc7f6dfe2c84757cc27a07ceb7ed7637ddd3e5969b40e8c	ok
1	fixed-clang-tc	branch	2.241	958.44	2415919104	5	3bb926ddc35a9ca8bdc7f6dfe2c84757cc27a07ceb7ed7637ddd3e5969b40e8c	ok
1	B-clang-tc	branch	2.121	1012.42	2415919104	5	3bb926ddc35a9ca8bdc7f6dfe2c84757cc27a07ceb7ed7637ddd3e5969b40e8c	ok
1	main-gcc-stock	heapsort	2.470	869.48	2415919104	5	a01ab4e7ef8c8decb06055977002f5b5da8aeb3fa95049718b71a92d1d517adf	ok
1	fixed-gcc-stock	heapsort	2.509	855.88	2415919104	5	a01ab4e7ef8c8decb06055977002f5b5da8aeb3fa95049718b71a92d1d517adf	ok
1	B-gcc-stock	heapsort	2.470	869.43	2415919104	5	a01ab4e7ef8c8decb06055977002f5b5da8aeb3fa95049718b71a92d1d517adf	ok
1	gcc-tc	heapsort	2.462	872.22	2415919104	5	a01ab4e7ef8c8decb06055977002f5b5da8aeb3fa95049718b71a92d1d517adf	ok
1	fixed-gcc-tc	heapsort	2.499	859.48	2415919104	5	a01ab4e7ef8c8decb06055977002f5b5da8aeb3fa95049718b71a92d1d517adf	ok
1	B-gcc-tc	heapsort	2.757	778.89	2415919104	5	a01ab4e7ef8c8decb06055977002f5b5da8aeb3fa95049718b71a92d1d517adf	ok
1	fixed-clang-tc	heapsort	2.481	865.50	2415919104	5	a01ab4e7ef8c8decb06055977002f5b5da8aeb3fa95049718b71a92d1d517adf	ok
1	B-clang-tc	heapsort	2.441	879.64	2415919104	5	a01ab4e7ef8c8decb06055977002f5b5da8aeb3fa95049718b71a92d1d517adf	ok
1	main-gcc-stock	tsearch	3.898	550.86	2415919104	5	35451ee71307997f2b1b494651a5fbd4257517350c84a0a993817a6e38fc713b	ok
1	fixed-gcc-stock	tsearch	4.026	533.42	2415919104	5	35451ee71307997f2b1b494651a5fbd4257517350c84a0a993817a6e38fc713b	ok
1	B-gcc-stock	tsearch	3.895	551.35	2415919104	5	35451ee71307997f2b1b494651a5fbd4257517350c84a0a993817a6e38fc713b	ok
1	gcc-tc	tsearch	4.109	522.66	2415919104	5	35451ee71307997f2b1b494651a5fbd4257517350c84a0a993817a6e38fc713b	ok
1	fixed-gcc-tc	tsearch	3.989	538.32	2415919104	5	35451ee71307997f2b1b494651a5fbd4257517350c84a0a993817a6e38fc713b	ok
1	B-gcc-tc	tsearch	4.296	499.85	2415919104	5	35451ee71307997f2b1b494651a5fbd4257517350c84a0a993817a6e38fc713b	ok
1	fixed-clang-tc	tsearch	4.030	532.88	2415919104	5	35451ee71307997f2b1b494651a5fbd4257517350c84a0a993817a6e38fc713b	ok
1	B-clang-tc	tsearch	3.970	540.92	2415919104	5	35451ee71307997f2b1b494651a5fbd4257517350c84a0a993817a6e38fc713b	ok
1	main-gcc-stock	matrix-3d	9.266	231.76	2415919104	5	e0bb44ec0b8c878093bff8307da03316a00c102a16babcbc42ceb8ca6e4cf0fe	ok
1	fixed-gcc-stock	matrix-3d	9.760	220.04	2415919104	5	e0bb44ec0b8c878093bff8307da03316a00c102a16babcbc42ceb8ca6e4cf0fe	ok
1	B-gcc-stock	matrix-3d	9.279	231.44	2415919104	5	e0bb44ec0b8c878093bff8307da03316a00c102a16babcbc42ceb8ca6e4cf0fe	ok
1	gcc-tc	matrix-3d	9.530	225.35	2415919104	5	e0bb44ec0b8c878093bff8307da03316a00c102a16babcbc42ceb8ca6e4cf0fe	ok
1	fixed-gcc-tc	matrix-3d	9.407	228.28	2415919104	5	e0bb44ec0b8c878093bff8307da03316a00c102a16babcbc42ceb8ca6e4cf0fe	ok
1	B-gcc-tc	matrix-3d	9.698	221.43	2415919104	5	e0bb44ec0b8c878093bff8307da03316a00c102a16babcbc42ceb8ca6e4cf0fe	ok
1	fixed-clang-tc	matrix-3d	9.666	222.17	2415919104	5	e0bb44ec0b8c878093bff8307da03316a00c102a16babcbc42ceb8ca6e4cf0fe	ok
1	B-clang-tc	matrix-3d	9.589	223.96	2415919104	5	e0bb44ec0b8c878093bff8307da03316a00c102a16babcbc42ceb8ca6e4cf0fe	ok
1	main-gcc-stock	tree	4.259	504.24	2415919104	5	aaacf4808d9da670176f52ce3fa35924ce51d90d4fb24440308902b6302f92d4	ok
1	fixed-gcc-stock	tree	4.369	491.48	2415919104	5	aaacf4808d9da670176f52ce3fa35924ce51d90d4fb24440308902b6302f92d4	ok
1	B-gcc-stock	tree	4.262	503.81	2415919104	5	aaacf4808d9da670176f52ce3fa35924ce51d90d4fb24440308902b6302f92d4	ok
1	gcc-tc	tree	4.294	500.16	2415919104	5	aaacf4808d9da670176f52ce3fa35924ce51d90d4fb24440308902b6302f92d4	ok
1	fixed-gcc-tc	tree	4.378	490.52	2415919104	5	aaacf4808d9da670176f52ce3fa35924ce51d90d4fb24440308902b6302f92d4	ok
1	B-gcc-tc	tree	4.685	458.39	2415919104	5	aaacf4808d9da670176f52ce3fa35924ce51d90d4fb24440308902b6302f92d4	ok
1	fixed-clang-tc	tree	4.237	506.87	2415919104	5	aaacf4808d9da670176f52ce3fa35924ce51d90d4fb24440308902b6302f92d4	ok
1	B-clang-tc	tree	4.243	506.13	2415919104	5	aaacf4808d9da670176f52ce3fa35924ce51d90d4fb24440308902b6302f92d4	ok
1	main-gcc-stock	malloc	7.104	302.28	2415919104	5	bc106f77f0341f5e4be9c92901b33c15b5007cb13195b0f0c68d678b1ed2a2cf	ok
1	fixed-gcc-stock	malloc	7.501	286.28	2415919104	5	bc106f77f0341f5e4be9c92901b33c15b5007cb13195b0f0c68d678b1ed2a2cf	ok
1	B-gcc-stock	malloc	7.236	296.77	2415919104	5	bc106f77f0341f5e4be9c92901b33c15b5007cb13195b0f0c68d678b1ed2a2cf	ok
1	gcc-tc	malloc	7.243	296.48	2415919104	5	bc106f77f0341f5e4be9c92901b33c15b5007cb13195b0f0c68d678b1ed2a2cf	ok
1	fixed-gcc-tc	malloc	7.480	287.10	2415919104	5	bc106f77f0341f5e4be9c92901b33c15b5007cb13195b0f0c68d678b1ed2a2cf	ok
1	B-gcc-tc	malloc	7.501	286.31	2415919104	5	bc106f77f0341f5e4be9c92901b33c15b5007cb13195b0f0c68d678b1ed2a2cf	ok
1	fixed-clang-tc	malloc	7.412	289.72	2415919104	5	bc106f77f0341f5e4be9c92901b33c15b5007cb13195b0f0c68d678b1ed2a2cf	ok
1	B-clang-tc	malloc	7.363	291.66	2415919104	5	bc106f77f0341f5e4be9c92901b33c15b5007cb13195b0f0c68d678b1ed2a2cf	ok
1	main-gcc-stock	randlist	3.737	574.66	2415919104	5	ff2547c8dfc9c90e5eb6f65e14b3feda61f3dd85b0d465e351788800a850fd4a	ok
1	fixed-gcc-stock	randlist	4.204	510.76	2415919104	5	ff2547c8dfc9c90e5eb6f65e14b3feda61f3dd85b0d465e351788800a850fd4a	ok
1	B-gcc-stock	randlist	3.734	575.05	2415919104	5	ff2547c8dfc9c90e5eb6f65e14b3feda61f3dd85b0d465e351788800a850fd4a	ok
1	gcc-tc	randlist	3.796	565.71	2415919104	5	ff2547c8dfc9c90e5eb6f65e14b3feda61f3dd85b0d465e351788800a850fd4a	ok
1	fixed-gcc-tc	randlist	3.794	566.09	2415919104	5	ff2547c8dfc9c90e5eb6f65e14b3feda61f3dd85b0d465e351788800a850fd4a	ok
1	B-gcc-tc	randlist	4.039	531.66	2415919104	5	ff2547c8dfc9c90e5eb6f65e14b3feda61f3dd85b0d465e351788800a850fd4a	ok
1	fixed-clang-tc	randlist	3.785	567.34	2415919104	5	ff2547c8dfc9c90e5eb6f65e14b3feda61f3dd85b0d465e351788800a850fd4a	ok
1	B-clang-tc	randlist	3.890	552.02	2415919104	5	ff2547c8dfc9c90e5eb6f65e14b3feda61f3dd85b0d465e351788800a850fd4a	ok
2	main-gcc-stock	qsort	2.836	757.19	2415919104	5	daad9b63b2013449fba5d90591787dff8817c65d0d9bc57a0d814d2ef4c712ab	ok
2	fixed-gcc-stock	qsort	2.696	796.45	2415919104	5	daad9b63b2013449fba5d90591787dff8817c65d0d9bc57a0d814d2ef4c712ab	ok
2	B-gcc-stock	qsort	2.658	808.07	2415919104	5	daad9b63b2013449fba5d90591787dff8817c65d0d9bc57a0d814d2ef4c712ab	ok
2	gcc-tc	qsort	2.638	814.12	2415919104	5	daad9b63b2013449fba5d90591787dff8817c65d0d9bc57a0d814d2ef4c712ab	ok
2	fixed-gcc-tc	qsort	2.685	799.67	2415919104	5	daad9b63b2013449fba5d90591787dff8817c65d0d9bc57a0d814d2ef4c712ab	ok
2	B-gcc-tc	qsort	2.889	743.37	2415919104	5	daad9b63b2013449fba5d90591787dff8817c65d0d9bc57a0d814d2ef4c712ab	ok
2	fixed-clang-tc	qsort	2.589	829.54	2415919104	5	daad9b63b2013449fba5d90591787dff8817c65d0d9bc57a0d814d2ef4c712ab	ok
2	B-clang-tc	qsort	2.566	837.06	2415919104	5	daad9b63b2013449fba5d90591787dff8817c65d0d9bc57a0d814d2ef4c712ab	ok
2	main-gcc-stock	zlib	2.673	803.47	2415919104	5	be1e876889828625d023972c3bfc8e07f4fece5144eca0fec4b8468571920b5a	ok
2	fixed-gcc-stock	zlib	2.734	785.52	2415919104	5	be1e876889828625d023972c3bfc8e07f4fece5144eca0fec4b8468571920b5a	ok
2	B-gcc-stock	zlib	2.685	799.88	2415919104	5	be1e876889828625d023972c3bfc8e07f4fece5144eca0fec4b8468571920b5a	ok
2	gcc-tc	zlib	2.630	816.62	2415919104	5	be1e876889828625d023972c3bfc8e07f4fece5144eca0fec4b8468571920b5a	ok
2	fixed-gcc-tc	zlib	2.649	810.53	2415919104	5	be1e876889828625d023972c3bfc8e07f4fece5144eca0fec4b8468571920b5a	ok
2	B-gcc-tc	zlib	2.771	775.09	2415919104	5	be1e876889828625d023972c3bfc8e07f4fece5144eca0fec4b8468571920b5a	ok
2	fixed-clang-tc	zlib	2.661	807.01	2415919104	5	be1e876889828625d023972c3bfc8e07f4fece5144eca0fec4b8468571920b5a	ok
2	B-clang-tc	zlib	2.638	814.05	2415919104	5	be1e876889828625d023972c3bfc8e07f4fece5144eca0fec4b8468571920b5a	ok
2	main-gcc-stock	hash	2.343	916.40	2415919104	5	7faadb95a5025daebfcb19715b698c3263c38de7907e186ca1daab75930291a9	ok
2	fixed-gcc-stock	hash	2.505	857.26	2415919104	5	7faadb95a5025daebfcb19715b698c3263c38de7907e186ca1daab75930291a9	ok
2	B-gcc-stock	hash	2.340	917.62	2415919104	5	7faadb95a5025daebfcb19715b698c3263c38de7907e186ca1daab75930291a9	ok
2	gcc-tc	hash	2.346	915.24	2415919104	5	7faadb95a5025daebfcb19715b698c3263c38de7907e186ca1daab75930291a9	ok
2	fixed-gcc-tc	hash	2.351	913.32	2415919104	5	7faadb95a5025daebfcb19715b698c3263c38de7907e186ca1daab75930291a9	ok
2	B-gcc-tc	hash	2.527	849.78	2415919104	5	7faadb95a5025daebfcb19715b698c3263c38de7907e186ca1daab75930291a9	ok
2	fixed-clang-tc	hash	2.364	908.59	2415919104	5	7faadb95a5025daebfcb19715b698c3263c38de7907e186ca1daab75930291a9	ok
2	B-clang-tc	hash	2.320	925.72	2415919104	5	7faadb95a5025daebfcb19715b698c3263c38de7907e186ca1daab75930291a9	ok
2	main-gcc-stock	syscall	6.050	354.96	2415919104	5	42cec926ae99b5b2c0da4cf14907627c80ca32cc217e17c9c968a87a3f8695f2	ok
2	fixed-gcc-stock	syscall	6.252	343.49	2415919104	5	42cec926ae99b5b2c0da4cf14907627c80ca32cc217e17c9c968a87a3f8695f2	ok
2	B-gcc-stock	syscall	6.023	356.54	2415919104	5	42cec926ae99b5b2c0da4cf14907627c80ca32cc217e17c9c968a87a3f8695f2	ok
2	gcc-tc	syscall	5.880	365.23	2415919104	5	42cec926ae99b5b2c0da4cf14907627c80ca32cc217e17c9c968a87a3f8695f2	ok
2	fixed-gcc-tc	syscall	5.988	358.62	2415919104	5	42cec926ae99b5b2c0da4cf14907627c80ca32cc217e17c9c968a87a3f8695f2	ok
2	B-gcc-tc	syscall	6.242	344.05	2415919104	5	42cec926ae99b5b2c0da4cf14907627c80ca32cc217e17c9c968a87a3f8695f2	ok
2	fixed-clang-tc	syscall	6.002	357.81	2415919104	5	42cec926ae99b5b2c0da4cf14907627c80ca32cc217e17c9c968a87a3f8695f2	ok
2	B-clang-tc	syscall	5.913	363.15	2415919104	5	42cec926ae99b5b2c0da4cf14907627c80ca32cc217e17c9c968a87a3f8695f2	ok
2	main-gcc-stock	fp	2.443	879.21	2415919104	5	906dd97cb18890335374e13f06f11d3462076edd39a916310cd65dd5aafb45b7	ok
2	fixed-gcc-stock	fp	2.685	799.95	2415919104	5	906dd97cb18890335374e13f06f11d3462076edd39a916310cd65dd5aafb45b7	ok
2	B-gcc-stock	fp	2.448	877.09	2415919104	5	906dd97cb18890335374e13f06f11d3462076edd39a916310cd65dd5aafb45b7	ok
2	gcc-tc	fp	2.447	877.69	2415919104	5	906dd97cb18890335374e13f06f11d3462076edd39a916310cd65dd5aafb45b7	ok
2	fixed-gcc-tc	fp	2.455	874.83	2415919104	5	906dd97cb18890335374e13f06f11d3462076edd39a916310cd65dd5aafb45b7	ok
2	B-gcc-tc	fp	2.680	801.20	2415919104	5	906dd97cb18890335374e13f06f11d3462076edd39a916310cd65dd5aafb45b7	ok
2	fixed-clang-tc	fp	2.375	904.33	2415919104	5	906dd97cb18890335374e13f06f11d3462076edd39a916310cd65dd5aafb45b7	ok
2	B-clang-tc	fp	2.438	880.95	2415919104	5	906dd97cb18890335374e13f06f11d3462076edd39a916310cd65dd5aafb45b7	ok
2	main-gcc-stock	nop	1.278	1679.88	2415919104	5	da57556b7bc3bfb3034f0e46a44731597514065f16bb82552863d1f9e3d8922b	ok
2	fixed-gcc-stock	nop	1.352	1588.17	2415919104	5	da57556b7bc3bfb3034f0e46a44731597514065f16bb82552863d1f9e3d8922b	ok
2	B-gcc-stock	nop	1.278	1679.77	2415919104	5	da57556b7bc3bfb3034f0e46a44731597514065f16bb82552863d1f9e3d8922b	ok
2	gcc-tc	nop	1.303	1648.29	2415919104	5	da57556b7bc3bfb3034f0e46a44731597514065f16bb82552863d1f9e3d8922b	ok
2	fixed-gcc-tc	nop	1.317	1630.61	2415919104	5	da57556b7bc3bfb3034f0e46a44731597514065f16bb82552863d1f9e3d8922b	ok
2	B-gcc-tc	nop	1.592	1348.57	2415919104	5	da57556b7bc3bfb3034f0e46a44731597514065f16bb82552863d1f9e3d8922b	ok
2	fixed-clang-tc	nop	1.214	1768.61	2415919104	5	da57556b7bc3bfb3034f0e46a44731597514065f16bb82552863d1f9e3d8922b	ok
2	B-clang-tc	nop	1.037	2070.39	2415919104	5	da57556b7bc3bfb3034f0e46a44731597514065f16bb82552863d1f9e3d8922b	ok
2	main-gcc-stock	regs	1.762	1218.59	2415919104	5	8046902ef45b574fa0d049b88f703123dc1dc6906940453019f5439d19dea791	ok
2	fixed-gcc-stock	regs	1.802	1191.46	2415919104	5	8046902ef45b574fa0d049b88f703123dc1dc6906940453019f5439d19dea791	ok
2	B-gcc-stock	regs	1.764	1217.32	2415919104	5	8046902ef45b574fa0d049b88f703123dc1dc6906940453019f5439d19dea791	ok
2	gcc-tc	regs	1.786	1202.21	2415919104	5	8046902ef45b574fa0d049b88f703123dc1dc6906940453019f5439d19dea791	ok
2	fixed-gcc-tc	regs	1.807	1188.44	2415919104	5	8046902ef45b574fa0d049b88f703123dc1dc6906940453019f5439d19dea791	ok
2	B-gcc-tc	regs	1.994	1076.95	2415919104	5	8046902ef45b574fa0d049b88f703123dc1dc6906940453019f5439d19dea791	ok
2	fixed-clang-tc	regs	1.552	1384.08	2415919104	5	8046902ef45b574fa0d049b88f703123dc1dc6906940453019f5439d19dea791	ok
2	B-clang-tc	regs	1.474	1457.03	2415919104	5	8046902ef45b574fa0d049b88f703123dc1dc6906940453019f5439d19dea791	ok
2	main-gcc-stock	cpu	3.524	609.37	2415919104	5	eb324f1c6c0ea8e673c7ec829a4f55d0c80fd4c2ac098b6823a35cde5682c4a5	ok
2	fixed-gcc-stock	cpu	3.716	577.85	2415919104	5	eb324f1c6c0ea8e673c7ec829a4f55d0c80fd4c2ac098b6823a35cde5682c4a5	ok
2	B-gcc-stock	cpu	3.537	607.07	2415919104	5	eb324f1c6c0ea8e673c7ec829a4f55d0c80fd4c2ac098b6823a35cde5682c4a5	ok
2	gcc-tc	cpu	3.513	611.27	2415919104	5	eb324f1c6c0ea8e673c7ec829a4f55d0c80fd4c2ac098b6823a35cde5682c4a5	ok
2	fixed-gcc-tc	cpu	3.504	612.95	2415919104	5	eb324f1c6c0ea8e673c7ec829a4f55d0c80fd4c2ac098b6823a35cde5682c4a5	ok
2	B-gcc-tc	cpu	3.809	563.82	2415919104	5	eb324f1c6c0ea8e673c7ec829a4f55d0c80fd4c2ac098b6823a35cde5682c4a5	ok
2	fixed-clang-tc	cpu	3.436	624.95	2415919104	5	eb324f1c6c0ea8e673c7ec829a4f55d0c80fd4c2ac098b6823a35cde5682c4a5	ok
2	B-clang-tc	cpu	3.504	612.84	2415919104	5	eb324f1c6c0ea8e673c7ec829a4f55d0c80fd4c2ac098b6823a35cde5682c4a5	ok
2	main-gcc-stock	crypt	2.937	731.27	2415919104	5	075ad5f3bef8aaa9bd8daae921884aff4a4c30187ed0bdb9fd30959f75e2709b	ok
2	fixed-gcc-stock	crypt	3.061	701.67	2415919104	5	075ad5f3bef8aaa9bd8daae921884aff4a4c30187ed0bdb9fd30959f75e2709b	ok
2	B-gcc-stock	crypt	2.917	736.10	2415919104	5	075ad5f3bef8aaa9bd8daae921884aff4a4c30187ed0bdb9fd30959f75e2709b	ok
2	gcc-tc	crypt	3.212	668.61	2415919104	5	075ad5f3bef8aaa9bd8daae921884aff4a4c30187ed0bdb9fd30959f75e2709b	ok
2	fixed-gcc-tc	crypt	3.180	675.41	2415919104	5	075ad5f3bef8aaa9bd8daae921884aff4a4c30187ed0bdb9fd30959f75e2709b	ok
2	B-gcc-tc	crypt	3.556	603.94	2415919104	5	075ad5f3bef8aaa9bd8daae921884aff4a4c30187ed0bdb9fd30959f75e2709b	ok
2	fixed-clang-tc	crypt	2.839	756.48	2415919104	5	075ad5f3bef8aaa9bd8daae921884aff4a4c30187ed0bdb9fd30959f75e2709b	ok
2	B-clang-tc	crypt	2.797	767.85	2415919104	5	075ad5f3bef8aaa9bd8daae921884aff4a4c30187ed0bdb9fd30959f75e2709b	ok
2	main-gcc-stock	memcpy	2.226	964.58	2415919104	5	958a3598adc13ecab81628febb41a80775a56c2227b74cbf0a455c0d064f6dd2	ok
2	fixed-gcc-stock	memcpy	2.237	959.87	2415919104	5	958a3598adc13ecab81628febb41a80775a56c2227b74cbf0a455c0d064f6dd2	ok
2	B-gcc-stock	memcpy	2.226	964.91	2415919104	5	958a3598adc13ecab81628febb41a80775a56c2227b74cbf0a455c0d064f6dd2	ok
2	gcc-tc	memcpy	2.225	965.26	2415919104	5	958a3598adc13ecab81628febb41a80775a56c2227b74cbf0a455c0d064f6dd2	ok
2	fixed-gcc-tc	memcpy	2.246	956.26	2415919104	5	958a3598adc13ecab81628febb41a80775a56c2227b74cbf0a455c0d064f6dd2	ok
2	B-gcc-tc	memcpy	2.339	918.12	2415919104	5	958a3598adc13ecab81628febb41a80775a56c2227b74cbf0a455c0d064f6dd2	ok
2	fixed-clang-tc	memcpy	2.158	995.21	2415919104	5	958a3598adc13ecab81628febb41a80775a56c2227b74cbf0a455c0d064f6dd2	ok
2	B-clang-tc	memcpy	2.098	1023.37	2415919104	5	958a3598adc13ecab81628febb41a80775a56c2227b74cbf0a455c0d064f6dd2	ok
2	main-gcc-stock	branch	2.259	950.65	2415919104	5	3bb926ddc35a9ca8bdc7f6dfe2c84757cc27a07ceb7ed7637ddd3e5969b40e8c	ok
2	fixed-gcc-stock	branch	2.350	913.96	2415919104	5	3bb926ddc35a9ca8bdc7f6dfe2c84757cc27a07ceb7ed7637ddd3e5969b40e8c	ok
2	B-gcc-stock	branch	2.253	953.12	2415919104	5	3bb926ddc35a9ca8bdc7f6dfe2c84757cc27a07ceb7ed7637ddd3e5969b40e8c	ok
2	gcc-tc	branch	2.266	947.53	2415919104	5	3bb926ddc35a9ca8bdc7f6dfe2c84757cc27a07ceb7ed7637ddd3e5969b40e8c	ok
2	fixed-gcc-tc	branch	2.325	923.77	2415919104	5	3bb926ddc35a9ca8bdc7f6dfe2c84757cc27a07ceb7ed7637ddd3e5969b40e8c	ok
2	B-gcc-tc	branch	2.346	915.48	2415919104	5	3bb926ddc35a9ca8bdc7f6dfe2c84757cc27a07ceb7ed7637ddd3e5969b40e8c	ok
2	fixed-clang-tc	branch	2.234	961.35	2415919104	5	3bb926ddc35a9ca8bdc7f6dfe2c84757cc27a07ceb7ed7637ddd3e5969b40e8c	ok
2	B-clang-tc	branch	2.148	999.86	2415919104	5	3bb926ddc35a9ca8bdc7f6dfe2c84757cc27a07ceb7ed7637ddd3e5969b40e8c	ok
2	main-gcc-stock	heapsort	2.471	869.21	2415919104	5	a01ab4e7ef8c8decb06055977002f5b5da8aeb3fa95049718b71a92d1d517adf	ok
2	fixed-gcc-stock	heapsort	2.522	851.59	2415919104	5	a01ab4e7ef8c8decb06055977002f5b5da8aeb3fa95049718b71a92d1d517adf	ok
2	B-gcc-stock	heapsort	2.483	865.01	2415919104	5	a01ab4e7ef8c8decb06055977002f5b5da8aeb3fa95049718b71a92d1d517adf	ok
2	gcc-tc	heapsort	2.466	870.76	2415919104	5	a01ab4e7ef8c8decb06055977002f5b5da8aeb3fa95049718b71a92d1d517adf	ok
2	fixed-gcc-tc	heapsort	2.524	850.92	2415919104	5	a01ab4e7ef8c8decb06055977002f5b5da8aeb3fa95049718b71a92d1d517adf	ok
2	B-gcc-tc	heapsort	2.755	779.58	2415919104	5	a01ab4e7ef8c8decb06055977002f5b5da8aeb3fa95049718b71a92d1d517adf	ok
2	fixed-clang-tc	heapsort	2.484	864.69	2415919104	5	a01ab4e7ef8c8decb06055977002f5b5da8aeb3fa95049718b71a92d1d517adf	ok
2	B-clang-tc	heapsort	2.432	883.06	2415919104	5	a01ab4e7ef8c8decb06055977002f5b5da8aeb3fa95049718b71a92d1d517adf	ok
2	main-gcc-stock	tsearch	4.024	533.63	2415919104	5	35451ee71307997f2b1b494651a5fbd4257517350c84a0a993817a6e38fc713b	ok
2	fixed-gcc-stock	tsearch	4.070	527.69	2415919104	5	35451ee71307997f2b1b494651a5fbd4257517350c84a0a993817a6e38fc713b	ok
2	B-gcc-stock	tsearch	3.868	555.25	2415919104	5	35451ee71307997f2b1b494651a5fbd4257517350c84a0a993817a6e38fc713b	ok
2	gcc-tc	tsearch	4.003	536.45	2415919104	5	35451ee71307997f2b1b494651a5fbd4257517350c84a0a993817a6e38fc713b	ok
2	fixed-gcc-tc	tsearch	4.083	525.93	2415919104	5	35451ee71307997f2b1b494651a5fbd4257517350c84a0a993817a6e38fc713b	ok
2	B-gcc-tc	tsearch	4.309	498.34	2415919104	5	35451ee71307997f2b1b494651a5fbd4257517350c84a0a993817a6e38fc713b	ok
2	fixed-clang-tc	tsearch	3.872	554.63	2415919104	5	35451ee71307997f2b1b494651a5fbd4257517350c84a0a993817a6e38fc713b	ok
2	B-clang-tc	tsearch	3.854	557.14	2415919104	5	35451ee71307997f2b1b494651a5fbd4257517350c84a0a993817a6e38fc713b	ok
2	main-gcc-stock	matrix-3d	9.274	231.56	2415919104	5	e0bb44ec0b8c878093bff8307da03316a00c102a16babcbc42ceb8ca6e4cf0fe	ok
2	fixed-gcc-stock	matrix-3d	9.627	223.07	2415919104	5	e0bb44ec0b8c878093bff8307da03316a00c102a16babcbc42ceb8ca6e4cf0fe	ok
2	B-gcc-stock	matrix-3d	9.275	231.53	2415919104	5	e0bb44ec0b8c878093bff8307da03316a00c102a16babcbc42ceb8ca6e4cf0fe	ok
2	gcc-tc	matrix-3d	9.545	224.97	2415919104	5	e0bb44ec0b8c878093bff8307da03316a00c102a16babcbc42ceb8ca6e4cf0fe	ok
2	fixed-gcc-tc	matrix-3d	9.412	228.15	2415919104	5	e0bb44ec0b8c878093bff8307da03316a00c102a16babcbc42ceb8ca6e4cf0fe	ok
2	B-gcc-tc	matrix-3d	9.709	221.19	2415919104	5	e0bb44ec0b8c878093bff8307da03316a00c102a16babcbc42ceb8ca6e4cf0fe	ok
2	fixed-clang-tc	matrix-3d	9.662	222.27	2415919104	5	e0bb44ec0b8c878093bff8307da03316a00c102a16babcbc42ceb8ca6e4cf0fe	ok
2	B-clang-tc	matrix-3d	9.561	224.60	2415919104	5	e0bb44ec0b8c878093bff8307da03316a00c102a16babcbc42ceb8ca6e4cf0fe	ok
2	main-gcc-stock	tree	4.257	504.41	2415919104	5	aaacf4808d9da670176f52ce3fa35924ce51d90d4fb24440308902b6302f92d4	ok
2	fixed-gcc-stock	tree	4.368	491.62	2415919104	5	aaacf4808d9da670176f52ce3fa35924ce51d90d4fb24440308902b6302f92d4	ok
2	B-gcc-stock	tree	4.255	504.65	2415919104	5	aaacf4808d9da670176f52ce3fa35924ce51d90d4fb24440308902b6302f92d4	ok
2	gcc-tc	tree	4.260	504.13	2415919104	5	aaacf4808d9da670176f52ce3fa35924ce51d90d4fb24440308902b6302f92d4	ok
2	fixed-gcc-tc	tree	4.379	490.43	2415919104	5	aaacf4808d9da670176f52ce3fa35924ce51d90d4fb24440308902b6302f92d4	ok
2	B-gcc-tc	tree	4.661	460.70	2415919104	5	aaacf4808d9da670176f52ce3fa35924ce51d90d4fb24440308902b6302f92d4	ok
2	fixed-clang-tc	tree	4.261	504.01	2415919104	5	aaacf4808d9da670176f52ce3fa35924ce51d90d4fb24440308902b6302f92d4	ok
2	B-clang-tc	tree	4.230	507.71	2415919104	5	aaacf4808d9da670176f52ce3fa35924ce51d90d4fb24440308902b6302f92d4	ok
2	main-gcc-stock	malloc	7.067	303.87	2415919104	5	bc106f77f0341f5e4be9c92901b33c15b5007cb13195b0f0c68d678b1ed2a2cf	ok
2	fixed-gcc-stock	malloc	7.426	289.17	2415919104	5	bc106f77f0341f5e4be9c92901b33c15b5007cb13195b0f0c68d678b1ed2a2cf	ok
2	B-gcc-stock	malloc	7.231	296.97	2415919104	5	bc106f77f0341f5e4be9c92901b33c15b5007cb13195b0f0c68d678b1ed2a2cf	ok
2	gcc-tc	malloc	7.243	296.48	2415919104	5	bc106f77f0341f5e4be9c92901b33c15b5007cb13195b0f0c68d678b1ed2a2cf	ok
2	fixed-gcc-tc	malloc	7.496	286.49	2415919104	5	bc106f77f0341f5e4be9c92901b33c15b5007cb13195b0f0c68d678b1ed2a2cf	ok
2	B-gcc-tc	malloc	7.516	285.72	2415919104	5	bc106f77f0341f5e4be9c92901b33c15b5007cb13195b0f0c68d678b1ed2a2cf	ok
2	fixed-clang-tc	malloc	7.450	288.26	2415919104	5	bc106f77f0341f5e4be9c92901b33c15b5007cb13195b0f0c68d678b1ed2a2cf	ok
2	B-clang-tc	malloc	7.385	290.78	2415919104	5	bc106f77f0341f5e4be9c92901b33c15b5007cb13195b0f0c68d678b1ed2a2cf	ok
2	main-gcc-stock	randlist	3.764	570.52	2415919104	5	ff2547c8dfc9c90e5eb6f65e14b3feda61f3dd85b0d465e351788800a850fd4a	ok
2	fixed-gcc-stock	randlist	4.208	510.29	2415919104	5	ff2547c8dfc9c90e5eb6f65e14b3feda61f3dd85b0d465e351788800a850fd4a	ok
2	B-gcc-stock	randlist	3.714	578.22	2415919104	5	ff2547c8dfc9c90e5eb6f65e14b3feda61f3dd85b0d465e351788800a850fd4a	ok
2	gcc-tc	randlist	3.792	566.36	2415919104	5	ff2547c8dfc9c90e5eb6f65e14b3feda61f3dd85b0d465e351788800a850fd4a	ok
2	fixed-gcc-tc	randlist	3.800	565.18	2415919104	5	ff2547c8dfc9c90e5eb6f65e14b3feda61f3dd85b0d465e351788800a850fd4a	ok
2	B-gcc-tc	randlist	4.024	533.63	2415919104	5	ff2547c8dfc9c90e5eb6f65e14b3feda61f3dd85b0d465e351788800a850fd4a	ok
2	fixed-clang-tc	randlist	3.796	565.65	2415919104	5	ff2547c8dfc9c90e5eb6f65e14b3feda61f3dd85b0d465e351788800a850fd4a	ok
2	B-clang-tc	randlist	3.896	551.25	2415919104	5	ff2547c8dfc9c90e5eb6f65e14b3feda61f3dd85b0d465e351788800a850fd4a	ok
3	main-gcc-stock	qsort	2.697	796.32	2415919104	5	daad9b63b2013449fba5d90591787dff8817c65d0d9bc57a0d814d2ef4c712ab	ok
3	fixed-gcc-stock	qsort	2.687	799.21	2415919104	5	daad9b63b2013449fba5d90591787dff8817c65d0d9bc57a0d814d2ef4c712ab	ok
3	B-gcc-stock	qsort	2.666	805.55	2415919104	5	daad9b63b2013449fba5d90591787dff8817c65d0d9bc57a0d814d2ef4c712ab	ok
3	gcc-tc	qsort	2.641	813.29	2415919104	5	daad9b63b2013449fba5d90591787dff8817c65d0d9bc57a0d814d2ef4c712ab	ok
3	fixed-gcc-tc	qsort	2.697	796.39	2415919104	5	daad9b63b2013449fba5d90591787dff8817c65d0d9bc57a0d814d2ef4c712ab	ok
3	B-gcc-tc	qsort	2.887	743.87	2415919104	5	daad9b63b2013449fba5d90591787dff8817c65d0d9bc57a0d814d2ef4c712ab	ok
3	fixed-clang-tc	qsort	2.591	828.74	2415919104	5	daad9b63b2013449fba5d90591787dff8817c65d0d9bc57a0d814d2ef4c712ab	ok
3	B-clang-tc	qsort	2.565	837.37	2415919104	5	daad9b63b2013449fba5d90591787dff8817c65d0d9bc57a0d814d2ef4c712ab	ok
3	main-gcc-stock	zlib	2.667	805.34	2415919104	5	be1e876889828625d023972c3bfc8e07f4fece5144eca0fec4b8468571920b5a	ok
3	fixed-gcc-stock	zlib	2.715	790.91	2415919104	5	be1e876889828625d023972c3bfc8e07f4fece5144eca0fec4b8468571920b5a	ok
3	B-gcc-stock	zlib	2.665	805.91	2415919104	5	be1e876889828625d023972c3bfc8e07f4fece5144eca0fec4b8468571920b5a	ok
3	gcc-tc	zlib	2.608	823.44	2415919104	5	be1e876889828625d023972c3bfc8e07f4fece5144eca0fec4b8468571920b5a	ok
3	fixed-gcc-tc	zlib	2.641	813.11	2415919104	5	be1e876889828625d023972c3bfc8e07f4fece5144eca0fec4b8468571920b5a	ok
3	B-gcc-tc	zlib	2.777	773.43	2415919104	5	be1e876889828625d023972c3bfc8e07f4fece5144eca0fec4b8468571920b5a	ok
3	fixed-clang-tc	zlib	2.648	811.07	2415919104	5	be1e876889828625d023972c3bfc8e07f4fece5144eca0fec4b8468571920b5a	ok
3	B-clang-tc	zlib	2.620	819.57	2415919104	5	be1e876889828625d023972c3bfc8e07f4fece5144eca0fec4b8468571920b5a	ok
3	main-gcc-stock	hash	2.342	917.05	2415919104	5	7faadb95a5025daebfcb19715b698c3263c38de7907e186ca1daab75930291a9	ok
3	fixed-gcc-stock	hash	2.503	858.08	2415919104	5	7faadb95a5025daebfcb19715b698c3263c38de7907e186ca1daab75930291a9	ok
3	B-gcc-stock	hash	2.340	917.65	2415919104	5	7faadb95a5025daebfcb19715b698c3263c38de7907e186ca1daab75930291a9	ok
3	gcc-tc	hash	2.350	913.71	2415919104	5	7faadb95a5025daebfcb19715b698c3263c38de7907e186ca1daab75930291a9	ok
3	fixed-gcc-tc	hash	2.353	912.82	2415919104	5	7faadb95a5025daebfcb19715b698c3263c38de7907e186ca1daab75930291a9	ok
3	B-gcc-tc	hash	2.528	849.62	2415919104	5	7faadb95a5025daebfcb19715b698c3263c38de7907e186ca1daab75930291a9	ok
3	fixed-clang-tc	hash	2.358	910.66	2415919104	5	7faadb95a5025daebfcb19715b698c3263c38de7907e186ca1daab75930291a9	ok
3	B-clang-tc	hash	2.312	928.65	2415919104	5	7faadb95a5025daebfcb19715b698c3263c38de7907e186ca1daab75930291a9	ok
3	main-gcc-stock	syscall	6.061	354.30	2415919104	5	42cec926ae99b5b2c0da4cf14907627c80ca32cc217e17c9c968a87a3f8695f2	ok
3	fixed-gcc-stock	syscall	6.253	343.44	2415919104	5	42cec926ae99b5b2c0da4cf14907627c80ca32cc217e17c9c968a87a3f8695f2	ok
3	B-gcc-stock	syscall	6.019	356.79	2415919104	5	42cec926ae99b5b2c0da4cf14907627c80ca32cc217e17c9c968a87a3f8695f2	ok
3	gcc-tc	syscall	5.850	367.11	2415919104	5	42cec926ae99b5b2c0da4cf14907627c80ca32cc217e17c9c968a87a3f8695f2	ok
3	fixed-gcc-tc	syscall	6.001	357.83	2415919104	5	42cec926ae99b5b2c0da4cf14907627c80ca32cc217e17c9c968a87a3f8695f2	ok
3	B-gcc-tc	syscall	6.220	345.24	2415919104	5	42cec926ae99b5b2c0da4cf14907627c80ca32cc217e17c9c968a87a3f8695f2	ok
3	fixed-clang-tc	syscall	5.988	358.61	2415919104	5	42cec926ae99b5b2c0da4cf14907627c80ca32cc217e17c9c968a87a3f8695f2	ok
3	B-clang-tc	syscall	5.931	362.06	2415919104	5	42cec926ae99b5b2c0da4cf14907627c80ca32cc217e17c9c968a87a3f8695f2	ok
3	main-gcc-stock	fp	2.443	879.20	2415919104	5	906dd97cb18890335374e13f06f11d3462076edd39a916310cd65dd5aafb45b7	ok
3	fixed-gcc-stock	fp	2.672	803.85	2415919104	5	906dd97cb18890335374e13f06f11d3462076edd39a916310cd65dd5aafb45b7	ok
3	B-gcc-stock	fp	2.472	868.61	2415919104	5	906dd97cb18890335374e13f06f11d3462076edd39a916310cd65dd5aafb45b7	ok
3	gcc-tc	fp	2.434	882.19	2415919104	5	906dd97cb18890335374e13f06f11d3462076edd39a916310cd65dd5aafb45b7	ok
3	fixed-gcc-tc	fp	2.450	876.63	2415919104	5	906dd97cb18890335374e13f06f11d3462076edd39a916310cd65dd5aafb45b7	ok
3	B-gcc-tc	fp	2.680	801.42	2415919104	5	906dd97cb18890335374e13f06f11d3462076edd39a916310cd65dd5aafb45b7	ok
3	fixed-clang-tc	fp	2.372	905.51	2415919104	5	906dd97cb18890335374e13f06f11d3462076edd39a916310cd65dd5aafb45b7	ok
3	B-clang-tc	fp	2.433	882.69	2415919104	5	906dd97cb18890335374e13f06f11d3462076edd39a916310cd65dd5aafb45b7	ok
3	main-gcc-stock	nop	1.279	1678.78	2415919104	5	da57556b7bc3bfb3034f0e46a44731597514065f16bb82552863d1f9e3d8922b	ok
3	fixed-gcc-stock	nop	1.356	1583.55	2415919104	5	da57556b7bc3bfb3034f0e46a44731597514065f16bb82552863d1f9e3d8922b	ok
3	B-gcc-stock	nop	1.279	1679.13	2415919104	5	da57556b7bc3bfb3034f0e46a44731597514065f16bb82552863d1f9e3d8922b	ok
3	gcc-tc	nop	1.300	1651.91	2415919104	5	da57556b7bc3bfb3034f0e46a44731597514065f16bb82552863d1f9e3d8922b	ok
3	fixed-gcc-tc	nop	1.316	1631.74	2415919104	5	da57556b7bc3bfb3034f0e46a44731597514065f16bb82552863d1f9e3d8922b	ok
3	B-gcc-tc	nop	1.593	1347.88	2415919104	5	da57556b7bc3bfb3034f0e46a44731597514065f16bb82552863d1f9e3d8922b	ok
3	fixed-clang-tc	nop	1.215	1767.70	2415919104	5	da57556b7bc3bfb3034f0e46a44731597514065f16bb82552863d1f9e3d8922b	ok
3	B-clang-tc	nop	1.037	2071.50	2415919104	5	da57556b7bc3bfb3034f0e46a44731597514065f16bb82552863d1f9e3d8922b	ok
3	main-gcc-stock	regs	1.762	1218.98	2415919104	5	8046902ef45b574fa0d049b88f703123dc1dc6906940453019f5439d19dea791	ok
3	fixed-gcc-stock	regs	1.803	1191.33	2415919104	5	8046902ef45b574fa0d049b88f703123dc1dc6906940453019f5439d19dea791	ok
3	B-gcc-stock	regs	1.765	1217.01	2415919104	5	8046902ef45b574fa0d049b88f703123dc1dc6906940453019f5439d19dea791	ok
3	gcc-tc	regs	1.785	1203.33	2415919104	5	8046902ef45b574fa0d049b88f703123dc1dc6906940453019f5439d19dea791	ok
3	fixed-gcc-tc	regs	1.810	1186.75	2415919104	5	8046902ef45b574fa0d049b88f703123dc1dc6906940453019f5439d19dea791	ok
3	B-gcc-tc	regs	1.990	1079.25	2415919104	5	8046902ef45b574fa0d049b88f703123dc1dc6906940453019f5439d19dea791	ok
3	fixed-clang-tc	regs	1.548	1387.38	2415919104	5	8046902ef45b574fa0d049b88f703123dc1dc6906940453019f5439d19dea791	ok
3	B-clang-tc	regs	1.464	1466.37	2415919104	5	8046902ef45b574fa0d049b88f703123dc1dc6906940453019f5439d19dea791	ok
3	main-gcc-stock	cpu	3.524	609.36	2415919104	5	eb324f1c6c0ea8e673c7ec829a4f55d0c80fd4c2ac098b6823a35cde5682c4a5	ok
3	fixed-gcc-stock	cpu	3.701	580.29	2415919104	5	eb324f1c6c0ea8e673c7ec829a4f55d0c80fd4c2ac098b6823a35cde5682c4a5	ok
3	B-gcc-stock	cpu	3.519	610.18	2415919104	5	eb324f1c6c0ea8e673c7ec829a4f55d0c80fd4c2ac098b6823a35cde5682c4a5	ok
3	gcc-tc	cpu	3.520	610.04	2415919104	5	eb324f1c6c0ea8e673c7ec829a4f55d0c80fd4c2ac098b6823a35cde5682c4a5	ok
3	fixed-gcc-tc	cpu	3.500	613.65	2415919104	5	eb324f1c6c0ea8e673c7ec829a4f55d0c80fd4c2ac098b6823a35cde5682c4a5	ok
3	B-gcc-tc	cpu	3.813	563.27	2415919104	5	eb324f1c6c0ea8e673c7ec829a4f55d0c80fd4c2ac098b6823a35cde5682c4a5	ok
3	fixed-clang-tc	cpu	3.443	623.73	2415919104	5	eb324f1c6c0ea8e673c7ec829a4f55d0c80fd4c2ac098b6823a35cde5682c4a5	ok
3	B-clang-tc	cpu	3.490	615.35	2415919104	5	eb324f1c6c0ea8e673c7ec829a4f55d0c80fd4c2ac098b6823a35cde5682c4a5	ok
3	main-gcc-stock	crypt	2.919	735.69	2415919104	5	075ad5f3bef8aaa9bd8daae921884aff4a4c30187ed0bdb9fd30959f75e2709b	ok
3	fixed-gcc-stock	crypt	3.034	707.78	2415919104	5	075ad5f3bef8aaa9bd8daae921884aff4a4c30187ed0bdb9fd30959f75e2709b	ok
3	B-gcc-stock	crypt	2.910	738.06	2415919104	5	075ad5f3bef8aaa9bd8daae921884aff4a4c30187ed0bdb9fd30959f75e2709b	ok
3	gcc-tc	crypt	3.219	667.12	2415919104	5	075ad5f3bef8aaa9bd8daae921884aff4a4c30187ed0bdb9fd30959f75e2709b	ok
3	fixed-gcc-tc	crypt	3.190	673.24	2415919104	5	075ad5f3bef8aaa9bd8daae921884aff4a4c30187ed0bdb9fd30959f75e2709b	ok
3	B-gcc-tc	crypt	3.529	608.47	2415919104	5	075ad5f3bef8aaa9bd8daae921884aff4a4c30187ed0bdb9fd30959f75e2709b	ok
3	fixed-clang-tc	crypt	2.825	760.16	2415919104	5	075ad5f3bef8aaa9bd8daae921884aff4a4c30187ed0bdb9fd30959f75e2709b	ok
3	B-clang-tc	crypt	2.809	764.52	2415919104	5	075ad5f3bef8aaa9bd8daae921884aff4a4c30187ed0bdb9fd30959f75e2709b	ok
3	main-gcc-stock	memcpy	2.227	964.35	2415919104	5	958a3598adc13ecab81628febb41a80775a56c2227b74cbf0a455c0d064f6dd2	ok
3	fixed-gcc-stock	memcpy	2.237	959.96	2415919104	5	958a3598adc13ecab81628febb41a80775a56c2227b74cbf0a455c0d064f6dd2	ok
3	B-gcc-stock	memcpy	2.227	964.33	2415919104	5	958a3598adc13ecab81628febb41a80775a56c2227b74cbf0a455c0d064f6dd2	ok
3	gcc-tc	memcpy	2.223	965.82	2415919104	5	958a3598adc13ecab81628febb41a80775a56c2227b74cbf0a455c0d064f6dd2	ok
3	fixed-gcc-tc	memcpy	2.236	960.50	2415919104	5	958a3598adc13ecab81628febb41a80775a56c2227b74cbf0a455c0d064f6dd2	ok
3	B-gcc-tc	memcpy	2.334	920.01	2415919104	5	958a3598adc13ecab81628febb41a80775a56c2227b74cbf0a455c0d064f6dd2	ok
3	fixed-clang-tc	memcpy	2.167	990.81	2415919104	5	958a3598adc13ecab81628febb41a80775a56c2227b74cbf0a455c0d064f6dd2	ok
3	B-clang-tc	memcpy	2.097	1024.27	2415919104	5	958a3598adc13ecab81628febb41a80775a56c2227b74cbf0a455c0d064f6dd2	ok
3	main-gcc-stock	branch	2.260	950.12	2415919104	5	3bb926ddc35a9ca8bdc7f6dfe2c84757cc27a07ceb7ed7637ddd3e5969b40e8c	ok
3	fixed-gcc-stock	branch	2.345	915.75	2415919104	5	3bb926ddc35a9ca8bdc7f6dfe2c84757cc27a07ceb7ed7637ddd3e5969b40e8c	ok
3	B-gcc-stock	branch	2.252	953.64	2415919104	5	3bb926ddc35a9ca8bdc7f6dfe2c84757cc27a07ceb7ed7637ddd3e5969b40e8c	ok
3	gcc-tc	branch	2.239	959.17	2415919104	5	3bb926ddc35a9ca8bdc7f6dfe2c84757cc27a07ceb7ed7637ddd3e5969b40e8c	ok
3	fixed-gcc-tc	branch	2.323	924.26	2415919104	5	3bb926ddc35a9ca8bdc7f6dfe2c84757cc27a07ceb7ed7637ddd3e5969b40e8c	ok
3	B-gcc-tc	branch	2.355	911.75	2415919104	5	3bb926ddc35a9ca8bdc7f6dfe2c84757cc27a07ceb7ed7637ddd3e5969b40e8c	ok
3	fixed-clang-tc	branch	2.230	962.84	2415919104	5	3bb926ddc35a9ca8bdc7f6dfe2c84757cc27a07ceb7ed7637ddd3e5969b40e8c	ok
3	B-clang-tc	branch	2.121	1012.69	2415919104	5	3bb926ddc35a9ca8bdc7f6dfe2c84757cc27a07ceb7ed7637ddd3e5969b40e8c	ok
3	main-gcc-stock	heapsort	2.471	869.05	2415919104	5	a01ab4e7ef8c8decb06055977002f5b5da8aeb3fa95049718b71a92d1d517adf	ok
3	fixed-gcc-stock	heapsort	2.512	854.93	2415919104	5	a01ab4e7ef8c8decb06055977002f5b5da8aeb3fa95049718b71a92d1d517adf	ok
3	B-gcc-stock	heapsort	2.491	861.98	2415919104	5	a01ab4e7ef8c8decb06055977002f5b5da8aeb3fa95049718b71a92d1d517adf	ok
3	gcc-tc	heapsort	2.474	867.90	2415919104	5	a01ab4e7ef8c8decb06055977002f5b5da8aeb3fa95049718b71a92d1d517adf	ok
3	fixed-gcc-tc	heapsort	2.493	861.35	2415919104	5	a01ab4e7ef8c8decb06055977002f5b5da8aeb3fa95049718b71a92d1d517adf	ok
3	B-gcc-tc	heapsort	2.812	763.65	2415919104	5	a01ab4e7ef8c8decb06055977002f5b5da8aeb3fa95049718b71a92d1d517adf	ok
3	fixed-clang-tc	heapsort	2.481	865.52	2415919104	5	a01ab4e7ef8c8decb06055977002f5b5da8aeb3fa95049718b71a92d1d517adf	ok
3	B-clang-tc	heapsort	2.432	882.93	2415919104	5	a01ab4e7ef8c8decb06055977002f5b5da8aeb3fa95049718b71a92d1d517adf	ok
3	main-gcc-stock	tsearch	3.961	542.12	2415919104	5	35451ee71307997f2b1b494651a5fbd4257517350c84a0a993817a6e38fc713b	ok
3	fixed-gcc-stock	tsearch	4.054	529.78	2415919104	5	35451ee71307997f2b1b494651a5fbd4257517350c84a0a993817a6e38fc713b	ok
3	B-gcc-stock	tsearch	3.867	555.32	2415919104	5	35451ee71307997f2b1b494651a5fbd4257517350c84a0a993817a6e38fc713b	ok
3	gcc-tc	tsearch	3.992	538.00	2415919104	5	35451ee71307997f2b1b494651a5fbd4257517350c84a0a993817a6e38fc713b	ok
3	fixed-gcc-tc	tsearch	4.004	536.39	2415919104	5	35451ee71307997f2b1b494651a5fbd4257517350c84a0a993817a6e38fc713b	ok
3	B-gcc-tc	tsearch	4.294	500.12	2415919104	5	35451ee71307997f2b1b494651a5fbd4257517350c84a0a993817a6e38fc713b	ok
3	fixed-clang-tc	tsearch	3.888	552.30	2415919104	5	35451ee71307997f2b1b494651a5fbd4257517350c84a0a993817a6e38fc713b	ok
3	B-clang-tc	tsearch	3.865	555.61	2415919104	5	35451ee71307997f2b1b494651a5fbd4257517350c84a0a993817a6e38fc713b	ok
3	main-gcc-stock	matrix-3d	9.260	231.90	2415919104	5	e0bb44ec0b8c878093bff8307da03316a00c102a16babcbc42ceb8ca6e4cf0fe	ok
3	fixed-gcc-stock	matrix-3d	9.675	221.96	2415919104	5	e0bb44ec0b8c878093bff8307da03316a00c102a16babcbc42ceb8ca6e4cf0fe	ok
3	B-gcc-stock	matrix-3d	9.307	230.73	2415919104	5	e0bb44ec0b8c878093bff8307da03316a00c102a16babcbc42ceb8ca6e4cf0fe	ok
3	gcc-tc	matrix-3d	9.529	225.36	2415919104	5	e0bb44ec0b8c878093bff8307da03316a00c102a16babcbc42ceb8ca6e4cf0fe	ok
3	fixed-gcc-tc	matrix-3d	9.429	227.76	2415919104	5	e0bb44ec0b8c878093bff8307da03316a00c102a16babcbc42ceb8ca6e4cf0fe	ok
3	B-gcc-tc	matrix-3d	9.710	221.15	2415919104	5	e0bb44ec0b8c878093bff8307da03316a00c102a16babcbc42ceb8ca6e4cf0fe	ok
3	fixed-clang-tc	matrix-3d	9.653	222.47	2415919104	5	e0bb44ec0b8c878093bff8307da03316a00c102a16babcbc42ceb8ca6e4cf0fe	ok
3	B-clang-tc	matrix-3d	9.608	223.51	2415919104	5	e0bb44ec0b8c878093bff8307da03316a00c102a16babcbc42ceb8ca6e4cf0fe	ok
3	main-gcc-stock	tree	4.254	504.83	2415919104	5	aaacf4808d9da670176f52ce3fa35924ce51d90d4fb24440308902b6302f92d4	ok
3	fixed-gcc-stock	tree	4.376	490.77	2415919104	5	aaacf4808d9da670176f52ce3fa35924ce51d90d4fb24440308902b6302f92d4	ok
3	B-gcc-stock	tree	4.273	502.59	2415919104	5	aaacf4808d9da670176f52ce3fa35924ce51d90d4fb24440308902b6302f92d4	ok
3	gcc-tc	tree	4.253	504.93	2415919104	5	aaacf4808d9da670176f52ce3fa35924ce51d90d4fb24440308902b6302f92d4	ok
3	fixed-gcc-tc	tree	4.368	491.64	2415919104	5	aaacf4808d9da670176f52ce3fa35924ce51d90d4fb24440308902b6302f92d4	ok
3	B-gcc-tc	tree	4.668	460.07	2415919104	5	aaacf4808d9da670176f52ce3fa35924ce51d90d4fb24440308902b6302f92d4	ok
3	fixed-clang-tc	tree	4.232	507.48	2415919104	5	aaacf4808d9da670176f52ce3fa35924ce51d90d4fb24440308902b6302f92d4	ok
3	B-clang-tc	tree	4.260	504.14	2415919104	5	aaacf4808d9da670176f52ce3fa35924ce51d90d4fb24440308902b6302f92d4	ok
3	main-gcc-stock	malloc	7.236	296.77	2415919104	5	bc106f77f0341f5e4be9c92901b33c15b5007cb13195b0f0c68d678b1ed2a2cf	ok
3	fixed-gcc-stock	malloc	7.357	291.89	2415919104	5	bc106f77f0341f5e4be9c92901b33c15b5007cb13195b0f0c68d678b1ed2a2cf	ok
3	B-gcc-stock	malloc	7.221	297.40	2415919104	5	bc106f77f0341f5e4be9c92901b33c15b5007cb13195b0f0c68d678b1ed2a2cf	ok
3	gcc-tc	malloc	7.112	301.95	2415919104	5	bc106f77f0341f5e4be9c92901b33c15b5007cb13195b0f0c68d678b1ed2a2cf	ok
3	fixed-gcc-tc	malloc	7.511	285.92	2415919104	5	bc106f77f0341f5e4be9c92901b33c15b5007cb13195b0f0c68d678b1ed2a2cf	ok
3	B-gcc-tc	malloc	7.604	282.42	2415919104	5	bc106f77f0341f5e4be9c92901b33c15b5007cb13195b0f0c68d678b1ed2a2cf	ok
3	fixed-clang-tc	malloc	7.476	287.25	2415919104	5	bc106f77f0341f5e4be9c92901b33c15b5007cb13195b0f0c68d678b1ed2a2cf	ok
3	B-clang-tc	malloc	7.351	292.15	2415919104	5	bc106f77f0341f5e4be9c92901b33c15b5007cb13195b0f0c68d678b1ed2a2cf	ok
3	main-gcc-stock	randlist	3.741	574.03	2415919104	5	ff2547c8dfc9c90e5eb6f65e14b3feda61f3dd85b0d465e351788800a850fd4a	ok
3	fixed-gcc-stock	randlist	4.203	510.98	2415919104	5	ff2547c8dfc9c90e5eb6f65e14b3feda61f3dd85b0d465e351788800a850fd4a	ok
3	B-gcc-stock	randlist	3.743	573.73	2415919104	5	ff2547c8dfc9c90e5eb6f65e14b3feda61f3dd85b0d465e351788800a850fd4a	ok
3	gcc-tc	randlist	3.812	563.29	2415919104	5	ff2547c8dfc9c90e5eb6f65e14b3feda61f3dd85b0d465e351788800a850fd4a	ok
3	fixed-gcc-tc	randlist	3.794	565.96	2415919104	5	ff2547c8dfc9c90e5eb6f65e14b3feda61f3dd85b0d465e351788800a850fd4a	ok
3	B-gcc-tc	randlist	4.022	533.91	2415919104	5	ff2547c8dfc9c90e5eb6f65e14b3feda61f3dd85b0d465e351788800a850fd4a	ok
3	fixed-clang-tc	randlist	3.782	567.87	2415919104	5	ff2547c8dfc9c90e5eb6f65e14b3feda61f3dd85b0d465e351788800a850fd4a	ok
3	B-clang-tc	randlist	3.898	550.93	2415919104	5	ff2547c8dfc9c90e5eb6f65e14b3feda61f3dd85b0d465e351788800a850fd4a	ok
1	main-clang-stock	qsort	2.711	792.06	2415919104	5	daad9b63b2013449fba5d90591787dff8817c65d0d9bc57a0d814d2ef4c712ab	ok
1	main-gcc-stock	qsort	2.669	804.52	2415919104	5	daad9b63b2013449fba5d90591787dff8817c65d0d9bc57a0d814d2ef4c712ab	ok
1	clang-stock	qsort	2.664	806.09	2415919104	5	daad9b63b2013449fba5d90591787dff8817c65d0d9bc57a0d814d2ef4c712ab	ok
1	gcc-stock	qsort	3.964	541.70	2415919104	5	daad9b63b2013449fba5d90591787dff8817c65d0d9bc57a0d814d2ef4c712ab	ok
1	clang-tc	qsort	2.734	785.59	2415919104	5	daad9b63b2013449fba5d90591787dff8817c65d0d9bc57a0d814d2ef4c712ab	ok
1	gcc-tc	qsort	2.648	811.13	2415919104	5	daad9b63b2013449fba5d90591787dff8817c65d0d9bc57a0d814d2ef4c712ab	ok
1	C-clang-stock	qsort	2.735	785.12	2415919104	5	daad9b63b2013449fba5d90591787dff8817c65d0d9bc57a0d814d2ef4c712ab	ok
1	C-clang-tc	qsort	2.567	836.46	2415919104	5	daad9b63b2013449fba5d90591787dff8817c65d0d9bc57a0d814d2ef4c712ab	ok
1	C-gcc-stock	qsort	2.697	796.32	2415919104	5	daad9b63b2013449fba5d90591787dff8817c65d0d9bc57a0d814d2ef4c712ab	ok
1	C-gcc-tc	qsort	2.683	800.51	2415919104	5	daad9b63b2013449fba5d90591787dff8817c65d0d9bc57a0d814d2ef4c712ab	ok
1	main-clang-stock	zlib	2.777	773.37	2415919104	5	be1e876889828625d023972c3bfc8e07f4fece5144eca0fec4b8468571920b5a	ok
1	main-gcc-stock	zlib	2.691	797.95	2415919104	5	be1e876889828625d023972c3bfc8e07f4fece5144eca0fec4b8468571920b5a	ok
1	clang-stock	zlib	2.703	794.45	2415919104	5	be1e876889828625d023972c3bfc8e07f4fece5144eca0fec4b8468571920b5a	ok
1	gcc-stock	zlib	3.544	606.00	2415919104	5	be1e876889828625d023972c3bfc8e07f4fece5144eca0fec4b8468571920b5a	ok
1	clang-tc	zlib	2.854	752.41	2415919104	5	be1e876889828625d023972c3bfc8e07f4fece5144eca0fec4b8468571920b5a	ok
1	gcc-tc	zlib	2.632	816.02	2415919104	5	be1e876889828625d023972c3bfc8e07f4fece5144eca0fec4b8468571920b5a	ok
1	C-clang-stock	zlib	2.786	770.90	2415919104	5	be1e876889828625d023972c3bfc8e07f4fece5144eca0fec4b8468571920b5a	ok
1	C-clang-tc	zlib	2.639	813.78	2415919104	5	be1e876889828625d023972c3bfc8e07f4fece5144eca0fec4b8468571920b5a	ok
1	C-gcc-stock	zlib	2.734	785.50	2415919104	5	be1e876889828625d023972c3bfc8e07f4fece5144eca0fec4b8468571920b5a	ok
1	C-gcc-tc	zlib	2.650	810.27	2415919104	5	be1e876889828625d023972c3bfc8e07f4fece5144eca0fec4b8468571920b5a	ok
1	main-clang-stock	hash	2.680	801.44	2415919104	5	7faadb95a5025daebfcb19715b698c3263c38de7907e186ca1daab75930291a9	ok
1	main-gcc-stock	hash	2.369	906.37	2415919104	5	7faadb95a5025daebfcb19715b698c3263c38de7907e186ca1daab75930291a9	ok
1	clang-stock	hash	2.485	864.28	2415919104	5	7faadb95a5025daebfcb19715b698c3263c38de7907e186ca1daab75930291a9	ok
1	gcc-stock	hash	3.364	638.37	2415919104	5	7faadb95a5025daebfcb19715b698c3263c38de7907e186ca1daab75930291a9	ok
1	clang-tc	hash	2.496	860.24	2415919104	5	7faadb95a5025daebfcb19715b698c3263c38de7907e186ca1daab75930291a9	ok
1	gcc-tc	hash	2.346	915.29	2415919104	5	7faadb95a5025daebfcb19715b698c3263c38de7907e186ca1daab75930291a9	ok
1	C-clang-stock	hash	2.682	800.83	2415919104	5	7faadb95a5025daebfcb19715b698c3263c38de7907e186ca1daab75930291a9	ok
1	C-clang-tc	hash	2.317	926.99	2415919104	5	7faadb95a5025daebfcb19715b698c3263c38de7907e186ca1daab75930291a9	ok
1	C-gcc-stock	hash	2.510	855.65	2415919104	5	7faadb95a5025daebfcb19715b698c3263c38de7907e186ca1daab75930291a9	ok
1	C-gcc-tc	hash	2.351	913.26	2415919104	5	7faadb95a5025daebfcb19715b698c3263c38de7907e186ca1daab75930291a9	ok
1	main-clang-stock	syscall	6.081	353.16	2415919104	5	42cec926ae99b5b2c0da4cf14907627c80ca32cc217e17c9c968a87a3f8695f2	ok
1	main-gcc-stock	syscall	6.068	353.92	2415919104	5	42cec926ae99b5b2c0da4cf14907627c80ca32cc217e17c9c968a87a3f8695f2	ok
1	clang-stock	syscall	5.987	358.67	2415919104	5	42cec926ae99b5b2c0da4cf14907627c80ca32cc217e17c9c968a87a3f8695f2	ok
1	gcc-stock	syscall	7.512	285.89	2415919104	5	42cec926ae99b5b2c0da4cf14907627c80ca32cc217e17c9c968a87a3f8695f2	ok
1	clang-tc	syscall	5.935	361.86	2415919104	5	42cec926ae99b5b2c0da4cf14907627c80ca32cc217e17c9c968a87a3f8695f2	ok
1	gcc-tc	syscall	5.897	364.14	2415919104	5	42cec926ae99b5b2c0da4cf14907627c80ca32cc217e17c9c968a87a3f8695f2	ok
1	C-clang-stock	syscall	6.025	356.43	2415919104	5	42cec926ae99b5b2c0da4cf14907627c80ca32cc217e17c9c968a87a3f8695f2	ok
1	C-clang-tc	syscall	5.921	362.71	2415919104	5	42cec926ae99b5b2c0da4cf14907627c80ca32cc217e17c9c968a87a3f8695f2	ok
1	C-gcc-stock	syscall	6.208	345.93	2415919104	5	42cec926ae99b5b2c0da4cf14907627c80ca32cc217e17c9c968a87a3f8695f2	ok
1	C-gcc-tc	syscall	5.976	359.34	2415919104	5	42cec926ae99b5b2c0da4cf14907627c80ca32cc217e17c9c968a87a3f8695f2	ok
1	main-clang-stock	fp	2.805	765.52	2415919104	5	906dd97cb18890335374e13f06f11d3462076edd39a916310cd65dd5aafb45b7	ok
1	main-gcc-stock	fp	2.464	871.44	2415919104	5	906dd97cb18890335374e13f06f11d3462076edd39a916310cd65dd5aafb45b7	ok
1	clang-stock	fp	2.642	812.71	2415919104	5	906dd97cb18890335374e13f06f11d3462076edd39a916310cd65dd5aafb45b7	ok
1	gcc-stock	fp	3.529	608.61	2415919104	5	906dd97cb18890335374e13f06f11d3462076edd39a916310cd65dd5aafb45b7	ok
1	clang-tc	fp	2.585	830.86	2415919104	5	906dd97cb18890335374e13f06f11d3462076edd39a916310cd65dd5aafb45b7	ok
1	gcc-tc	fp	2.436	881.54	2415919104	5	906dd97cb18890335374e13f06f11d3462076edd39a916310cd65dd5aafb45b7	ok
1	C-clang-stock	fp	2.821	761.12	2415919104	5	906dd97cb18890335374e13f06f11d3462076edd39a916310cd65dd5aafb45b7	ok
1	C-clang-tc	fp	2.436	881.50	2415919104	5	906dd97cb18890335374e13f06f11d3462076edd39a916310cd65dd5aafb45b7	ok
1	C-gcc-stock	fp	2.685	799.88	2415919104	5	906dd97cb18890335374e13f06f11d3462076edd39a916310cd65dd5aafb45b7	ok
1	C-gcc-tc	fp	2.449	876.76	2415919104	5	906dd97cb18890335374e13f06f11d3462076edd39a916310cd65dd5aafb45b7	ok
1	main-clang-stock	nop	1.324	1621.56	2415919104	5	da57556b7bc3bfb3034f0e46a44731597514065f16bb82552863d1f9e3d8922b	ok
1	main-gcc-stock	nop	1.278	1679.75	2415919104	5	da57556b7bc3bfb3034f0e46a44731597514065f16bb82552863d1f9e3d8922b	ok
1	clang-stock	nop	1.331	1613.45	2415919104	5	da57556b7bc3bfb3034f0e46a44731597514065f16bb82552863d1f9e3d8922b	ok
1	gcc-stock	nop	1.629	1318.08	2415919104	5	da57556b7bc3bfb3034f0e46a44731597514065f16bb82552863d1f9e3d8922b	ok
1	clang-tc	nop	1.222	1757.92	2415919104	5	da57556b7bc3bfb3034f0e46a44731597514065f16bb82552863d1f9e3d8922b	ok
1	gcc-tc	nop	1.303	1648.15	2415919104	5	da57556b7bc3bfb3034f0e46a44731597514065f16bb82552863d1f9e3d8922b	ok
1	C-clang-stock	nop	1.324	1621.96	2415919104	5	da57556b7bc3bfb3034f0e46a44731597514065f16bb82552863d1f9e3d8922b	ok
1	C-clang-tc	nop	1.035	2074.08	2415919104	5	da57556b7bc3bfb3034f0e46a44731597514065f16bb82552863d1f9e3d8922b	ok
1	C-gcc-stock	nop	1.354	1585.50	2415919104	5	da57556b7bc3bfb3034f0e46a44731597514065f16bb82552863d1f9e3d8922b	ok
1	C-gcc-tc	nop	1.317	1630.43	2415919104	5	da57556b7bc3bfb3034f0e46a44731597514065f16bb82552863d1f9e3d8922b	ok
1	main-clang-stock	regs	1.822	1178.91	2415919104	5	8046902ef45b574fa0d049b88f703123dc1dc6906940453019f5439d19dea791	ok
1	main-gcc-stock	regs	1.765	1216.70	2415919104	5	8046902ef45b574fa0d049b88f703123dc1dc6906940453019f5439d19dea791	ok
1	clang-stock	regs	1.729	1242.35	2415919104	5	8046902ef45b574fa0d049b88f703123dc1dc6906940453019f5439d19dea791	ok
1	gcc-stock	regs	2.960	725.61	2415919104	5	8046902ef45b574fa0d049b88f703123dc1dc6906940453019f5439d19dea791	ok
1	clang-tc	regs	1.595	1346.31	2415919104	5	8046902ef45b574fa0d049b88f703123dc1dc6906940453019f5439d19dea791	ok
1	gcc-tc	regs	1.785	1203.30	2415919104	5	8046902ef45b574fa0d049b88f703123dc1dc6906940453019f5439d19dea791	ok
1	C-clang-stock	regs	1.830	1173.58	2415919104	5	8046902ef45b574fa0d049b88f703123dc1dc6906940453019f5439d19dea791	ok
1	C-clang-tc	regs	1.465	1466.23	2415919104	5	8046902ef45b574fa0d049b88f703123dc1dc6906940453019f5439d19dea791	ok
1	C-gcc-stock	regs	1.804	1190.27	2415919104	5	8046902ef45b574fa0d049b88f703123dc1dc6906940453019f5439d19dea791	ok
1	C-gcc-tc	regs	1.809	1187.41	2415919104	5	8046902ef45b574fa0d049b88f703123dc1dc6906940453019f5439d19dea791	ok
1	main-clang-stock	cpu	3.743	573.72	2415919104	5	eb324f1c6c0ea8e673c7ec829a4f55d0c80fd4c2ac098b6823a35cde5682c4a5	ok
1	main-gcc-stock	cpu	3.548	605.20	2415919104	5	eb324f1c6c0ea8e673c7ec829a4f55d0c80fd4c2ac098b6823a35cde5682c4a5	ok
1	clang-stock	cpu	3.591	598.04	2415919104	5	eb324f1c6c0ea8e673c7ec829a4f55d0c80fd4c2ac098b6823a35cde5682c4a5	ok
1	gcc-stock	cpu	4.588	468.10	2415919104	5	eb324f1c6c0ea8e673c7ec829a4f55d0c80fd4c2ac098b6823a35cde5682c4a5	ok
1	clang-tc	cpu	3.528	608.78	2415919104	5	eb324f1c6c0ea8e673c7ec829a4f55d0c80fd4c2ac098b6823a35cde5682c4a5	ok
1	gcc-tc	cpu	3.514	611.21	2415919104	5	eb324f1c6c0ea8e673c7ec829a4f55d0c80fd4c2ac098b6823a35cde5682c4a5	ok
1	C-clang-stock	cpu	3.746	573.31	2415919104	5	eb324f1c6c0ea8e673c7ec829a4f55d0c80fd4c2ac098b6823a35cde5682c4a5	ok
1	C-clang-tc	cpu	3.474	618.24	2415919104	5	eb324f1c6c0ea8e673c7ec829a4f55d0c80fd4c2ac098b6823a35cde5682c4a5	ok
1	C-gcc-stock	cpu	3.724	576.62	2415919104	5	eb324f1c6c0ea8e673c7ec829a4f55d0c80fd4c2ac098b6823a35cde5682c4a5	ok
1	C-gcc-tc	cpu	3.493	614.80	2415919104	5	eb324f1c6c0ea8e673c7ec829a4f55d0c80fd4c2ac098b6823a35cde5682c4a5	ok
1	main-clang-stock	crypt	3.154	680.89	2415919104	5	075ad5f3bef8aaa9bd8daae921884aff4a4c30187ed0bdb9fd30959f75e2709b	ok
1	main-gcc-stock	crypt	2.921	735.06	2415919104	5	075ad5f3bef8aaa9bd8daae921884aff4a4c30187ed0bdb9fd30959f75e2709b	ok
1	clang-stock	crypt	2.840	756.04	2415919104	5	075ad5f3bef8aaa9bd8daae921884aff4a4c30187ed0bdb9fd30959f75e2709b	ok
1	gcc-stock	crypt	3.817	562.61	2415919104	5	075ad5f3bef8aaa9bd8daae921884aff4a4c30187ed0bdb9fd30959f75e2709b	ok
1	clang-tc	crypt	2.911	737.71	2415919104	5	075ad5f3bef8aaa9bd8daae921884aff4a4c30187ed0bdb9fd30959f75e2709b	ok
1	gcc-tc	crypt	3.205	670.06	2415919104	5	075ad5f3bef8aaa9bd8daae921884aff4a4c30187ed0bdb9fd30959f75e2709b	ok
1	C-clang-stock	crypt	3.210	669.05	2415919104	5	075ad5f3bef8aaa9bd8daae921884aff4a4c30187ed0bdb9fd30959f75e2709b	ok
1	C-clang-tc	crypt	2.797	767.85	2415919104	5	075ad5f3bef8aaa9bd8daae921884aff4a4c30187ed0bdb9fd30959f75e2709b	ok
1	C-gcc-stock	crypt	3.035	707.51	2415919104	5	075ad5f3bef8aaa9bd8daae921884aff4a4c30187ed0bdb9fd30959f75e2709b	ok
1	C-gcc-tc	crypt	3.118	688.68	2415919104	5	075ad5f3bef8aaa9bd8daae921884aff4a4c30187ed0bdb9fd30959f75e2709b	ok
1	main-clang-stock	memcpy	2.228	963.76	2415919104	5	958a3598adc13ecab81628febb41a80775a56c2227b74cbf0a455c0d064f6dd2	ok
1	main-gcc-stock	memcpy	2.236	960.56	2415919104	5	958a3598adc13ecab81628febb41a80775a56c2227b74cbf0a455c0d064f6dd2	ok
1	clang-stock	memcpy	2.192	979.91	2415919104	5	958a3598adc13ecab81628febb41a80775a56c2227b74cbf0a455c0d064f6dd2	ok
1	gcc-stock	memcpy	3.065	700.75	2415919104	5	958a3598adc13ecab81628febb41a80775a56c2227b74cbf0a455c0d064f6dd2	ok
1	clang-tc	memcpy	2.404	893.22	2415919104	5	958a3598adc13ecab81628febb41a80775a56c2227b74cbf0a455c0d064f6dd2	ok
1	gcc-tc	memcpy	2.224	965.52	2415919104	5	958a3598adc13ecab81628febb41a80775a56c2227b74cbf0a455c0d064f6dd2	ok
1	C-clang-stock	memcpy	2.229	963.56	2415919104	5	958a3598adc13ecab81628febb41a80775a56c2227b74cbf0a455c0d064f6dd2	ok
1	C-clang-tc	memcpy	2.096	1024.77	2415919104	5	958a3598adc13ecab81628febb41a80775a56c2227b74cbf0a455c0d064f6dd2	ok
1	C-gcc-stock	memcpy	2.246	956.21	2415919104	5	958a3598adc13ecab81628febb41a80775a56c2227b74cbf0a455c0d064f6dd2	ok
1	C-gcc-tc	memcpy	2.239	958.95	2415919104	5	958a3598adc13ecab81628febb41a80775a56c2227b74cbf0a455c0d064f6dd2	ok
1	main-clang-stock	branch	2.580	832.25	2415919104	5	3bb926ddc35a9ca8bdc7f6dfe2c84757cc27a07ceb7ed7637ddd3e5969b40e8c	ok
1	main-gcc-stock	branch	2.273	944.67	2415919104	5	3bb926ddc35a9ca8bdc7f6dfe2c84757cc27a07ceb7ed7637ddd3e5969b40e8c	ok
1	clang-stock	branch	2.225	965.06	2415919104	5	3bb926ddc35a9ca8bdc7f6dfe2c84757cc27a07ceb7ed7637ddd3e5969b40e8c	ok
1	gcc-stock	branch	3.186	674.01	2415919104	5	3bb926ddc35a9ca8bdc7f6dfe2c84757cc27a07ceb7ed7637ddd3e5969b40e8c	ok
1	clang-tc	branch	2.213	970.55	2415919104	5	3bb926ddc35a9ca8bdc7f6dfe2c84757cc27a07ceb7ed7637ddd3e5969b40e8c	ok
1	gcc-tc	branch	2.239	959.20	2415919104	5	3bb926ddc35a9ca8bdc7f6dfe2c84757cc27a07ceb7ed7637ddd3e5969b40e8c	ok
1	C-clang-stock	branch	2.568	836.10	2415919104	5	3bb926ddc35a9ca8bdc7f6dfe2c84757cc27a07ceb7ed7637ddd3e5969b40e8c	ok
1	C-clang-tc	branch	2.123	1011.64	2415919104	5	3bb926ddc35a9ca8bdc7f6dfe2c84757cc27a07ceb7ed7637ddd3e5969b40e8c	ok
1	C-gcc-stock	branch	2.357	911.08	2415919104	5	3bb926ddc35a9ca8bdc7f6dfe2c84757cc27a07ceb7ed7637ddd3e5969b40e8c	ok
1	C-gcc-tc	branch	2.324	923.93	2415919104	5	3bb926ddc35a9ca8bdc7f6dfe2c84757cc27a07ceb7ed7637ddd3e5969b40e8c	ok
1	main-clang-stock	heapsort	2.721	789.09	2415919104	5	a01ab4e7ef8c8decb06055977002f5b5da8aeb3fa95049718b71a92d1d517adf	ok
1	main-gcc-stock	heapsort	2.473	868.46	2415919104	5	a01ab4e7ef8c8decb06055977002f5b5da8aeb3fa95049718b71a92d1d517adf	ok
1	clang-stock	heapsort	2.438	880.78	2415919104	5	a01ab4e7ef8c8decb06055977002f5b5da8aeb3fa95049718b71a92d1d517adf	ok
1	gcc-stock	heapsort	4.643	462.50	2415919104	5	a01ab4e7ef8c8decb06055977002f5b5da8aeb3fa95049718b71a92d1d517adf	ok
1	clang-tc	heapsort	2.580	832.20	2415919104	5	a01ab4e7ef8c8decb06055977002f5b5da8aeb3fa95049718b71a92d1d517adf	ok
1	gcc-tc	heapsort	2.465	871.15	2415919104	5	a01ab4e7ef8c8decb06055977002f5b5da8aeb3fa95049718b71a92d1d517adf	ok
1	C-clang-stock	heapsort	2.554	840.72	2415919104	5	a01ab4e7ef8c8decb06055977002f5b5da8aeb3fa95049718b71a92d1d517adf	ok
1	C-clang-tc	heapsort	2.436	881.54	2415919104	5	a01ab4e7ef8c8decb06055977002f5b5da8aeb3fa95049718b71a92d1d517adf	ok
1	C-gcc-stock	heapsort	2.508	856.36	2415919104	5	a01ab4e7ef8c8decb06055977002f5b5da8aeb3fa95049718b71a92d1d517adf	ok
1	C-gcc-tc	heapsort	2.494	861.08	2415919104	5	a01ab4e7ef8c8decb06055977002f5b5da8aeb3fa95049718b71a92d1d517adf	ok
1	main-clang-stock	tsearch	4.031	532.75	2415919104	5	35451ee71307997f2b1b494651a5fbd4257517350c84a0a993817a6e38fc713b	ok
1	main-gcc-stock	tsearch	3.917	548.18	2415919104	5	35451ee71307997f2b1b494651a5fbd4257517350c84a0a993817a6e38fc713b	ok
1	clang-stock	tsearch	3.921	547.62	2415919104	5	35451ee71307997f2b1b494651a5fbd4257517350c84a0a993817a6e38fc713b	ok
1	gcc-stock	tsearch	5.119	419.48	2415919104	5	35451ee71307997f2b1b494651a5fbd4257517350c84a0a993817a6e38fc713b	ok
1	clang-tc	tsearch	4.010	535.56	2415919104	5	35451ee71307997f2b1b494651a5fbd4257517350c84a0a993817a6e38fc713b	ok
1	gcc-tc	tsearch	3.996	537.36	2415919104	5	35451ee71307997f2b1b494651a5fbd4257517350c84a0a993817a6e38fc713b	ok
1	C-clang-stock	tsearch	4.047	530.62	2415919104	5	35451ee71307997f2b1b494651a5fbd4257517350c84a0a993817a6e38fc713b	ok
1	C-clang-tc	tsearch	3.975	540.20	2415919104	5	35451ee71307997f2b1b494651a5fbd4257517350c84a0a993817a6e38fc713b	ok
1	C-gcc-stock	tsearch	4.046	530.82	2415919104	5	35451ee71307997f2b1b494651a5fbd4257517350c84a0a993817a6e38fc713b	ok
1	C-gcc-tc	tsearch	4.007	535.98	2415919104	5	35451ee71307997f2b1b494651a5fbd4257517350c84a0a993817a6e38fc713b	ok
1	main-clang-stock	matrix-3d	9.721	220.92	2415919104	5	e0bb44ec0b8c878093bff8307da03316a00c102a16babcbc42ceb8ca6e4cf0fe	ok
1	main-gcc-stock	matrix-3d	9.273	231.59	2415919104	5	e0bb44ec0b8c878093bff8307da03316a00c102a16babcbc42ceb8ca6e4cf0fe	ok
1	clang-stock	matrix-3d	9.785	219.46	2415919104	5	e0bb44ec0b8c878093bff8307da03316a00c102a16babcbc42ceb8ca6e4cf0fe	ok
1	gcc-stock	matrix-3d	10.046	213.78	2415919104	5	e0bb44ec0b8c878093bff8307da03316a00c102a16babcbc42ceb8ca6e4cf0fe	ok
1	clang-tc	matrix-3d	10.031	214.09	2415919104	5	e0bb44ec0b8c878093bff8307da03316a00c102a16babcbc42ceb8ca6e4cf0fe	ok
1	gcc-tc	matrix-3d	9.513	225.75	2415919104	5	e0bb44ec0b8c878093bff8307da03316a00c102a16babcbc42ceb8ca6e4cf0fe	ok
1	C-clang-stock	matrix-3d	9.665	222.18	2415919104	5	e0bb44ec0b8c878093bff8307da03316a00c102a16babcbc42ceb8ca6e4cf0fe	ok
1	C-clang-tc	matrix-3d	9.552	224.82	2415919104	5	e0bb44ec0b8c878093bff8307da03316a00c102a16babcbc42ceb8ca6e4cf0fe	ok
1	C-gcc-stock	matrix-3d	9.626	223.10	2415919104	5	e0bb44ec0b8c878093bff8307da03316a00c102a16babcbc42ceb8ca6e4cf0fe	ok
1	C-gcc-tc	matrix-3d	9.430	227.74	2415919104	5	e0bb44ec0b8c878093bff8307da03316a00c102a16babcbc42ceb8ca6e4cf0fe	ok
1	main-clang-stock	tree	4.290	500.60	2415919104	5	aaacf4808d9da670176f52ce3fa35924ce51d90d4fb24440308902b6302f92d4	ok
1	main-gcc-stock	tree	4.265	503.50	2415919104	5	aaacf4808d9da670176f52ce3fa35924ce51d90d4fb24440308902b6302f92d4	ok
1	clang-stock	tree	4.281	501.63	2415919104	5	aaacf4808d9da670176f52ce3fa35924ce51d90d4fb24440308902b6302f92d4	ok
1	gcc-stock	tree	5.572	385.39	2415919104	5	aaacf4808d9da670176f52ce3fa35924ce51d90d4fb24440308902b6302f92d4	ok
1	clang-tc	tree	4.363	492.22	2415919104	5	aaacf4808d9da670176f52ce3fa35924ce51d90d4fb24440308902b6302f92d4	ok
1	gcc-tc	tree	4.256	504.56	2415919104	5	aaacf4808d9da670176f52ce3fa35924ce51d90d4fb24440308902b6302f92d4	ok
1	C-clang-stock	tree	4.306	498.77	2415919104	5	aaacf4808d9da670176f52ce3fa35924ce51d90d4fb24440308902b6302f92d4	ok
1	C-clang-tc	tree	4.251	505.13	2415919104	5	aaacf4808d9da670176f52ce3fa35924ce51d90d4fb24440308902b6302f92d4	ok
1	C-gcc-stock	tree	4.372	491.20	2415919104	5	aaacf4808d9da670176f52ce3fa35924ce51d90d4fb24440308902b6302f92d4	ok
1	C-gcc-tc	tree	4.378	490.53	2415919104	5	aaacf4808d9da670176f52ce3fa35924ce51d90d4fb24440308902b6302f92d4	ok
1	main-clang-stock	malloc	7.198	298.33	2415919104	5	bc106f77f0341f5e4be9c92901b33c15b5007cb13195b0f0c68d678b1ed2a2cf	ok
1	main-gcc-stock	malloc	7.141	300.72	2415919104	5	bc106f77f0341f5e4be9c92901b33c15b5007cb13195b0f0c68d678b1ed2a2cf	ok
1	clang-stock	malloc	7.114	301.88	2415919104	5	bc106f77f0341f5e4be9c92901b33c15b5007cb13195b0f0c68d678b1ed2a2cf	ok
1	gcc-stock	malloc	8.387	256.05	2415919104	5	bc106f77f0341f5e4be9c92901b33c15b5007cb13195b0f0c68d678b1ed2a2cf	ok
1	clang-tc	malloc	7.453	288.15	2415919104	5	bc106f77f0341f5e4be9c92901b33c15b5007cb13195b0f0c68d678b1ed2a2cf	ok
1	gcc-tc	malloc	7.109	302.09	2415919104	5	bc106f77f0341f5e4be9c92901b33c15b5007cb13195b0f0c68d678b1ed2a2cf	ok
1	C-clang-stock	malloc	7.213	297.72	2415919104	5	bc106f77f0341f5e4be9c92901b33c15b5007cb13195b0f0c68d678b1ed2a2cf	ok
1	C-clang-tc	malloc	7.275	295.19	2415919104	5	bc106f77f0341f5e4be9c92901b33c15b5007cb13195b0f0c68d678b1ed2a2cf	ok
1	C-gcc-stock	malloc	7.542	284.75	2415919104	5	bc106f77f0341f5e4be9c92901b33c15b5007cb13195b0f0c68d678b1ed2a2cf	ok
1	C-gcc-tc	malloc	7.385	290.78	2415919104	5	bc106f77f0341f5e4be9c92901b33c15b5007cb13195b0f0c68d678b1ed2a2cf	ok
1	main-clang-stock	randlist	4.171	514.84	2415919104	5	ff2547c8dfc9c90e5eb6f65e14b3feda61f3dd85b0d465e351788800a850fd4a	ok
1	main-gcc-stock	randlist	3.752	572.39	2415919104	5	ff2547c8dfc9c90e5eb6f65e14b3feda61f3dd85b0d465e351788800a850fd4a	ok
1	clang-stock	randlist	4.191	512.44	2415919104	5	ff2547c8dfc9c90e5eb6f65e14b3feda61f3dd85b0d465e351788800a850fd4a	ok
1	gcc-stock	randlist	6.074	353.56	2415919104	5	ff2547c8dfc9c90e5eb6f65e14b3feda61f3dd85b0d465e351788800a850fd4a	ok
1	clang-tc	randlist	3.943	544.60	2415919104	5	ff2547c8dfc9c90e5eb6f65e14b3feda61f3dd85b0d465e351788800a850fd4a	ok
1	gcc-tc	randlist	3.810	563.61	2415919104	5	ff2547c8dfc9c90e5eb6f65e14b3feda61f3dd85b0d465e351788800a850fd4a	ok
1	C-clang-stock	randlist	4.157	516.58	2415919104	5	ff2547c8dfc9c90e5eb6f65e14b3feda61f3dd85b0d465e351788800a850fd4a	ok
1	C-clang-tc	randlist	3.928	546.70	2415919104	5	ff2547c8dfc9c90e5eb6f65e14b3feda61f3dd85b0d465e351788800a850fd4a	ok
1	C-gcc-stock	randlist	4.223	508.46	2415919104	5	ff2547c8dfc9c90e5eb6f65e14b3feda61f3dd85b0d465e351788800a850fd4a	ok
1	C-gcc-tc	randlist	3.799	565.31	2415919104	5	ff2547c8dfc9c90e5eb6f65e14b3feda61f3dd85b0d465e351788800a850fd4a	ok
2	main-clang-stock	qsort	2.712	791.97	2415919104	5	daad9b63b2013449fba5d90591787dff8817c65d0d9bc57a0d814d2ef4c712ab	ok
2	main-gcc-stock	qsort	2.672	803.57	2415919104	5	daad9b63b2013449fba5d90591787dff8817c65d0d9bc57a0d814d2ef4c712ab	ok
2	clang-stock	qsort	2.664	806.05	2415919104	5	daad9b63b2013449fba5d90591787dff8817c65d0d9bc57a0d814d2ef4c712ab	ok
2	gcc-stock	qsort	3.976	540.16	2415919104	5	daad9b63b2013449fba5d90591787dff8817c65d0d9bc57a0d814d2ef4c712ab	ok
2	clang-tc	qsort	2.733	785.62	2415919104	5	daad9b63b2013449fba5d90591787dff8817c65d0d9bc57a0d814d2ef4c712ab	ok
2	gcc-tc	qsort	2.640	813.56	2415919104	5	daad9b63b2013449fba5d90591787dff8817c65d0d9bc57a0d814d2ef4c712ab	ok
2	C-clang-stock	qsort	2.727	787.40	2415919104	5	daad9b63b2013449fba5d90591787dff8817c65d0d9bc57a0d814d2ef4c712ab	ok
2	C-clang-tc	qsort	2.566	836.75	2415919104	5	daad9b63b2013449fba5d90591787dff8817c65d0d9bc57a0d814d2ef4c712ab	ok
2	C-gcc-stock	qsort	2.679	801.70	2415919104	5	daad9b63b2013449fba5d90591787dff8817c65d0d9bc57a0d814d2ef4c712ab	ok
2	C-gcc-tc	qsort	2.694	797.09	2415919104	5	daad9b63b2013449fba5d90591787dff8817c65d0d9bc57a0d814d2ef4c712ab	ok
2	main-clang-stock	zlib	2.786	770.83	2415919104	5	be1e876889828625d023972c3bfc8e07f4fece5144eca0fec4b8468571920b5a	ok
2	main-gcc-stock	zlib	2.687	799.18	2415919104	5	be1e876889828625d023972c3bfc8e07f4fece5144eca0fec4b8468571920b5a	ok
2	clang-stock	zlib	2.703	794.52	2415919104	5	be1e876889828625d023972c3bfc8e07f4fece5144eca0fec4b8468571920b5a	ok
2	gcc-stock	zlib	3.539	606.76	2415919104	5	be1e876889828625d023972c3bfc8e07f4fece5144eca0fec4b8468571920b5a	ok
2	clang-tc	zlib	2.855	752.31	2415919104	5	be1e876889828625d023972c3bfc8e07f4fece5144eca0fec4b8468571920b5a	ok
2	gcc-tc	zlib	2.630	816.63	2415919104	5	be1e876889828625d023972c3bfc8e07f4fece5144eca0fec4b8468571920b5a	ok
2	C-clang-stock	zlib	2.784	771.32	2415919104	5	be1e876889828625d023972c3bfc8e07f4fece5144eca0fec4b8468571920b5a	ok
2	C-clang-tc	zlib	2.638	814.00	2415919104	5	be1e876889828625d023972c3bfc8e07f4fece5144eca0fec4b8468571920b5a	ok
2	C-gcc-stock	zlib	2.734	785.57	2415919104	5	be1e876889828625d023972c3bfc8e07f4fece5144eca0fec4b8468571920b5a	ok
2	C-gcc-tc	zlib	2.649	810.83	2415919104	5	be1e876889828625d023972c3bfc8e07f4fece5144eca0fec4b8468571920b5a	ok
2	main-clang-stock	hash	2.676	802.52	2415919104	5	7faadb95a5025daebfcb19715b698c3263c38de7907e186ca1daab75930291a9	ok
2	main-gcc-stock	hash	2.343	916.58	2415919104	5	7faadb95a5025daebfcb19715b698c3263c38de7907e186ca1daab75930291a9	ok
2	clang-stock	hash	2.474	867.91	2415919104	5	7faadb95a5025daebfcb19715b698c3263c38de7907e186ca1daab75930291a9	ok
2	gcc-stock	hash	3.368	637.60	2415919104	5	7faadb95a5025daebfcb19715b698c3263c38de7907e186ca1daab75930291a9	ok
2	clang-tc	hash	2.492	861.81	2415919104	5	7faadb95a5025daebfcb19715b698c3263c38de7907e186ca1daab75930291a9	ok
2	gcc-tc	hash	2.347	914.93	2415919104	5	7faadb95a5025daebfcb19715b698c3263c38de7907e186ca1daab75930291a9	ok
2	C-clang-stock	hash	2.681	800.96	2415919104	5	7faadb95a5025daebfcb19715b698c3263c38de7907e186ca1daab75930291a9	ok
2	C-clang-tc	hash	2.313	928.29	2415919104	5	7faadb95a5025daebfcb19715b698c3263c38de7907e186ca1daab75930291a9	ok
2	C-gcc-stock	hash	2.504	857.78	2415919104	5	7faadb95a5025daebfcb19715b698c3263c38de7907e186ca1daab75930291a9	ok
2	C-gcc-tc	hash	2.355	911.76	2415919104	5	7faadb95a5025daebfcb19715b698c3263c38de7907e186ca1daab75930291a9	ok
2	main-clang-stock	syscall	6.091	352.59	2415919104	5	42cec926ae99b5b2c0da4cf14907627c80ca32cc217e17c9c968a87a3f8695f2	ok
2	main-gcc-stock	syscall	6.048	355.05	2415919104	5	42cec926ae99b5b2c0da4cf14907627c80ca32cc217e17c9c968a87a3f8695f2	ok
2	clang-stock	syscall	6.010	357.30	2415919104	5	42cec926ae99b5b2c0da4cf14907627c80ca32cc217e17c9c968a87a3f8695f2	ok
2	gcc-stock	syscall	7.556	284.22	2415919104	5	42cec926ae99b5b2c0da4cf14907627c80ca32cc217e17c9c968a87a3f8695f2	ok
2	clang-tc	syscall	5.927	362.33	2415919104	5	42cec926ae99b5b2c0da4cf14907627c80ca32cc217e17c9c968a87a3f8695f2	ok
2	gcc-tc	syscall	5.881	365.17	2415919104	5	42cec926ae99b5b2c0da4cf14907627c80ca32cc217e17c9c968a87a3f8695f2	ok
2	C-clang-stock	syscall	6.044	355.34	2415919104	5	42cec926ae99b5b2c0da4cf14907627c80ca32cc217e17c9c968a87a3f8695f2	ok
2	C-clang-tc	syscall	5.867	366.00	2415919104	5	42cec926ae99b5b2c0da4cf14907627c80ca32cc217e17c9c968a87a3f8695f2	ok
2	C-gcc-stock	syscall	6.216	345.47	2415919104	5	42cec926ae99b5b2c0da4cf14907627c80ca32cc217e17c9c968a87a3f8695f2	ok
2	C-gcc-tc	syscall	5.932	362.02	2415919104	5	42cec926ae99b5b2c0da4cf14907627c80ca32cc217e17c9c968a87a3f8695f2	ok
2	main-clang-stock	fp	2.793	768.74	2415919104	5	906dd97cb18890335374e13f06f11d3462076edd39a916310cd65dd5aafb45b7	ok
2	main-gcc-stock	fp	2.442	879.26	2415919104	5	906dd97cb18890335374e13f06f11d3462076edd39a916310cd65dd5aafb45b7	ok
2	clang-stock	fp	2.635	814.85	2415919104	5	906dd97cb18890335374e13f06f11d3462076edd39a916310cd65dd5aafb45b7	ok
2	gcc-stock	fp	3.528	608.71	2415919104	5	906dd97cb18890335374e13f06f11d3462076edd39a916310cd65dd5aafb45b7	ok
2	clang-tc	fp	2.597	826.93	2415919104	5	906dd97cb18890335374e13f06f11d3462076edd39a916310cd65dd5aafb45b7	ok
2	gcc-tc	fp	2.443	879.10	2415919104	5	906dd97cb18890335374e13f06f11d3462076edd39a916310cd65dd5aafb45b7	ok
2	C-clang-stock	fp	2.810	764.13	2415919104	5	906dd97cb18890335374e13f06f11d3462076edd39a916310cd65dd5aafb45b7	ok
2	C-clang-tc	fp	2.428	884.30	2415919104	5	906dd97cb18890335374e13f06f11d3462076edd39a916310cd65dd5aafb45b7	ok
2	C-gcc-stock	fp	2.671	803.94	2415919104	5	906dd97cb18890335374e13f06f11d3462076edd39a916310cd65dd5aafb45b7	ok
2	C-gcc-tc	fp	2.457	874.13	2415919104	5	906dd97cb18890335374e13f06f11d3462076edd39a916310cd65dd5aafb45b7	ok
2	main-clang-stock	nop	1.324	1622.35	2415919104	5	da57556b7bc3bfb3034f0e46a44731597514065f16bb82552863d1f9e3d8922b	ok
2	main-gcc-stock	nop	1.278	1680.17	2415919104	5	da57556b7bc3bfb3034f0e46a44731597514065f16bb82552863d1f9e3d8922b	ok
2	clang-stock	nop	1.330	1615.00	2415919104	5	da57556b7bc3bfb3034f0e46a44731597514065f16bb82552863d1f9e3d8922b	ok
2	gcc-stock	nop	1.643	1307.18	2415919104	5	da57556b7bc3bfb3034f0e46a44731597514065f16bb82552863d1f9e3d8922b	ok
2	clang-tc	nop	1.222	1757.98	2415919104	5	da57556b7bc3bfb3034f0e46a44731597514065f16bb82552863d1f9e3d8922b	ok
2	gcc-tc	nop	1.303	1648.58	2415919104	5	da57556b7bc3bfb3034f0e46a44731597514065f16bb82552863d1f9e3d8922b	ok
2	C-clang-stock	nop	1.324	1622.13	2415919104	5	da57556b7bc3bfb3034f0e46a44731597514065f16bb82552863d1f9e3d8922b	ok
2	C-clang-tc	nop	1.033	2079.19	2415919104	5	da57556b7bc3bfb3034f0e46a44731597514065f16bb82552863d1f9e3d8922b	ok
2	C-gcc-stock	nop	1.353	1587.39	2415919104	5	da57556b7bc3bfb3034f0e46a44731597514065f16bb82552863d1f9e3d8922b	ok
2	C-gcc-tc	nop	1.314	1634.54	2415919104	5	da57556b7bc3bfb3034f0e46a44731597514065f16bb82552863d1f9e3d8922b	ok
2	main-clang-stock	regs	1.820	1180.06	2415919104	5	8046902ef45b574fa0d049b88f703123dc1dc6906940453019f5439d19dea791	ok
2	main-gcc-stock	regs	1.761	1219.65	2415919104	5	8046902ef45b574fa0d049b88f703123dc1dc6906940453019f5439d19dea791	ok
2	clang-stock	regs	1.726	1244.44	2415919104	5	8046902ef45b574fa0d049b88f703123dc1dc6906940453019f5439d19dea791	ok
2	gcc-stock	regs	2.959	725.83	2415919104	5	8046902ef45b574fa0d049b88f703123dc1dc6906940453019f5439d19dea791	ok
2	clang-tc	regs	1.591	1349.47	2415919104	5	8046902ef45b574fa0d049b88f703123dc1dc6906940453019f5439d19dea791	ok
2	gcc-tc	regs	1.785	1202.81	2415919104	5	8046902ef45b574fa0d049b88f703123dc1dc6906940453019f5439d19dea791	ok
2	C-clang-stock	regs	1.826	1176.17	2415919104	5	8046902ef45b574fa0d049b88f703123dc1dc6906940453019f5439d19dea791	ok
2	C-clang-tc	regs	1.462	1468.37	2415919104	5	8046902ef45b574fa0d049b88f703123dc1dc6906940453019f5439d19dea791	ok
2	C-gcc-stock	regs	1.801	1192.27	2415919104	5	8046902ef45b574fa0d049b88f703123dc1dc6906940453019f5439d19dea791	ok
2	C-gcc-tc	regs	1.805	1189.85	2415919104	5	8046902ef45b574fa0d049b88f703123dc1dc6906940453019f5439d19dea791	ok
2	main-clang-stock	cpu	3.747	573.07	2415919104	5	eb324f1c6c0ea8e673c7ec829a4f55d0c80fd4c2ac098b6823a35cde5682c4a5	ok
2	main-gcc-stock	cpu	3.536	607.35	2415919104	5	eb324f1c6c0ea8e673c7ec829a4f55d0c80fd4c2ac098b6823a35cde5682c4a5	ok
2	clang-stock	cpu	3.582	599.50	2415919104	5	eb324f1c6c0ea8e673c7ec829a4f55d0c80fd4c2ac098b6823a35cde5682c4a5	ok
2	gcc-stock	cpu	4.570	469.86	2415919104	5	eb324f1c6c0ea8e673c7ec829a4f55d0c80fd4c2ac098b6823a35cde5682c4a5	ok
2	clang-tc	cpu	3.512	611.51	2415919104	5	eb324f1c6c0ea8e673c7ec829a4f55d0c80fd4c2ac098b6823a35cde5682c4a5	ok
2	gcc-tc	cpu	3.507	612.39	2415919104	5	eb324f1c6c0ea8e673c7ec829a4f55d0c80fd4c2ac098b6823a35cde5682c4a5	ok
2	C-clang-stock	cpu	3.745	573.45	2415919104	5	eb324f1c6c0ea8e673c7ec829a4f55d0c80fd4c2ac098b6823a35cde5682c4a5	ok
2	C-clang-tc	cpu	3.501	613.32	2415919104	5	eb324f1c6c0ea8e673c7ec829a4f55d0c80fd4c2ac098b6823a35cde5682c4a5	ok
2	C-gcc-stock	cpu	3.717	577.75	2415919104	5	eb324f1c6c0ea8e673c7ec829a4f55d0c80fd4c2ac098b6823a35cde5682c4a5	ok
2	C-gcc-tc	cpu	3.479	617.27	2415919104	5	eb324f1c6c0ea8e673c7ec829a4f55d0c80fd4c2ac098b6823a35cde5682c4a5	ok
2	main-clang-stock	crypt	3.154	680.96	2415919104	5	075ad5f3bef8aaa9bd8daae921884aff4a4c30187ed0bdb9fd30959f75e2709b	ok
2	main-gcc-stock	crypt	2.937	731.13	2415919104	5	075ad5f3bef8aaa9bd8daae921884aff4a4c30187ed0bdb9fd30959f75e2709b	ok
2	clang-stock	crypt	2.851	753.33	2415919104	5	075ad5f3bef8aaa9bd8daae921884aff4a4c30187ed0bdb9fd30959f75e2709b	ok
2	gcc-stock	crypt	3.824	561.51	2415919104	5	075ad5f3bef8aaa9bd8daae921884aff4a4c30187ed0bdb9fd30959f75e2709b	ok
2	clang-tc	crypt	2.916	736.43	2415919104	5	075ad5f3bef8aaa9bd8daae921884aff4a4c30187ed0bdb9fd30959f75e2709b	ok
2	gcc-tc	crypt	3.218	667.32	2415919104	5	075ad5f3bef8aaa9bd8daae921884aff4a4c30187ed0bdb9fd30959f75e2709b	ok
2	C-clang-stock	crypt	3.212	668.48	2415919104	5	075ad5f3bef8aaa9bd8daae921884aff4a4c30187ed0bdb9fd30959f75e2709b	ok
2	C-clang-tc	crypt	2.804	765.98	2415919104	5	075ad5f3bef8aaa9bd8daae921884aff4a4c30187ed0bdb9fd30959f75e2709b	ok
2	C-gcc-stock	crypt	3.037	707.16	2415919104	5	075ad5f3bef8aaa9bd8daae921884aff4a4c30187ed0bdb9fd30959f75e2709b	ok
2	C-gcc-tc	crypt	3.110	690.40	2415919104	5	075ad5f3bef8aaa9bd8daae921884aff4a4c30187ed0bdb9fd30959f75e2709b	ok
2	main-clang-stock	memcpy	2.230	963.01	2415919104	5	958a3598adc13ecab81628febb41a80775a56c2227b74cbf0a455c0d064f6dd2	ok
2	main-gcc-stock	memcpy	2.226	964.74	2415919104	5	958a3598adc13ecab81628febb41a80775a56c2227b74cbf0a455c0d064f6dd2	ok
2	clang-stock	memcpy	2.194	978.93	2415919104	5	958a3598adc13ecab81628febb41a80775a56c2227b74cbf0a455c0d064f6dd2	ok
2	gcc-stock	memcpy	3.051	703.95	2415919104	5	958a3598adc13ecab81628febb41a80775a56c2227b74cbf0a455c0d064f6dd2	ok
2	clang-tc	memcpy	2.402	893.87	2415919104	5	958a3598adc13ecab81628febb41a80775a56c2227b74cbf0a455c0d064f6dd2	ok
2	gcc-tc	memcpy	2.223	965.98	2415919104	5	958a3598adc13ecab81628febb41a80775a56c2227b74cbf0a455c0d064f6dd2	ok
2	C-clang-stock	memcpy	2.226	964.81	2415919104	5	958a3598adc13ecab81628febb41a80775a56c2227b74cbf0a455c0d064f6dd2	ok
2	C-clang-tc	memcpy	2.096	1024.45	2415919104	5	958a3598adc13ecab81628febb41a80775a56c2227b74cbf0a455c0d064f6dd2	ok
2	C-gcc-stock	memcpy	2.236	960.20	2415919104	5	958a3598adc13ecab81628febb41a80775a56c2227b74cbf0a455c0d064f6dd2	ok
2	C-gcc-tc	memcpy	2.237	960.14	2415919104	5	958a3598adc13ecab81628febb41a80775a56c2227b74cbf0a455c0d064f6dd2	ok
2	main-clang-stock	branch	2.574	834.23	2415919104	5	3bb926ddc35a9ca8bdc7f6dfe2c84757cc27a07ceb7ed7637ddd3e5969b40e8c	ok
2	main-gcc-stock	branch	2.271	945.70	2415919104	5	3bb926ddc35a9ca8bdc7f6dfe2c84757cc27a07ceb7ed7637ddd3e5969b40e8c	ok
2	clang-stock	branch	2.227	964.51	2415919104	5	3bb926ddc35a9ca8bdc7f6dfe2c84757cc27a07ceb7ed7637ddd3e5969b40e8c	ok
2	gcc-stock	branch	3.185	674.22	2415919104	5	3bb926ddc35a9ca8bdc7f6dfe2c84757cc27a07ceb7ed7637ddd3e5969b40e8c	ok
2	clang-tc	branch	2.200	976.19	2415919104	5	3bb926ddc35a9ca8bdc7f6dfe2c84757cc27a07ceb7ed7637ddd3e5969b40e8c	ok
2	gcc-tc	branch	2.238	959.37	2415919104	5	3bb926ddc35a9ca8bdc7f6dfe2c84757cc27a07ceb7ed7637ddd3e5969b40e8c	ok
2	C-clang-stock	branch	2.548	842.95	2415919104	5	3bb926ddc35a9ca8bdc7f6dfe2c84757cc27a07ceb7ed7637ddd3e5969b40e8c	ok
2	C-clang-tc	branch	2.134	1006.44	2415919104	5	3bb926ddc35a9ca8bdc7f6dfe2c84757cc27a07ceb7ed7637ddd3e5969b40e8c	ok
2	C-gcc-stock	branch	2.363	908.98	2415919104	5	3bb926ddc35a9ca8bdc7f6dfe2c84757cc27a07ceb7ed7637ddd3e5969b40e8c	ok
2	C-gcc-tc	branch	2.325	923.51	2415919104	5	3bb926ddc35a9ca8bdc7f6dfe2c84757cc27a07ceb7ed7637ddd3e5969b40e8c	ok
2	main-clang-stock	heapsort	2.559	839.05	2415919104	5	a01ab4e7ef8c8decb06055977002f5b5da8aeb3fa95049718b71a92d1d517adf	ok
2	main-gcc-stock	heapsort	2.474	867.91	2415919104	5	a01ab4e7ef8c8decb06055977002f5b5da8aeb3fa95049718b71a92d1d517adf	ok
2	clang-stock	heapsort	2.444	878.51	2415919104	5	a01ab4e7ef8c8decb06055977002f5b5da8aeb3fa95049718b71a92d1d517adf	ok
2	gcc-stock	heapsort	4.638	463.00	2415919104	5	a01ab4e7ef8c8decb06055977002f5b5da8aeb3fa95049718b71a92d1d517adf	ok
2	clang-tc	heapsort	2.582	831.74	2415919104	5	a01ab4e7ef8c8decb06055977002f5b5da8aeb3fa95049718b71a92d1d517adf	ok
2	gcc-tc	heapsort	2.477	867.01	2415919104	5	a01ab4e7ef8c8decb06055977002f5b5da8aeb3fa95049718b71a92d1d517adf	ok
2	C-clang-stock	heapsort	2.556	840.20	2415919104	5	a01ab4e7ef8c8decb06055977002f5b5da8aeb3fa95049718b71a92d1d517adf	ok
2	C-clang-tc	heapsort	2.435	881.83	2415919104	5	a01ab4e7ef8c8decb06055977002f5b5da8aeb3fa95049718b71a92d1d517adf	ok
2	C-gcc-stock	heapsort	2.509	856.06	2415919104	5	a01ab4e7ef8c8decb06055977002f5b5da8aeb3fa95049718b71a92d1d517adf	ok
2	C-gcc-tc	heapsort	2.494	861.08	2415919104	5	a01ab4e7ef8c8decb06055977002f5b5da8aeb3fa95049718b71a92d1d517adf	ok
2	main-clang-stock	tsearch	3.995	537.56	2415919104	5	35451ee71307997f2b1b494651a5fbd4257517350c84a0a993817a6e38fc713b	ok
2	main-gcc-stock	tsearch	3.920	547.79	2415919104	5	35451ee71307997f2b1b494651a5fbd4257517350c84a0a993817a6e38fc713b	ok
2	clang-stock	tsearch	3.994	537.69	2415919104	5	35451ee71307997f2b1b494651a5fbd4257517350c84a0a993817a6e38fc713b	ok
2	gcc-stock	tsearch	5.133	418.37	2415919104	5	35451ee71307997f2b1b494651a5fbd4257517350c84a0a993817a6e38fc713b	ok
2	clang-tc	tsearch	4.018	534.51	2415919104	5	35451ee71307997f2b1b494651a5fbd4257517350c84a0a993817a6e38fc713b	ok
2	gcc-tc	tsearch	4.011	535.43	2415919104	5	35451ee71307997f2b1b494651a5fbd4257517350c84a0a993817a6e38fc713b	ok
2	C-clang-stock	tsearch	4.032	532.55	2415919104	5	35451ee71307997f2b1b494651a5fbd4257517350c84a0a993817a6e38fc713b	ok
2	C-clang-tc	tsearch	3.848	558.04	2415919104	5	35451ee71307997f2b1b494651a5fbd4257517350c84a0a993817a6e38fc713b	ok
2	C-gcc-stock	tsearch	4.140	518.66	2415919104	5	35451ee71307997f2b1b494651a5fbd4257517350c84a0a993817a6e38fc713b	ok
2	C-gcc-tc	tsearch	4.033	532.51	2415919104	5	35451ee71307997f2b1b494651a5fbd4257517350c84a0a993817a6e38fc713b	ok
2	main-clang-stock	matrix-3d	9.684	221.76	2415919104	5	e0bb44ec0b8c878093bff8307da03316a00c102a16babcbc42ceb8ca6e4cf0fe	ok
2	main-gcc-stock	matrix-3d	9.268	231.70	2415919104	5	e0bb44ec0b8c878093bff8307da03316a00c102a16babcbc42ceb8ca6e4cf0fe	ok
2	clang-stock	matrix-3d	9.774	219.72	2415919104	5	e0bb44ec0b8c878093bff8307da03316a00c102a16babcbc42ceb8ca6e4cf0fe	ok
2	gcc-stock	matrix-3d	10.093	212.78	2415919104	5	e0bb44ec0b8c878093bff8307da03316a00c102a16babcbc42ceb8ca6e4cf0fe	ok
2	clang-tc	matrix-3d	10.020	214.32	2415919104	5	e0bb44ec0b8c878093bff8307da03316a00c102a16babcbc42ceb8ca6e4cf0fe	ok
2	gcc-tc	matrix-3d	9.505	225.93	2415919104	5	e0bb44ec0b8c878093bff8307da03316a00c102a16babcbc42ceb8ca6e4cf0fe	ok
2	C-clang-stock	matrix-3d	9.670	222.09	2415919104	5	e0bb44ec0b8c878093bff8307da03316a00c102a16babcbc42ceb8ca6e4cf0fe	ok
2	C-clang-tc	matrix-3d	9.581	224.15	2415919104	5	e0bb44ec0b8c878093bff8307da03316a00c102a16babcbc42ceb8ca6e4cf0fe	ok
2	C-gcc-stock	matrix-3d	9.623	223.16	2415919104	5	e0bb44ec0b8c878093bff8307da03316a00c102a16babcbc42ceb8ca6e4cf0fe	ok
2	C-gcc-tc	matrix-3d	9.413	228.14	2415919104	5	e0bb44ec0b8c878093bff8307da03316a00c102a16babcbc42ceb8ca6e4cf0fe	ok
2	main-clang-stock	tree	4.313	497.96	2415919104	5	aaacf4808d9da670176f52ce3fa35924ce51d90d4fb24440308902b6302f92d4	ok
2	main-gcc-stock	tree	4.273	502.56	2415919104	5	aaacf4808d9da670176f52ce3fa35924ce51d90d4fb24440308902b6302f92d4	ok
2	clang-stock	tree	4.278	501.98	2415919104	5	aaacf4808d9da670176f52ce3fa35924ce51d90d4fb24440308902b6302f92d4	ok
2	gcc-stock	tree	5.606	383.05	2415919104	5	aaacf4808d9da670176f52ce3fa35924ce51d90d4fb24440308902b6302f92d4	ok
2	clang-tc	tree	4.369	491.58	2415919104	5	aaacf4808d9da670176f52ce3fa35924ce51d90d4fb24440308902b6302f92d4	ok
2	gcc-tc	tree	4.267	503.33	2415919104	5	aaacf4808d9da670176f52ce3fa35924ce51d90d4fb24440308902b6302f92d4	ok
2	C-clang-stock	tree	4.303	499.08	2415919104	5	aaacf4808d9da670176f52ce3fa35924ce51d90d4fb24440308902b6302f92d4	ok
2	C-clang-tc	tree	4.270	502.92	2415919104	5	aaacf4808d9da670176f52ce3fa35924ce51d90d4fb24440308902b6302f92d4	ok
2	C-gcc-stock	tree	4.366	491.89	2415919104	5	aaacf4808d9da670176f52ce3fa35924ce51d90d4fb24440308902b6302f92d4	ok
2	C-gcc-tc	tree	4.376	490.71	2415919104	5	aaacf4808d9da670176f52ce3fa35924ce51d90d4fb24440308902b6302f92d4	ok
2	main-clang-stock	malloc	7.200	298.27	2415919104	5	bc106f77f0341f5e4be9c92901b33c15b5007cb13195b0f0c68d678b1ed2a2cf	ok
2	main-gcc-stock	malloc	7.217	297.57	2415919104	5	bc106f77f0341f5e4be9c92901b33c15b5007cb13195b0f0c68d678b1ed2a2cf	ok
2	clang-stock	malloc	7.104	302.27	2415919104	5	bc106f77f0341f5e4be9c92901b33c15b5007cb13195b0f0c68d678b1ed2a2cf	ok
2	gcc-stock	malloc	8.452	254.09	2415919104	5	bc106f77f0341f5e4be9c92901b33c15b5007cb13195b0f0c68d678b1ed2a2cf	ok
2	clang-tc	malloc	7.332	292.90	2415919104	5	bc106f77f0341f5e4be9c92901b33c15b5007cb13195b0f0c68d678b1ed2a2cf	ok
2	gcc-tc	malloc	7.239	296.65	2415919104	5	bc106f77f0341f5e4be9c92901b33c15b5007cb13195b0f0c68d678b1ed2a2cf	ok
2	C-clang-stock	malloc	7.275	295.19	2415919104	5	bc106f77f0341f5e4be9c92901b33c15b5007cb13195b0f0c68d678b1ed2a2cf	ok
2	C-clang-tc	malloc	7.349	292.21	2415919104	5	bc106f77f0341f5e4be9c92901b33c15b5007cb13195b0f0c68d678b1ed2a2cf	ok
2	C-gcc-stock	malloc	7.496	286.50	2415919104	5	bc106f77f0341f5e4be9c92901b33c15b5007cb13195b0f0c68d678b1ed2a2cf	ok
2	C-gcc-tc	malloc	7.514	285.79	2415919104	5	bc106f77f0341f5e4be9c92901b33c15b5007cb13195b0f0c68d678b1ed2a2cf	ok
2	main-clang-stock	randlist	4.175	514.35	2415919104	5	ff2547c8dfc9c90e5eb6f65e14b3feda61f3dd85b0d465e351788800a850fd4a	ok
2	main-gcc-stock	randlist	3.720	577.35	2415919104	5	ff2547c8dfc9c90e5eb6f65e14b3feda61f3dd85b0d465e351788800a850fd4a	ok
2	clang-stock	randlist	4.192	512.31	2415919104	5	ff2547c8dfc9c90e5eb6f65e14b3feda61f3dd85b0d465e351788800a850fd4a	ok
2	gcc-stock	randlist	6.074	353.55	2415919104	5	ff2547c8dfc9c90e5eb6f65e14b3feda61f3dd85b0d465e351788800a850fd4a	ok
2	clang-tc	randlist	3.958	542.62	2415919104	5	ff2547c8dfc9c90e5eb6f65e14b3feda61f3dd85b0d465e351788800a850fd4a	ok
2	gcc-tc	randlist	3.808	563.87	2415919104	5	ff2547c8dfc9c90e5eb6f65e14b3feda61f3dd85b0d465e351788800a850fd4a	ok
2	C-clang-stock	randlist	4.180	513.72	2415919104	5	ff2547c8dfc9c90e5eb6f65e14b3feda61f3dd85b0d465e351788800a850fd4a	ok
2	C-clang-tc	randlist	3.889	552.20	2415919104	5	ff2547c8dfc9c90e5eb6f65e14b3feda61f3dd85b0d465e351788800a850fd4a	ok
2	C-gcc-stock	randlist	4.220	508.94	2415919104	5	ff2547c8dfc9c90e5eb6f65e14b3feda61f3dd85b0d465e351788800a850fd4a	ok
2	C-gcc-tc	randlist	3.796	565.66	2415919104	5	ff2547c8dfc9c90e5eb6f65e14b3feda61f3dd85b0d465e351788800a850fd4a	ok
3	main-clang-stock	qsort	2.713	791.65	2415919104	5	daad9b63b2013449fba5d90591787dff8817c65d0d9bc57a0d814d2ef4c712ab	ok
3	main-gcc-stock	qsort	2.674	803.16	2415919104	5	daad9b63b2013449fba5d90591787dff8817c65d0d9bc57a0d814d2ef4c712ab	ok
3	clang-stock	qsort	2.665	805.78	2415919104	5	daad9b63b2013449fba5d90591787dff8817c65d0d9bc57a0d814d2ef4c712ab	ok
3	gcc-stock	qsort	3.972	540.60	2415919104	5	daad9b63b2013449fba5d90591787dff8817c65d0d9bc57a0d814d2ef4c712ab	ok
3	clang-tc	qsort	2.733	785.71	2415919104	5	daad9b63b2013449fba5d90591787dff8817c65d0d9bc57a0d814d2ef4c712ab	ok
3	gcc-tc	qsort	2.637	814.29	2415919104	5	daad9b63b2013449fba5d90591787dff8817c65d0d9bc57a0d814d2ef4c712ab	ok
3	C-clang-stock	qsort	2.726	787.66	2415919104	5	daad9b63b2013449fba5d90591787dff8817c65d0d9bc57a0d814d2ef4c712ab	ok
3	C-clang-tc	qsort	2.574	834.43	2415919104	5	daad9b63b2013449fba5d90591787dff8817c65d0d9bc57a0d814d2ef4c712ab	ok
3	C-gcc-stock	qsort	2.681	801.07	2415919104	5	daad9b63b2013449fba5d90591787dff8817c65d0d9bc57a0d814d2ef4c712ab	ok
3	C-gcc-tc	qsort	2.706	793.49	2415919104	5	daad9b63b2013449fba5d90591787dff8817c65d0d9bc57a0d814d2ef4c712ab	ok
3	main-clang-stock	zlib	2.786	770.77	2415919104	5	be1e876889828625d023972c3bfc8e07f4fece5144eca0fec4b8468571920b5a	ok
3	main-gcc-stock	zlib	2.687	799.33	2415919104	5	be1e876889828625d023972c3bfc8e07f4fece5144eca0fec4b8468571920b5a	ok
3	clang-stock	zlib	2.703	794.55	2415919104	5	be1e876889828625d023972c3bfc8e07f4fece5144eca0fec4b8468571920b5a	ok
3	gcc-stock	zlib	3.539	606.80	2415919104	5	be1e876889828625d023972c3bfc8e07f4fece5144eca0fec4b8468571920b5a	ok
3	clang-tc	zlib	2.852	753.04	2415919104	5	be1e876889828625d023972c3bfc8e07f4fece5144eca0fec4b8468571920b5a	ok
3	gcc-tc	zlib	2.630	816.67	2415919104	5	be1e876889828625d023972c3bfc8e07f4fece5144eca0fec4b8468571920b5a	ok
3	C-clang-stock	zlib	2.785	771.10	2415919104	5	be1e876889828625d023972c3bfc8e07f4fece5144eca0fec4b8468571920b5a	ok
3	C-clang-tc	zlib	2.637	814.27	2415919104	5	be1e876889828625d023972c3bfc8e07f4fece5144eca0fec4b8468571920b5a	ok
3	C-gcc-stock	zlib	2.733	785.71	2415919104	5	be1e876889828625d023972c3bfc8e07f4fece5144eca0fec4b8468571920b5a	ok
3	C-gcc-tc	zlib	2.650	810.49	2415919104	5	be1e876889828625d023972c3bfc8e07f4fece5144eca0fec4b8468571920b5a	ok
3	main-clang-stock	hash	2.677	802.32	2415919104	5	7faadb95a5025daebfcb19715b698c3263c38de7907e186ca1daab75930291a9	ok
3	main-gcc-stock	hash	2.344	916.30	2415919104	5	7faadb95a5025daebfcb19715b698c3263c38de7907e186ca1daab75930291a9	ok
3	clang-stock	hash	2.477	867.09	2415919104	5	7faadb95a5025daebfcb19715b698c3263c38de7907e186ca1daab75930291a9	ok
3	gcc-stock	hash	3.370	637.29	2415919104	5	7faadb95a5025daebfcb19715b698c3263c38de7907e186ca1daab75930291a9	ok
3	clang-tc	hash	2.496	860.23	2415919104	5	7faadb95a5025daebfcb19715b698c3263c38de7907e186ca1daab75930291a9	ok
3	gcc-tc	hash	2.349	914.34	2415919104	5	7faadb95a5025daebfcb19715b698c3263c38de7907e186ca1daab75930291a9	ok
3	C-clang-stock	hash	2.682	800.81	2415919104	5	7faadb95a5025daebfcb19715b698c3263c38de7907e186ca1daab75930291a9	ok
3	C-clang-tc	hash	2.320	925.48	2415919104	5	7faadb95a5025daebfcb19715b698c3263c38de7907e186ca1daab75930291a9	ok
3	C-gcc-stock	hash	2.505	857.16	2415919104	5	7faadb95a5025daebfcb19715b698c3263c38de7907e186ca1daab75930291a9	ok
3	C-gcc-tc	hash	2.351	913.50	2415919104	5	7faadb95a5025daebfcb19715b698c3263c38de7907e186ca1daab75930291a9	ok
3	main-clang-stock	syscall	6.031	356.07	2415919104	5	42cec926ae99b5b2c0da4cf14907627c80ca32cc217e17c9c968a87a3f8695f2	ok
3	main-gcc-stock	syscall	6.040	355.52	2415919104	5	42cec926ae99b5b2c0da4cf14907627c80ca32cc217e17c9c968a87a3f8695f2	ok
3	clang-stock	syscall	6.013	357.13	2415919104	5	42cec926ae99b5b2c0da4cf14907627c80ca32cc217e17c9c968a87a3f8695f2	ok
3	gcc-stock	syscall	7.480	287.08	2415919104	5	42cec926ae99b5b2c0da4cf14907627c80ca32cc217e17c9c968a87a3f8695f2	ok
3	clang-tc	syscall	5.954	360.70	2415919104	5	42cec926ae99b5b2c0da4cf14907627c80ca32cc217e17c9c968a87a3f8695f2	ok
3	gcc-tc	syscall	5.872	365.73	2415919104	5	42cec926ae99b5b2c0da4cf14907627c80ca32cc217e17c9c968a87a3f8695f2	ok
3	C-clang-stock	syscall	6.011	357.27	2415919104	5	42cec926ae99b5b2c0da4cf14907627c80ca32cc217e17c9c968a87a3f8695f2	ok
3	C-clang-tc	syscall	5.925	362.42	2415919104	5	42cec926ae99b5b2c0da4cf14907627c80ca32cc217e17c9c968a87a3f8695f2	ok
3	C-gcc-stock	syscall	6.259	343.13	2415919104	5	42cec926ae99b5b2c0da4cf14907627c80ca32cc217e17c9c968a87a3f8695f2	ok
3	C-gcc-tc	syscall	5.955	360.64	2415919104	5	42cec926ae99b5b2c0da4cf14907627c80ca32cc217e17c9c968a87a3f8695f2	ok
3	main-clang-stock	fp	2.790	769.68	2415919104	5	906dd97cb18890335374e13f06f11d3462076edd39a916310cd65dd5aafb45b7	ok
3	main-gcc-stock	fp	2.443	878.88	2415919104	5	906dd97cb18890335374e13f06f11d3462076edd39a916310cd65dd5aafb45b7	ok
3	clang-stock	fp	2.633	815.65	2415919104	5	906dd97cb18890335374e13f06f11d3462076edd39a916310cd65dd5aafb45b7	ok
3	gcc-stock	fp	3.515	610.86	2415919104	5	906dd97cb18890335374e13f06f11d3462076edd39a916310cd65dd5aafb45b7	ok
3	clang-tc	fp	2.592	828.42	2415919104	5	906dd97cb18890335374e13f06f11d3462076edd39a916310cd65dd5aafb45b7	ok
3	gcc-tc	fp	2.456	874.35	2415919104	5	906dd97cb18890335374e13f06f11d3462076edd39a916310cd65dd5aafb45b7	ok
3	C-clang-stock	fp	2.826	759.97	2415919104	5	906dd97cb18890335374e13f06f11d3462076edd39a916310cd65dd5aafb45b7	ok
3	C-clang-tc	fp	2.443	879.05	2415919104	5	906dd97cb18890335374e13f06f11d3462076edd39a916310cd65dd5aafb45b7	ok
3	C-gcc-stock	fp	2.698	795.99	2415919104	5	906dd97cb18890335374e13f06f11d3462076edd39a916310cd65dd5aafb45b7	ok
3	C-gcc-tc	fp	2.450	876.55	2415919104	5	906dd97cb18890335374e13f06f11d3462076edd39a916310cd65dd5aafb45b7	ok
3	main-clang-stock	nop	1.324	1622.11	2415919104	5	da57556b7bc3bfb3034f0e46a44731597514065f16bb82552863d1f9e3d8922b	ok
3	main-gcc-stock	nop	1.278	1680.68	2415919104	5	da57556b7bc3bfb3034f0e46a44731597514065f16bb82552863d1f9e3d8922b	ok
3	clang-stock	nop	1.330	1614.71	2415919104	5	da57556b7bc3bfb3034f0e46a44731597514065f16bb82552863d1f9e3d8922b	ok
3	gcc-stock	nop	1.643	1307.02	2415919104	5	da57556b7bc3bfb3034f0e46a44731597514065f16bb82552863d1f9e3d8922b	ok
3	clang-tc	nop	1.222	1757.86	2415919104	5	da57556b7bc3bfb3034f0e46a44731597514065f16bb82552863d1f9e3d8922b	ok
3	gcc-tc	nop	1.303	1648.03	2415919104	5	da57556b7bc3bfb3034f0e46a44731597514065f16bb82552863d1f9e3d8922b	ok
3	C-clang-stock	nop	1.324	1622.32	2415919104	5	da57556b7bc3bfb3034f0e46a44731597514065f16bb82552863d1f9e3d8922b	ok
3	C-clang-tc	nop	1.037	2071.09	2415919104	5	da57556b7bc3bfb3034f0e46a44731597514065f16bb82552863d1f9e3d8922b	ok
3	C-gcc-stock	nop	1.354	1585.59	2415919104	5	da57556b7bc3bfb3034f0e46a44731597514065f16bb82552863d1f9e3d8922b	ok
3	C-gcc-tc	nop	1.316	1631.40	2415919104	5	da57556b7bc3bfb3034f0e46a44731597514065f16bb82552863d1f9e3d8922b	ok
3	main-clang-stock	regs	1.878	1143.44	2415919104	5	8046902ef45b574fa0d049b88f703123dc1dc6906940453019f5439d19dea791	ok
3	main-gcc-stock	regs	1.759	1220.95	2415919104	5	8046902ef45b574fa0d049b88f703123dc1dc6906940453019f5439d19dea791	ok
3	clang-stock	regs	1.727	1243.71	2415919104	5	8046902ef45b574fa0d049b88f703123dc1dc6906940453019f5439d19dea791	ok
3	gcc-stock	regs	2.962	724.89	2415919104	5	8046902ef45b574fa0d049b88f703123dc1dc6906940453019f5439d19dea791	ok
3	clang-tc	regs	1.595	1346.59	2415919104	5	8046902ef45b574fa0d049b88f703123dc1dc6906940453019f5439d19dea791	ok
3	gcc-tc	regs	1.786	1202.67	2415919104	5	8046902ef45b574fa0d049b88f703123dc1dc6906940453019f5439d19dea791	ok
3	C-clang-stock	regs	1.830	1173.67	2415919104	5	8046902ef45b574fa0d049b88f703123dc1dc6906940453019f5439d19dea791	ok
3	C-clang-tc	regs	1.464	1467.27	2415919104	5	8046902ef45b574fa0d049b88f703123dc1dc6906940453019f5439d19dea791	ok
3	C-gcc-stock	regs	1.804	1190.63	2415919104	5	8046902ef45b574fa0d049b88f703123dc1dc6906940453019f5439d19dea791	ok
3	C-gcc-tc	regs	1.806	1189.28	2415919104	5	8046902ef45b574fa0d049b88f703123dc1dc6906940453019f5439d19dea791	ok
3	main-clang-stock	cpu	3.745	573.48	2415919104	5	eb324f1c6c0ea8e673c7ec829a4f55d0c80fd4c2ac098b6823a35cde5682c4a5	ok
3	main-gcc-stock	cpu	3.534	607.74	2415919104	5	eb324f1c6c0ea8e673c7ec829a4f55d0c80fd4c2ac098b6823a35cde5682c4a5	ok
3	clang-stock	cpu	3.580	599.86	2415919104	5	eb324f1c6c0ea8e673c7ec829a4f55d0c80fd4c2ac098b6823a35cde5682c4a5	ok
3	gcc-stock	cpu	4.579	469.04	2415919104	5	eb324f1c6c0ea8e673c7ec829a4f55d0c80fd4c2ac098b6823a35cde5682c4a5	ok
3	clang-tc	cpu	3.521	609.92	2415919104	5	eb324f1c6c0ea8e673c7ec829a4f55d0c80fd4c2ac098b6823a35cde5682c4a5	ok
3	gcc-tc	cpu	3.504	612.95	2415919104	5	eb324f1c6c0ea8e673c7ec829a4f55d0c80fd4c2ac098b6823a35cde5682c4a5	ok
3	C-clang-stock	cpu	3.748	572.97	2415919104	5	eb324f1c6c0ea8e673c7ec829a4f55d0c80fd4c2ac098b6823a35cde5682c4a5	ok
3	C-clang-tc	cpu	3.498	613.83	2415919104	5	eb324f1c6c0ea8e673c7ec829a4f55d0c80fd4c2ac098b6823a35cde5682c4a5	ok
3	C-gcc-stock	cpu	3.731	575.65	2415919104	5	eb324f1c6c0ea8e673c7ec829a4f55d0c80fd4c2ac098b6823a35cde5682c4a5	ok
3	C-gcc-tc	cpu	3.496	614.20	2415919104	5	eb324f1c6c0ea8e673c7ec829a4f55d0c80fd4c2ac098b6823a35cde5682c4a5	ok
3	main-clang-stock	crypt	3.148	682.11	2415919104	5	075ad5f3bef8aaa9bd8daae921884aff4a4c30187ed0bdb9fd30959f75e2709b	ok
3	main-gcc-stock	crypt	2.933	732.09	2415919104	5	075ad5f3bef8aaa9bd8daae921884aff4a4c30187ed0bdb9fd30959f75e2709b	ok
3	clang-stock	crypt	2.888	743.67	2415919104	5	075ad5f3bef8aaa9bd8daae921884aff4a4c30187ed0bdb9fd30959f75e2709b	ok
3	gcc-stock	crypt	3.813	563.25	2415919104	5	075ad5f3bef8aaa9bd8daae921884aff4a4c30187ed0bdb9fd30959f75e2709b	ok
3	clang-tc	crypt	2.916	736.45	2415919104	5	075ad5f3bef8aaa9bd8daae921884aff4a4c30187ed0bdb9fd30959f75e2709b	ok
3	gcc-tc	crypt	3.242	662.44	2415919104	5	075ad5f3bef8aaa9bd8daae921884aff4a4c30187ed0bdb9fd30959f75e2709b	ok
3	C-clang-stock	crypt	3.218	667.32	2415919104	5	075ad5f3bef8aaa9bd8daae921884aff4a4c30187ed0bdb9fd30959f75e2709b	ok
3	C-clang-tc	crypt	2.805	765.60	2415919104	5	075ad5f3bef8aaa9bd8daae921884aff4a4c30187ed0bdb9fd30959f75e2709b	ok
3	C-gcc-stock	crypt	3.037	707.14	2415919104	5	075ad5f3bef8aaa9bd8daae921884aff4a4c30187ed0bdb9fd30959f75e2709b	ok
3	C-gcc-tc	crypt	3.127	686.76	2415919104	5	075ad5f3bef8aaa9bd8daae921884aff4a4c30187ed0bdb9fd30959f75e2709b	ok
3	main-clang-stock	memcpy	2.231	962.75	2415919104	5	958a3598adc13ecab81628febb41a80775a56c2227b74cbf0a455c0d064f6dd2	ok
3	main-gcc-stock	memcpy	2.226	964.58	2415919104	5	958a3598adc13ecab81628febb41a80775a56c2227b74cbf0a455c0d064f6dd2	ok
3	clang-stock	memcpy	2.206	973.42	2415919104	5	958a3598adc13ecab81628febb41a80775a56c2227b74cbf0a455c0d064f6dd2	ok
3	gcc-stock	memcpy	3.101	692.62	2415919104	5	958a3598adc13ecab81628febb41a80775a56c2227b74cbf0a455c0d064f6dd2	ok
3	clang-tc	memcpy	2.396	896.35	2415919104	5	958a3598adc13ecab81628febb41a80775a56c2227b74cbf0a455c0d064f6dd2	ok
3	gcc-tc	memcpy	2.224	965.59	2415919104	5	958a3598adc13ecab81628febb41a80775a56c2227b74cbf0a455c0d064f6dd2	ok
3	C-clang-stock	memcpy	2.229	963.59	2415919104	5	958a3598adc13ecab81628febb41a80775a56c2227b74cbf0a455c0d064f6dd2	ok
3	C-clang-tc	memcpy	2.096	1024.58	2415919104	5	958a3598adc13ecab81628febb41a80775a56c2227b74cbf0a455c0d064f6dd2	ok
3	C-gcc-stock	memcpy	2.253	953.20	2415919104	5	958a3598adc13ecab81628febb41a80775a56c2227b74cbf0a455c0d064f6dd2	ok
3	C-gcc-tc	memcpy	2.240	958.84	2415919104	5	958a3598adc13ecab81628febb41a80775a56c2227b74cbf0a455c0d064f6dd2	ok
3	main-clang-stock	branch	2.562	838.16	2415919104	5	3bb926ddc35a9ca8bdc7f6dfe2c84757cc27a07ceb7ed7637ddd3e5969b40e8c	ok
3	main-gcc-stock	branch	2.259	950.45	2415919104	5	3bb926ddc35a9ca8bdc7f6dfe2c84757cc27a07ceb7ed7637ddd3e5969b40e8c	ok
3	clang-stock	branch	2.224	965.53	2415919104	5	3bb926ddc35a9ca8bdc7f6dfe2c84757cc27a07ceb7ed7637ddd3e5969b40e8c	ok
3	gcc-stock	branch	3.181	675.02	2415919104	5	3bb926ddc35a9ca8bdc7f6dfe2c84757cc27a07ceb7ed7637ddd3e5969b40e8c	ok
3	clang-tc	branch	2.210	971.76	2415919104	5	3bb926ddc35a9ca8bdc7f6dfe2c84757cc27a07ceb7ed7637ddd3e5969b40e8c	ok
3	gcc-tc	branch	2.239	959.29	2415919104	5	3bb926ddc35a9ca8bdc7f6dfe2c84757cc27a07ceb7ed7637ddd3e5969b40e8c	ok
3	C-clang-stock	branch	2.567	836.51	2415919104	5	3bb926ddc35a9ca8bdc7f6dfe2c84757cc27a07ceb7ed7637ddd3e5969b40e8c	ok
3	C-clang-tc	branch	2.121	1012.57	2415919104	5	3bb926ddc35a9ca8bdc7f6dfe2c84757cc27a07ceb7ed7637ddd3e5969b40e8c	ok
3	C-gcc-stock	branch	2.358	910.58	2415919104	5	3bb926ddc35a9ca8bdc7f6dfe2c84757cc27a07ceb7ed7637ddd3e5969b40e8c	ok
3	C-gcc-tc	branch	2.335	919.50	2415919104	5	3bb926ddc35a9ca8bdc7f6dfe2c84757cc27a07ceb7ed7637ddd3e5969b40e8c	ok
3	main-clang-stock	heapsort	2.560	839.02	2415919104	5	a01ab4e7ef8c8decb06055977002f5b5da8aeb3fa95049718b71a92d1d517adf	ok
3	main-gcc-stock	heapsort	2.487	863.65	2415919104	5	a01ab4e7ef8c8decb06055977002f5b5da8aeb3fa95049718b71a92d1d517adf	ok
3	clang-stock	heapsort	2.441	879.80	2415919104	5	a01ab4e7ef8c8decb06055977002f5b5da8aeb3fa95049718b71a92d1d517adf	ok
3	gcc-stock	heapsort	4.648	461.98	2415919104	5	a01ab4e7ef8c8decb06055977002f5b5da8aeb3fa95049718b71a92d1d517adf	ok
3	clang-tc	heapsort	2.578	832.86	2415919104	5	a01ab4e7ef8c8decb06055977002f5b5da8aeb3fa95049718b71a92d1d517adf	ok
3	gcc-tc	heapsort	2.486	863.76	2415919104	5	a01ab4e7ef8c8decb06055977002f5b5da8aeb3fa95049718b71a92d1d517adf	ok
3	C-clang-stock	heapsort	2.559	839.20	2415919104	5	a01ab4e7ef8c8decb06055977002f5b5da8aeb3fa95049718b71a92d1d517adf	ok
3	C-clang-tc	heapsort	2.430	883.70	2415919104	5	a01ab4e7ef8c8decb06055977002f5b5da8aeb3fa95049718b71a92d1d517adf	ok
3	C-gcc-stock	heapsort	2.519	852.42	2415919104	5	a01ab4e7ef8c8decb06055977002f5b5da8aeb3fa95049718b71a92d1d517adf	ok
3	C-gcc-tc	heapsort	2.503	858.02	2415919104	5	a01ab4e7ef8c8decb06055977002f5b5da8aeb3fa95049718b71a92d1d517adf	ok
3	main-clang-stock	tsearch	4.009	535.65	2415919104	5	35451ee71307997f2b1b494651a5fbd4257517350c84a0a993817a6e38fc713b	ok
3	main-gcc-stock	tsearch	3.957	542.68	2415919104	5	35451ee71307997f2b1b494651a5fbd4257517350c84a0a993817a6e38fc713b	ok
3	clang-stock	tsearch	3.941	544.96	2415919104	5	35451ee71307997f2b1b494651a5fbd4257517350c84a0a993817a6e38fc713b	ok
3	gcc-stock	tsearch	5.105	420.70	2415919104	5	35451ee71307997f2b1b494651a5fbd4257517350c84a0a993817a6e38fc713b	ok
3	clang-tc	tsearch	4.097	524.16	2415919104	5	35451ee71307997f2b1b494651a5fbd4257517350c84a0a993817a6e38fc713b	ok
3	gcc-tc	tsearch	3.999	536.97	2415919104	5	35451ee71307997f2b1b494651a5fbd4257517350c84a0a993817a6e38fc713b	ok
3	C-clang-stock	tsearch	4.044	531.06	2415919104	5	35451ee71307997f2b1b494651a5fbd4257517350c84a0a993817a6e38fc713b	ok
3	C-clang-tc	tsearch	3.848	558.10	2415919104	5	35451ee71307997f2b1b494651a5fbd4257517350c84a0a993817a6e38fc713b	ok
3	C-gcc-stock	tsearch	4.061	528.84	2415919104	5	35451ee71307997f2b1b494651a5fbd4257517350c84a0a993817a6e38fc713b	ok
3	C-gcc-tc	tsearch	3.987	538.65	2415919104	5	35451ee71307997f2b1b494651a5fbd4257517350c84a0a993817a6e38fc713b	ok
3	main-clang-stock	matrix-3d	9.682	221.79	2415919104	5	e0bb44ec0b8c878093bff8307da03316a00c102a16babcbc42ceb8ca6e4cf0fe	ok
3	main-gcc-stock	matrix-3d	9.270	231.67	2415919104	5	e0bb44ec0b8c878093bff8307da03316a00c102a16babcbc42ceb8ca6e4cf0fe	ok
3	clang-stock	matrix-3d	9.767	219.87	2415919104	5	e0bb44ec0b8c878093bff8307da03316a00c102a16babcbc42ceb8ca6e4cf0fe	ok
3	gcc-stock	matrix-3d	10.041	213.87	2415919104	5	e0bb44ec0b8c878093bff8307da03316a00c102a16babcbc42ceb8ca6e4cf0fe	ok
3	clang-tc	matrix-3d	10.019	214.35	2415919104	5	e0bb44ec0b8c878093bff8307da03316a00c102a16babcbc42ceb8ca6e4cf0fe	ok
3	gcc-tc	matrix-3d	9.506	225.90	2415919104	5	e0bb44ec0b8c878093bff8307da03316a00c102a16babcbc42ceb8ca6e4cf0fe	ok
3	C-clang-stock	matrix-3d	9.686	221.71	2415919104	5	e0bb44ec0b8c878093bff8307da03316a00c102a16babcbc42ceb8ca6e4cf0fe	ok
3	C-clang-tc	matrix-3d	9.586	224.02	2415919104	5	e0bb44ec0b8c878093bff8307da03316a00c102a16babcbc42ceb8ca6e4cf0fe	ok
3	C-gcc-stock	matrix-3d	9.587	224.00	2415919104	5	e0bb44ec0b8c878093bff8307da03316a00c102a16babcbc42ceb8ca6e4cf0fe	ok
3	C-gcc-tc	matrix-3d	9.416	228.06	2415919104	5	e0bb44ec0b8c878093bff8307da03316a00c102a16babcbc42ceb8ca6e4cf0fe	ok
3	main-clang-stock	tree	4.310	498.29	2415919104	5	aaacf4808d9da670176f52ce3fa35924ce51d90d4fb24440308902b6302f92d4	ok
3	main-gcc-stock	tree	4.265	503.56	2415919104	5	aaacf4808d9da670176f52ce3fa35924ce51d90d4fb24440308902b6302f92d4	ok
3	clang-stock	tree	4.289	500.64	2415919104	5	aaacf4808d9da670176f52ce3fa35924ce51d90d4fb24440308902b6302f92d4	ok
3	gcc-stock	tree	5.577	385.09	2415919104	5	aaacf4808d9da670176f52ce3fa35924ce51d90d4fb24440308902b6302f92d4	ok
3	clang-tc	tree	4.363	492.23	2415919104	5	aaacf4808d9da670176f52ce3fa35924ce51d90d4fb24440308902b6302f92d4	ok
3	gcc-tc	tree	4.258	504.37	2415919104	5	aaacf4808d9da670176f52ce3fa35924ce51d90d4fb24440308902b6302f92d4	ok
3	C-clang-stock	tree	4.305	498.86	2415919104	5	aaacf4808d9da670176f52ce3fa35924ce51d90d4fb24440308902b6302f92d4	ok
3	C-clang-tc	tree	4.241	506.39	2415919104	5	aaacf4808d9da670176f52ce3fa35924ce51d90d4fb24440308902b6302f92d4	ok
3	C-gcc-stock	tree	4.409	487.06	2415919104	5	aaacf4808d9da670176f52ce3fa35924ce51d90d4fb24440308902b6302f92d4	ok
3	C-gcc-tc	tree	4.372	491.18	2415919104	5	aaacf4808d9da670176f52ce3fa35924ce51d90d4fb24440308902b6302f92d4	ok
3	main-clang-stock	malloc	7.124	301.43	2415919104	5	bc106f77f0341f5e4be9c92901b33c15b5007cb13195b0f0c68d678b1ed2a2cf	ok
3	main-gcc-stock	malloc	7.215	297.66	2415919104	5	bc106f77f0341f5e4be9c92901b33c15b5007cb13195b0f0c68d678b1ed2a2cf	ok
3	clang-stock	malloc	7.115	301.83	2415919104	5	bc106f77f0341f5e4be9c92901b33c15b5007cb13195b0f0c68d678b1ed2a2cf	ok
3	gcc-stock	malloc	8.435	254.58	2415919104	5	bc106f77f0341f5e4be9c92901b33c15b5007cb13195b0f0c68d678b1ed2a2cf	ok
3	clang-tc	malloc	7.472	287.41	2415919104	5	bc106f77f0341f5e4be9c92901b33c15b5007cb13195b0f0c68d678b1ed2a2cf	ok
3	gcc-tc	malloc	7.261	295.74	2415919104	5	bc106f77f0341f5e4be9c92901b33c15b5007cb13195b0f0c68d678b1ed2a2cf	ok
3	C-clang-stock	malloc	7.227	297.15	2415919104	5	bc106f77f0341f5e4be9c92901b33c15b5007cb13195b0f0c68d678b1ed2a2cf	ok
3	C-clang-tc	malloc	7.370	291.36	2415919104	5	bc106f77f0341f5e4be9c92901b33c15b5007cb13195b0f0c68d678b1ed2a2cf	ok
3	C-gcc-stock	malloc	7.566	283.83	2415919104	5	bc106f77f0341f5e4be9c92901b33c15b5007cb13195b0f0c68d678b1ed2a2cf	ok
3	C-gcc-tc	malloc	7.406	289.97	2415919104	5	bc106f77f0341f5e4be9c92901b33c15b5007cb13195b0f0c68d678b1ed2a2cf	ok
3	main-clang-stock	randlist	4.200	511.33	2415919104	5	ff2547c8dfc9c90e5eb6f65e14b3feda61f3dd85b0d465e351788800a850fd4a	ok
3	main-gcc-stock	randlist	3.725	576.57	2415919104	5	ff2547c8dfc9c90e5eb6f65e14b3feda61f3dd85b0d465e351788800a850fd4a	ok
3	clang-stock	randlist	4.197	511.73	2415919104	5	ff2547c8dfc9c90e5eb6f65e14b3feda61f3dd85b0d465e351788800a850fd4a	ok
3	gcc-stock	randlist	6.068	353.89	2415919104	5	ff2547c8dfc9c90e5eb6f65e14b3feda61f3dd85b0d465e351788800a850fd4a	ok
3	clang-tc	randlist	3.934	545.93	2415919104	5	ff2547c8dfc9c90e5eb6f65e14b3feda61f3dd85b0d465e351788800a850fd4a	ok
3	gcc-tc	randlist	3.804	564.51	2415919104	5	ff2547c8dfc9c90e5eb6f65e14b3feda61f3dd85b0d465e351788800a850fd4a	ok
3	C-clang-stock	randlist	4.164	515.76	2415919104	5	ff2547c8dfc9c90e5eb6f65e14b3feda61f3dd85b0d465e351788800a850fd4a	ok
3	C-clang-tc	randlist	3.892	551.72	2415919104	5	ff2547c8dfc9c90e5eb6f65e14b3feda61f3dd85b0d465e351788800a850fd4a	ok
3	C-gcc-stock	randlist	4.206	510.60	2415919104	5	ff2547c8dfc9c90e5eb6f65e14b3feda61f3dd85b0d465e351788800a850fd4a	ok
3	C-gcc-tc	randlist	3.795	565.80	2415919104	5	ff2547c8dfc9c90e5eb6f65e14b3feda61f3dd85b0d465e351788800a850fd4a	ok
1	main-clang-stock	qsort	2.709	792.80	2415919104	5	daad9b63b2013449fba5d90591787dff8817c65d0d9bc57a0d814d2ef4c712ab	ok
1	main-gcc-stock	qsort	2.709	792.72	2415919104	5	daad9b63b2013449fba5d90591787dff8817c65d0d9bc57a0d814d2ef4c712ab	ok
1	C-clang-tc	qsort	2.568	836.19	2415919104	5	daad9b63b2013449fba5d90591787dff8817c65d0d9bc57a0d814d2ef4c712ab	ok
1	C-clang-tc-pre1	qsort	2.651	810.03	2415919104	5	daad9b63b2013449fba5d90591787dff8817c65d0d9bc57a0d814d2ef4c712ab	ok
1	F-clang-tc-pre1	qsort	2.581	831.93	2415919104	5	daad9b63b2013449fba5d90591787dff8817c65d0d9bc57a0d814d2ef4c712ab	ok
1	C-gcc-tc	qsort	2.689	798.67	2415919104	5	daad9b63b2013449fba5d90591787dff8817c65d0d9bc57a0d814d2ef4c712ab	ok
1	C-gcc-tc-pre1	qsort	2.833	758.10	2415919104	5	daad9b63b2013449fba5d90591787dff8817c65d0d9bc57a0d814d2ef4c712ab	ok
1	F-gcc-tc-pre1	qsort	2.747	781.78	2415919104	5	daad9b63b2013449fba5d90591787dff8817c65d0d9bc57a0d814d2ef4c712ab	ok
1	main-clang-stock	zlib	2.784	771.50	2415919104	5	be1e876889828625d023972c3bfc8e07f4fece5144eca0fec4b8468571920b5a	ok
1	main-gcc-stock	zlib	2.689	798.70	2415919104	5	be1e876889828625d023972c3bfc8e07f4fece5144eca0fec4b8468571920b5a	ok
1	C-clang-tc	zlib	2.617	820.45	2415919104	5	be1e876889828625d023972c3bfc8e07f4fece5144eca0fec4b8468571920b5a	ok
1	C-clang-tc-pre1	zlib	2.762	777.65	2415919104	5	be1e876889828625d023972c3bfc8e07f4fece5144eca0fec4b8468571920b5a	ok
1	F-clang-tc-pre1	zlib	2.658	807.86	2415919104	5	be1e876889828625d023972c3bfc8e07f4fece5144eca0fec4b8468571920b5a	ok
1	C-gcc-tc	zlib	2.649	810.63	2415919104	5	be1e876889828625d023972c3bfc8e07f4fece5144eca0fec4b8468571920b5a	ok
1	C-gcc-tc-pre1	zlib	2.753	780.11	2415919104	5	be1e876889828625d023972c3bfc8e07f4fece5144eca0fec4b8468571920b5a	ok
1	F-gcc-tc-pre1	zlib	2.694	797.28	2415919104	5	be1e876889828625d023972c3bfc8e07f4fece5144eca0fec4b8468571920b5a	ok
1	main-clang-stock	hash	2.677	802.28	2415919104	5	7faadb95a5025daebfcb19715b698c3263c38de7907e186ca1daab75930291a9	ok
1	main-gcc-stock	hash	2.345	915.88	2415919104	5	7faadb95a5025daebfcb19715b698c3263c38de7907e186ca1daab75930291a9	ok
1	C-clang-tc	hash	2.312	928.98	2415919104	5	7faadb95a5025daebfcb19715b698c3263c38de7907e186ca1daab75930291a9	ok
1	C-clang-tc-pre1	hash	2.445	878.38	2415919104	5	7faadb95a5025daebfcb19715b698c3263c38de7907e186ca1daab75930291a9	ok
1	F-clang-tc-pre1	hash	2.331	921.13	2415919104	5	7faadb95a5025daebfcb19715b698c3263c38de7907e186ca1daab75930291a9	ok
1	C-gcc-tc	hash	2.354	912.38	2415919104	5	7faadb95a5025daebfcb19715b698c3263c38de7907e186ca1daab75930291a9	ok
1	C-gcc-tc-pre1	hash	2.517	853.06	2415919104	5	7faadb95a5025daebfcb19715b698c3263c38de7907e186ca1daab75930291a9	ok
1	F-gcc-tc-pre1	hash	2.463	871.94	2415919104	5	7faadb95a5025daebfcb19715b698c3263c38de7907e186ca1daab75930291a9	ok
1	main-clang-stock	syscall	6.026	356.38	2415919104	5	42cec926ae99b5b2c0da4cf14907627c80ca32cc217e17c9c968a87a3f8695f2	ok
1	main-gcc-stock	syscall	6.064	354.12	2415919104	5	42cec926ae99b5b2c0da4cf14907627c80ca32cc217e17c9c968a87a3f8695f2	ok
1	C-clang-tc	syscall	5.925	362.47	2415919104	5	42cec926ae99b5b2c0da4cf14907627c80ca32cc217e17c9c968a87a3f8695f2	ok
1	C-clang-tc-pre1	syscall	5.772	372.08	2415919104	5	42cec926ae99b5b2c0da4cf14907627c80ca32cc217e17c9c968a87a3f8695f2	ok
1	F-clang-tc-pre1	syscall	5.689	377.50	2415919104	5	42cec926ae99b5b2c0da4cf14907627c80ca32cc217e17c9c968a87a3f8695f2	ok
1	C-gcc-tc	syscall	5.985	358.79	2415919104	5	42cec926ae99b5b2c0da4cf14907627c80ca32cc217e17c9c968a87a3f8695f2	ok
1	C-gcc-tc-pre1	syscall	5.994	358.28	2415919104	5	42cec926ae99b5b2c0da4cf14907627c80ca32cc217e17c9c968a87a3f8695f2	ok
1	F-gcc-tc-pre1	syscall	5.859	366.55	2415919104	5	42cec926ae99b5b2c0da4cf14907627c80ca32cc217e17c9c968a87a3f8695f2	ok
1	main-clang-stock	fp	2.802	766.33	2415919104	5	906dd97cb18890335374e13f06f11d3462076edd39a916310cd65dd5aafb45b7	ok
1	main-gcc-stock	fp	2.451	876.05	2415919104	5	906dd97cb18890335374e13f06f11d3462076edd39a916310cd65dd5aafb45b7	ok
1	C-clang-tc	fp	2.445	878.29	2415919104	5	906dd97cb18890335374e13f06f11d3462076edd39a916310cd65dd5aafb45b7	ok
1	C-clang-tc-pre1	fp	2.521	851.93	2415919104	5	906dd97cb18890335374e13f06f11d3462076edd39a916310cd65dd5aafb45b7	ok
1	F-clang-tc-pre1	fp	2.375	904.12	2415919104	5	906dd97cb18890335374e13f06f11d3462076edd39a916310cd65dd5aafb45b7	ok
1	C-gcc-tc	fp	2.454	875.17	2415919104	5	906dd97cb18890335374e13f06f11d3462076edd39a916310cd65dd5aafb45b7	ok
1	C-gcc-tc-pre1	fp	2.560	838.88	2415919104	5	906dd97cb18890335374e13f06f11d3462076edd39a916310cd65dd5aafb45b7	ok
1	F-gcc-tc-pre1	fp	2.515	853.75	2415919104	5	906dd97cb18890335374e13f06f11d3462076edd39a916310cd65dd5aafb45b7	ok
1	main-clang-stock	nop	1.324	1622.27	2415919104	5	da57556b7bc3bfb3034f0e46a44731597514065f16bb82552863d1f9e3d8922b	ok
1	main-gcc-stock	nop	1.278	1679.98	2415919104	5	da57556b7bc3bfb3034f0e46a44731597514065f16bb82552863d1f9e3d8922b	ok
1	C-clang-tc	nop	1.037	2071.19	2415919104	5	da57556b7bc3bfb3034f0e46a44731597514065f16bb82552863d1f9e3d8922b	ok
1	C-clang-tc-pre1	nop	1.030	2084.82	2415919104	5	da57556b7bc3bfb3034f0e46a44731597514065f16bb82552863d1f9e3d8922b	ok
1	F-clang-tc-pre1	nop	1.030	2084.86	2415919104	5	da57556b7bc3bfb3034f0e46a44731597514065f16bb82552863d1f9e3d8922b	ok
1	C-gcc-tc	nop	1.316	1631.74	2415919104	5	da57556b7bc3bfb3034f0e46a44731597514065f16bb82552863d1f9e3d8922b	ok
1	C-gcc-tc-pre1	nop	1.338	1604.52	2415919104	5	da57556b7bc3bfb3034f0e46a44731597514065f16bb82552863d1f9e3d8922b	ok
1	F-gcc-tc-pre1	nop	1.166	1841.05	2415919104	5	da57556b7bc3bfb3034f0e46a44731597514065f16bb82552863d1f9e3d8922b	ok
1	main-clang-stock	regs	1.821	1179.21	2415919104	5	8046902ef45b574fa0d049b88f703123dc1dc6906940453019f5439d19dea791	ok
1	main-gcc-stock	regs	1.761	1219.39	2415919104	5	8046902ef45b574fa0d049b88f703123dc1dc6906940453019f5439d19dea791	ok
1	C-clang-tc	regs	1.467	1464.15	2415919104	5	8046902ef45b574fa0d049b88f703123dc1dc6906940453019f5439d19dea791	ok
1	C-clang-tc-pre1	regs	1.554	1381.60	2415919104	5	8046902ef45b574fa0d049b88f703123dc1dc6906940453019f5439d19dea791	ok
1	F-clang-tc-pre1	regs	1.527	1406.27	2415919104	5	8046902ef45b574fa0d049b88f703123dc1dc6906940453019f5439d19dea791	ok
1	C-gcc-tc	regs	1.802	1191.57	2415919104	5	8046902ef45b574fa0d049b88f703123dc1dc6906940453019f5439d19dea791	ok
1	C-gcc-tc-pre1	regs	1.787	1201.60	2415919104	5	8046902ef45b574fa0d049b88f703123dc1dc6906940453019f5439d19dea791	ok
1	F-gcc-tc-pre1	regs	1.612	1332.36	2415919104	5	8046902ef45b574fa0d049b88f703123dc1dc6906940453019f5439d19dea791	ok
1	main-clang-stock	cpu	3.755	571.95	2415919104	5	eb324f1c6c0ea8e673c7ec829a4f55d0c80fd4c2ac098b6823a35cde5682c4a5	ok
1	main-gcc-stock	cpu	3.526	609.01	2415919104	5	eb324f1c6c0ea8e673c7ec829a4f55d0c80fd4c2ac098b6823a35cde5682c4a5	ok
1	C-clang-tc	cpu	3.492	615.01	2415919104	5	eb324f1c6c0ea8e673c7ec829a4f55d0c80fd4c2ac098b6823a35cde5682c4a5	ok
1	C-clang-tc-pre1	cpu	3.461	620.45	2415919104	5	eb324f1c6c0ea8e673c7ec829a4f55d0c80fd4c2ac098b6823a35cde5682c4a5	ok
1	F-clang-tc-pre1	cpu	3.315	647.84	2415919104	5	eb324f1c6c0ea8e673c7ec829a4f55d0c80fd4c2ac098b6823a35cde5682c4a5	ok
1	C-gcc-tc	cpu	3.483	616.56	2415919104	5	eb324f1c6c0ea8e673c7ec829a4f55d0c80fd4c2ac098b6823a35cde5682c4a5	ok
1	C-gcc-tc-pre1	cpu	3.511	611.56	2415919104	5	eb324f1c6c0ea8e673c7ec829a4f55d0c80fd4c2ac098b6823a35cde5682c4a5	ok
1	F-gcc-tc-pre1	cpu	3.463	620.07	2415919104	5	eb324f1c6c0ea8e673c7ec829a4f55d0c80fd4c2ac098b6823a35cde5682c4a5	ok
1	main-clang-stock	crypt	3.146	682.52	2415919104	5	075ad5f3bef8aaa9bd8daae921884aff4a4c30187ed0bdb9fd30959f75e2709b	ok
1	main-gcc-stock	crypt	2.945	729.08	2415919104	5	075ad5f3bef8aaa9bd8daae921884aff4a4c30187ed0bdb9fd30959f75e2709b	ok
1	C-clang-tc	crypt	2.792	769.14	2415919104	5	075ad5f3bef8aaa9bd8daae921884aff4a4c30187ed0bdb9fd30959f75e2709b	ok
1	C-clang-tc-pre1	crypt	2.901	740.15	2415919104	5	075ad5f3bef8aaa9bd8daae921884aff4a4c30187ed0bdb9fd30959f75e2709b	ok
1	F-clang-tc-pre1	crypt	2.783	771.58	2415919104	5	075ad5f3bef8aaa9bd8daae921884aff4a4c30187ed0bdb9fd30959f75e2709b	ok
1	C-gcc-tc	crypt	3.252	660.32	2415919104	5	075ad5f3bef8aaa9bd8daae921884aff4a4c30187ed0bdb9fd30959f75e2709b	ok
1	C-gcc-tc-pre1	crypt	3.188	673.65	2415919104	5	075ad5f3bef8aaa9bd8daae921884aff4a4c30187ed0bdb9fd30959f75e2709b	ok
1	F-gcc-tc-pre1	crypt	3.167	678.12	2415919104	5	075ad5f3bef8aaa9bd8daae921884aff4a4c30187ed0bdb9fd30959f75e2709b	ok
1	main-clang-stock	memcpy	2.229	963.26	2415919104	5	958a3598adc13ecab81628febb41a80775a56c2227b74cbf0a455c0d064f6dd2	ok
1	main-gcc-stock	memcpy	2.226	964.79	2415919104	5	958a3598adc13ecab81628febb41a80775a56c2227b74cbf0a455c0d064f6dd2	ok
1	C-clang-tc	memcpy	2.096	1024.40	2415919104	5	958a3598adc13ecab81628febb41a80775a56c2227b74cbf0a455c0d064f6dd2	ok
1	C-clang-tc-pre1	memcpy	2.312	928.93	2415919104	5	958a3598adc13ecab81628febb41a80775a56c2227b74cbf0a455c0d064f6dd2	ok
1	F-clang-tc-pre1	memcpy	2.217	968.76	2415919104	5	958a3598adc13ecab81628febb41a80775a56c2227b74cbf0a455c0d064f6dd2	ok
1	C-gcc-tc	memcpy	2.238	959.45	2415919104	5	958a3598adc13ecab81628febb41a80775a56c2227b74cbf0a455c0d064f6dd2	ok
1	C-gcc-tc-pre1	memcpy	2.509	855.92	2415919104	5	958a3598adc13ecab81628febb41a80775a56c2227b74cbf0a455c0d064f6dd2	ok
1	F-gcc-tc-pre1	memcpy	2.422	886.50	2415919104	5	958a3598adc13ecab81628febb41a80775a56c2227b74cbf0a455c0d064f6dd2	ok
1	main-clang-stock	branch	2.559	839.32	2415919104	5	3bb926ddc35a9ca8bdc7f6dfe2c84757cc27a07ceb7ed7637ddd3e5969b40e8c	ok
1	main-gcc-stock	branch	2.269	946.59	2415919104	5	3bb926ddc35a9ca8bdc7f6dfe2c84757cc27a07ceb7ed7637ddd3e5969b40e8c	ok
1	C-clang-tc	branch	2.111	1017.32	2415919104	5	3bb926ddc35a9ca8bdc7f6dfe2c84757cc27a07ceb7ed7637ddd3e5969b40e8c	ok
1	C-clang-tc-pre1	branch	2.181	984.54	2415919104	5	3bb926ddc35a9ca8bdc7f6dfe2c84757cc27a07ceb7ed7637ddd3e5969b40e8c	ok
1	F-clang-tc-pre1	branch	2.085	1029.87	2415919104	5	3bb926ddc35a9ca8bdc7f6dfe2c84757cc27a07ceb7ed7637ddd3e5969b40e8c	ok
1	C-gcc-tc	branch	2.331	921.35	2415919104	5	3bb926ddc35a9ca8bdc7f6dfe2c84757cc27a07ceb7ed7637ddd3e5969b40e8c	ok
1	C-gcc-tc-pre1	branch	2.292	937.15	2415919104	5	3bb926ddc35a9ca8bdc7f6dfe2c84757cc27a07ceb7ed7637ddd3e5969b40e8c	ok
1	F-gcc-tc-pre1	branch	2.220	967.16	2415919104	5	3bb926ddc35a9ca8bdc7f6dfe2c84757cc27a07ceb7ed7637ddd3e5969b40e8c	ok
1	main-clang-stock	heapsort	2.729	786.87	2415919104	5	a01ab4e7ef8c8decb06055977002f5b5da8aeb3fa95049718b71a92d1d517adf	ok
1	main-gcc-stock	heapsort	2.473	868.24	2415919104	5	a01ab4e7ef8c8decb06055977002f5b5da8aeb3fa95049718b71a92d1d517adf	ok
1	C-clang-tc	heapsort	2.431	883.47	2415919104	5	a01ab4e7ef8c8decb06055977002f5b5da8aeb3fa95049718b71a92d1d517adf	ok
1	C-clang-tc-pre1	heapsort	2.514	854.34	2415919104	5	a01ab4e7ef8c8decb06055977002f5b5da8aeb3fa95049718b71a92d1d517adf	ok
1	F-clang-tc-pre1	heapsort	2.435	881.76	2415919104	5	a01ab4e7ef8c8decb06055977002f5b5da8aeb3fa95049718b71a92d1d517adf	ok
1	C-gcc-tc	heapsort	2.498	859.84	2415919104	5	a01ab4e7ef8c8decb06055977002f5b5da8aeb3fa95049718b71a92d1d517adf	ok
1	C-gcc-tc-pre1	heapsort	2.639	813.72	2415919104	5	a01ab4e7ef8c8decb06055977002f5b5da8aeb3fa95049718b71a92d1d517adf	ok
1	F-gcc-tc-pre1	heapsort	2.603	824.85	2415919104	5	a01ab4e7ef8c8decb06055977002f5b5da8aeb3fa95049718b71a92d1d517adf	ok
1	main-clang-stock	tsearch	4.000	536.82	2415919104	5	35451ee71307997f2b1b494651a5fbd4257517350c84a0a993817a6e38fc713b	ok
1	main-gcc-stock	tsearch	3.939	545.24	2415919104	5	35451ee71307997f2b1b494651a5fbd4257517350c84a0a993817a6e38fc713b	ok
1	C-clang-tc	tsearch	3.828	561.01	2415919104	5	35451ee71307997f2b1b494651a5fbd4257517350c84a0a993817a6e38fc713b	ok
1	C-clang-tc-pre1	tsearch	3.901	550.54	2415919104	5	35451ee71307997f2b1b494651a5fbd4257517350c84a0a993817a6e38fc713b	ok
1	F-clang-tc-pre1	tsearch	3.852	557.51	2415919104	5	35451ee71307997f2b1b494651a5fbd4257517350c84a0a993817a6e38fc713b	ok
1	C-gcc-tc	tsearch	4.006	536.10	2415919104	5	35451ee71307997f2b1b494651a5fbd4257517350c84a0a993817a6e38fc713b	ok
1	C-gcc-tc-pre1	tsearch	4.175	514.43	2415919104	5	35451ee71307997f2b1b494651a5fbd4257517350c84a0a993817a6e38fc713b	ok
1	F-gcc-tc-pre1	tsearch	4.131	519.83	2415919104	5	35451ee71307997f2b1b494651a5fbd4257517350c84a0a993817a6e38fc713b	ok
1	main-clang-stock	matrix-3d	9.678	221.88	2415919104	5	e0bb44ec0b8c878093bff8307da03316a00c102a16babcbc42ceb8ca6e4cf0fe	ok
1	main-gcc-stock	matrix-3d	9.256	232.00	2415919104	5	e0bb44ec0b8c878093bff8307da03316a00c102a16babcbc42ceb8ca6e4cf0fe	ok
1	C-clang-tc	matrix-3d	9.580	224.17	2415919104	5	e0bb44ec0b8c878093bff8307da03316a00c102a16babcbc42ceb8ca6e4cf0fe	ok
1	C-clang-tc-pre1	matrix-3d	9.710	221.17	2415919104	5	e0bb44ec0b8c878093bff8307da03316a00c102a16babcbc42ceb8ca6e4cf0fe	ok
1	F-clang-tc-pre1	matrix-3d	9.695	221.50	2415919104	5	e0bb44ec0b8c878093bff8307da03316a00c102a16babcbc42ceb8ca6e4cf0fe	ok
1	C-gcc-tc	matrix-3d	9.395	228.58	2415919104	5	e0bb44ec0b8c878093bff8307da03316a00c102a16babcbc42ceb8ca6e4cf0fe	ok
1	C-gcc-tc-pre1	matrix-3d	9.737	220.55	2415919104	5	e0bb44ec0b8c878093bff8307da03316a00c102a16babcbc42ceb8ca6e4cf0fe	ok
1	F-gcc-tc-pre1	matrix-3d	9.537	225.18	2415919104	5	e0bb44ec0b8c878093bff8307da03316a00c102a16babcbc42ceb8ca6e4cf0fe	ok
1	main-clang-stock	tree	4.287	500.90	2415919104	5	aaacf4808d9da670176f52ce3fa35924ce51d90d4fb24440308902b6302f92d4	ok
1	main-gcc-stock	tree	4.252	505.10	2415919104	5	aaacf4808d9da670176f52ce3fa35924ce51d90d4fb24440308902b6302f92d4	ok
1	C-clang-tc	tree	4.233	507.31	2415919104	5	aaacf4808d9da670176f52ce3fa35924ce51d90d4fb24440308902b6302f92d4	ok
1	C-clang-tc-pre1	tree	4.260	504.14	2415919104	5	aaacf4808d9da670176f52ce3fa35924ce51d90d4fb24440308902b6302f92d4	ok
1	F-clang-tc-pre1	tree	4.163	515.83	2415919104	5	aaacf4808d9da670176f52ce3fa35924ce51d90d4fb24440308902b6302f92d4	ok
1	C-gcc-tc	tree	4.377	490.60	2415919104	5	aaacf4808d9da670176f52ce3fa35924ce51d90d4fb24440308902b6302f92d4	ok
1	C-gcc-tc-pre1	tree	4.450	482.56	2415919104	5	aaacf4808d9da670176f52ce3fa35924ce51d90d4fb24440308902b6302f92d4	ok
1	F-gcc-tc-pre1	tree	4.363	492.24	2415919104	5	aaacf4808d9da670176f52ce3fa35924ce51d90d4fb24440308902b6302f92d4	ok
1	main-clang-stock	malloc	7.283	294.88	2415919104	5	bc106f77f0341f5e4be9c92901b33c15b5007cb13195b0f0c68d678b1ed2a2cf	ok
1	main-gcc-stock	malloc	7.239	296.67	2415919104	5	bc106f77f0341f5e4be9c92901b33c15b5007cb13195b0f0c68d678b1ed2a2cf	ok
1	C-clang-tc	malloc	7.295	294.38	2415919104	5	bc106f77f0341f5e4be9c92901b33c15b5007cb13195b0f0c68d678b1ed2a2cf	ok
1	C-clang-tc-pre1	malloc	7.275	295.17	2415919104	5	bc106f77f0341f5e4be9c92901b33c15b5007cb13195b0f0c68d678b1ed2a2cf	ok
1	F-clang-tc-pre1	malloc	7.117	301.75	2415919104	5	bc106f77f0341f5e4be9c92901b33c15b5007cb13195b0f0c68d678b1ed2a2cf	ok
1	C-gcc-tc	malloc	7.517	285.68	2415919104	5	bc106f77f0341f5e4be9c92901b33c15b5007cb13195b0f0c68d678b1ed2a2cf	ok
1	C-gcc-tc-pre1	malloc	7.515	285.77	2415919104	5	bc106f77f0341f5e4be9c92901b33c15b5007cb13195b0f0c68d678b1ed2a2cf	ok
1	F-gcc-tc-pre1	malloc	7.429	289.05	2415919104	5	bc106f77f0341f5e4be9c92901b33c15b5007cb13195b0f0c68d678b1ed2a2cf	ok
1	main-clang-stock	randlist	4.175	514.40	2415919104	5	ff2547c8dfc9c90e5eb6f65e14b3feda61f3dd85b0d465e351788800a850fd4a	ok
1	main-gcc-stock	randlist	3.732	575.46	2415919104	5	ff2547c8dfc9c90e5eb6f65e14b3feda61f3dd85b0d465e351788800a850fd4a	ok
1	C-clang-tc	randlist	3.903	550.16	2415919104	5	ff2547c8dfc9c90e5eb6f65e14b3feda61f3dd85b0d465e351788800a850fd4a	ok
1	C-clang-tc-pre1	randlist	3.846	558.35	2415919104	5	ff2547c8dfc9c90e5eb6f65e14b3feda61f3dd85b0d465e351788800a850fd4a	ok
1	F-clang-tc-pre1	randlist	3.734	575.10	2415919104	5	ff2547c8dfc9c90e5eb6f65e14b3feda61f3dd85b0d465e351788800a850fd4a	ok
1	C-gcc-tc	randlist	3.795	565.85	2415919104	5	ff2547c8dfc9c90e5eb6f65e14b3feda61f3dd85b0d465e351788800a850fd4a	ok
1	C-gcc-tc-pre1	randlist	3.873	554.43	2415919104	5	ff2547c8dfc9c90e5eb6f65e14b3feda61f3dd85b0d465e351788800a850fd4a	ok
1	F-gcc-tc-pre1	randlist	3.857	556.81	2415919104	5	ff2547c8dfc9c90e5eb6f65e14b3feda61f3dd85b0d465e351788800a850fd4a	ok
2	main-clang-stock	qsort	2.715	791.02	2415919104	5	daad9b63b2013449fba5d90591787dff8817c65d0d9bc57a0d814d2ef4c712ab	ok
2	main-gcc-stock	qsort	2.684	800.20	2415919104	5	daad9b63b2013449fba5d90591787dff8817c65d0d9bc57a0d814d2ef4c712ab	ok
2	C-clang-tc	qsort	2.574	834.20	2415919104	5	daad9b63b2013449fba5d90591787dff8817c65d0d9bc57a0d814d2ef4c712ab	ok
2	C-clang-tc-pre1	qsort	2.649	810.58	2415919104	5	daad9b63b2013449fba5d90591787dff8817c65d0d9bc57a0d814d2ef4c712ab	ok
2	F-clang-tc-pre1	qsort	2.583	831.33	2415919104	5	daad9b63b2013449fba5d90591787dff8817c65d0d9bc57a0d814d2ef4c712ab	ok
2	C-gcc-tc	qsort	2.685	799.70	2415919104	5	daad9b63b2013449fba5d90591787dff8817c65d0d9bc57a0d814d2ef4c712ab	ok
2	C-gcc-tc-pre1	qsort	2.829	758.99	2415919104	5	daad9b63b2013449fba5d90591787dff8817c65d0d9bc57a0d814d2ef4c712ab	ok
2	F-gcc-tc-pre1	qsort	2.748	781.43	2415919104	5	daad9b63b2013449fba5d90591787dff8817c65d0d9bc57a0d814d2ef4c712ab	ok
2	main-clang-stock	zlib	2.787	770.52	2415919104	5	be1e876889828625d023972c3bfc8e07f4fece5144eca0fec4b8468571920b5a	ok
2	main-gcc-stock	zlib	2.687	799.36	2415919104	5	be1e876889828625d023972c3bfc8e07f4fece5144eca0fec4b8468571920b5a	ok
2	C-clang-tc	zlib	2.638	814.12	2415919104	5	be1e876889828625d023972c3bfc8e07f4fece5144eca0fec4b8468571920b5a	ok
2	C-clang-tc-pre1	zlib	2.776	773.62	2415919104	5	be1e876889828625d023972c3bfc8e07f4fece5144eca0fec4b8468571920b5a	ok
2	F-clang-tc-pre1	zlib	2.658	808.03	2415919104	5	be1e876889828625d023972c3bfc8e07f4fece5144eca0fec4b8468571920b5a	ok
2	C-gcc-tc	zlib	2.650	810.50	2415919104	5	be1e876889828625d023972c3bfc8e07f4fece5144eca0fec4b8468571920b5a	ok
2	C-gcc-tc-pre1	zlib	2.773	774.41	2415919104	5	be1e876889828625d023972c3bfc8e07f4fece5144eca0fec4b8468571920b5a	ok
2	F-gcc-tc-pre1	zlib	2.676	802.56	2415919104	5	be1e876889828625d023972c3bfc8e07f4fece5144eca0fec4b8468571920b5a	ok
2	main-clang-stock	hash	2.677	802.23	2415919104	5	7faadb95a5025daebfcb19715b698c3263c38de7907e186ca1daab75930291a9	ok
2	main-gcc-stock	hash	2.345	915.88	2415919104	5	7faadb95a5025daebfcb19715b698c3263c38de7907e186ca1daab75930291a9	ok
2	C-clang-tc	hash	2.318	926.59	2415919104	5	7faadb95a5025daebfcb19715b698c3263c38de7907e186ca1daab75930291a9	ok
2	C-clang-tc-pre1	hash	2.449	877.03	2415919104	5	7faadb95a5025daebfcb19715b698c3263c38de7907e186ca1daab75930291a9	ok
2	F-clang-tc-pre1	hash	2.335	919.87	2415919104	5	7faadb95a5025daebfcb19715b698c3263c38de7907e186ca1daab75930291a9	ok
2	C-gcc-tc	hash	2.352	912.85	2415919104	5	7faadb95a5025daebfcb19715b698c3263c38de7907e186ca1daab75930291a9	ok
2	C-gcc-tc-pre1	hash	2.519	852.49	2415919104	5	7faadb95a5025daebfcb19715b698c3263c38de7907e186ca1daab75930291a9	ok
2	F-gcc-tc-pre1	hash	2.458	873.56	2415919104	5	7faadb95a5025daebfcb19715b698c3263c38de7907e186ca1daab75930291a9	ok
2	main-clang-stock	syscall	6.093	352.43	2415919104	5	42cec926ae99b5b2c0da4cf14907627c80ca32cc217e17c9c968a87a3f8695f2	ok
2	main-gcc-stock	syscall	6.165	348.33	2415919104	5	42cec926ae99b5b2c0da4cf14907627c80ca32cc217e17c9c968a87a3f8695f2	ok
2	C-clang-tc	syscall	5.918	362.88	2415919104	5	42cec926ae99b5b2c0da4cf14907627c80ca32cc217e17c9c968a87a3f8695f2	ok
2	C-clang-tc-pre1	syscall	5.781	371.50	2415919104	5	42cec926ae99b5b2c0da4cf14907627c80ca32cc217e17c9c968a87a3f8695f2	ok
2	F-clang-tc-pre1	syscall	5.679	378.17	2415919104	5	42cec926ae99b5b2c0da4cf14907627c80ca32cc217e17c9c968a87a3f8695f2	ok
2	C-gcc-tc	syscall	5.972	359.57	2415919104	5	42cec926ae99b5b2c0da4cf14907627c80ca32cc217e17c9c968a87a3f8695f2	ok
2	C-gcc-tc-pre1	syscall	5.985	358.81	2415919104	5	42cec926ae99b5b2c0da4cf14907627c80ca32cc217e17c9c968a87a3f8695f2	ok
2	F-gcc-tc-pre1	syscall	5.896	364.21	2415919104	5	42cec926ae99b5b2c0da4cf14907627c80ca32cc217e17c9c968a87a3f8695f2	ok
2	main-clang-stock	fp	2.800	766.94	2415919104	5	906dd97cb18890335374e13f06f11d3462076edd39a916310cd65dd5aafb45b7	ok
2	main-gcc-stock	fp	2.430	883.60	2415919104	5	906dd97cb18890335374e13f06f11d3462076edd39a916310cd65dd5aafb45b7	ok
2	C-clang-tc	fp	2.433	882.77	2415919104	5	906dd97cb18890335374e13f06f11d3462076edd39a916310cd65dd5aafb45b7	ok
2	C-clang-tc-pre1	fp	2.516	853.63	2415919104	5	906dd97cb18890335374e13f06f11d3462076edd39a916310cd65dd5aafb45b7	ok
2	F-clang-tc-pre1	fp	2.379	902.52	2415919104	5	906dd97cb18890335374e13f06f11d3462076edd39a916310cd65dd5aafb45b7	ok
2	C-gcc-tc	fp	2.448	877.25	2415919104	5	906dd97cb18890335374e13f06f11d3462076edd39a916310cd65dd5aafb45b7	ok
2	C-gcc-tc-pre1	fp	2.548	842.97	2415919104	5	906dd97cb18890335374e13f06f11d3462076edd39a916310cd65dd5aafb45b7	ok
2	F-gcc-tc-pre1	fp	2.524	850.99	2415919104	5	906dd97cb18890335374e13f06f11d3462076edd39a916310cd65dd5aafb45b7	ok
2	main-clang-stock	nop	1.324	1621.55	2415919104	5	da57556b7bc3bfb3034f0e46a44731597514065f16bb82552863d1f9e3d8922b	ok
2	main-gcc-stock	nop	1.278	1679.93	2415919104	5	da57556b7bc3bfb3034f0e46a44731597514065f16bb82552863d1f9e3d8922b	ok
2	C-clang-tc	nop	1.037	2071.13	2415919104	5	da57556b7bc3bfb3034f0e46a44731597514065f16bb82552863d1f9e3d8922b	ok
2	C-clang-tc-pre1	nop	1.030	2084.81	2415919104	5	da57556b7bc3bfb3034f0e46a44731597514065f16bb82552863d1f9e3d8922b	ok
2	F-clang-tc-pre1	nop	1.030	2085.91	2415919104	5	da57556b7bc3bfb3034f0e46a44731597514065f16bb82552863d1f9e3d8922b	ok
2	C-gcc-tc	nop	1.316	1631.45	2415919104	5	da57556b7bc3bfb3034f0e46a44731597514065f16bb82552863d1f9e3d8922b	ok
2	C-gcc-tc-pre1	nop	1.339	1604.14	2415919104	5	da57556b7bc3bfb3034f0e46a44731597514065f16bb82552863d1f9e3d8922b	ok
2	F-gcc-tc-pre1	nop	1.166	1841.30	2415919104	5	da57556b7bc3bfb3034f0e46a44731597514065f16bb82552863d1f9e3d8922b	ok
2	main-clang-stock	regs	1.822	1178.88	2415919104	5	8046902ef45b574fa0d049b88f703123dc1dc6906940453019f5439d19dea791	ok
2	main-gcc-stock	regs	1.761	1219.17	2415919104	5	8046902ef45b574fa0d049b88f703123dc1dc6906940453019f5439d19dea791	ok
2	C-clang-tc	regs	1.461	1469.55	2415919104	5	8046902ef45b574fa0d049b88f703123dc1dc6906940453019f5439d19dea791	ok
2	C-clang-tc-pre1	regs	1.557	1379.15	2415919104	5	8046902ef45b574fa0d049b88f703123dc1dc6906940453019f5439d19dea791	ok
2	F-clang-tc-pre1	regs	1.541	1393.72	2415919104	5	8046902ef45b574fa0d049b88f703123dc1dc6906940453019f5439d19dea791	ok
2	C-gcc-tc	regs	1.809	1187.19	2415919104	5	8046902ef45b574fa0d049b88f703123dc1dc6906940453019f5439d19dea791	ok
2	C-gcc-tc-pre1	regs	1.787	1201.93	2415919104	5	8046902ef45b574fa0d049b88f703123dc1dc6906940453019f5439d19dea791	ok
2	F-gcc-tc-pre1	regs	1.612	1332.23	2415919104	5	8046902ef45b574fa0d049b88f703123dc1dc6906940453019f5439d19dea791	ok
2	main-clang-stock	cpu	3.761	570.93	2415919104	5	eb324f1c6c0ea8e673c7ec829a4f55d0c80fd4c2ac098b6823a35cde5682c4a5	ok
2	main-gcc-stock	cpu	3.528	608.65	2415919104	5	eb324f1c6c0ea8e673c7ec829a4f55d0c80fd4c2ac098b6823a35cde5682c4a5	ok
2	C-clang-tc	cpu	3.493	614.82	2415919104	5	eb324f1c6c0ea8e673c7ec829a4f55d0c80fd4c2ac098b6823a35cde5682c4a5	ok
2	C-clang-tc-pre1	cpu	3.463	620.17	2415919104	5	eb324f1c6c0ea8e673c7ec829a4f55d0c80fd4c2ac098b6823a35cde5682c4a5	ok
2	F-clang-tc-pre1	cpu	3.310	648.76	2415919104	5	eb324f1c6c0ea8e673c7ec829a4f55d0c80fd4c2ac098b6823a35cde5682c4a5	ok
2	C-gcc-tc	cpu	3.484	616.38	2415919104	5	eb324f1c6c0ea8e673c7ec829a4f55d0c80fd4c2ac098b6823a35cde5682c4a5	ok
2	C-gcc-tc-pre1	cpu	3.512	611.52	2415919104	5	eb324f1c6c0ea8e673c7ec829a4f55d0c80fd4c2ac098b6823a35cde5682c4a5	ok
2	F-gcc-tc-pre1	cpu	3.478	617.38	2415919104	5	eb324f1c6c0ea8e673c7ec829a4f55d0c80fd4c2ac098b6823a35cde5682c4a5	ok
2	main-clang-stock	crypt	3.133	685.33	2415919104	5	075ad5f3bef8aaa9bd8daae921884aff4a4c30187ed0bdb9fd30959f75e2709b	ok
2	main-gcc-stock	crypt	2.928	733.37	2415919104	5	075ad5f3bef8aaa9bd8daae921884aff4a4c30187ed0bdb9fd30959f75e2709b	ok
2	C-clang-tc	crypt	2.802	766.43	2415919104	5	075ad5f3bef8aaa9bd8daae921884aff4a4c30187ed0bdb9fd30959f75e2709b	ok
2	C-clang-tc-pre1	crypt	2.900	740.57	2415919104	5	075ad5f3bef8aaa9bd8daae921884aff4a4c30187ed0bdb9fd30959f75e2709b	ok
2	F-clang-tc-pre1	crypt	2.775	773.86	2415919104	5	075ad5f3bef8aaa9bd8daae921884aff4a4c30187ed0bdb9fd30959f75e2709b	ok
2	C-gcc-tc	crypt	3.196	671.92	2415919104	5	075ad5f3bef8aaa9bd8daae921884aff4a4c30187ed0bdb9fd30959f75e2709b	ok
2	C-gcc-tc-pre1	crypt	3.209	669.19	2415919104	5	075ad5f3bef8aaa9bd8daae921884aff4a4c30187ed0bdb9fd30959f75e2709b	ok
2	F-gcc-tc-pre1	crypt	3.155	680.56	2415919104	5	075ad5f3bef8aaa9bd8daae921884aff4a4c30187ed0bdb9fd30959f75e2709b	ok
2	main-clang-stock	memcpy	2.230	962.94	2415919104	5	958a3598adc13ecab81628febb41a80775a56c2227b74cbf0a455c0d064f6dd2	ok
2	main-gcc-stock	memcpy	2.228	963.78	2415919104	5	958a3598adc13ecab81628febb41a80775a56c2227b74cbf0a455c0d064f6dd2	ok
2	C-clang-tc	memcpy	2.098	1023.50	2415919104	5	958a3598adc13ecab81628febb41a80775a56c2227b74cbf0a455c0d064f6dd2	ok
2	C-clang-tc-pre1	memcpy	2.312	928.93	2415919104	5	958a3598adc13ecab81628febb41a80775a56c2227b74cbf0a455c0d064f6dd2	ok
2	F-clang-tc-pre1	memcpy	2.216	969.09	2415919104	5	958a3598adc13ecab81628febb41a80775a56c2227b74cbf0a455c0d064f6dd2	ok
2	C-gcc-tc	memcpy	2.240	958.87	2415919104	5	958a3598adc13ecab81628febb41a80775a56c2227b74cbf0a455c0d064f6dd2	ok
2	C-gcc-tc-pre1	memcpy	2.514	854.19	2415919104	5	958a3598adc13ecab81628febb41a80775a56c2227b74cbf0a455c0d064f6dd2	ok
2	F-gcc-tc-pre1	memcpy	2.420	887.21	2415919104	5	958a3598adc13ecab81628febb41a80775a56c2227b74cbf0a455c0d064f6dd2	ok
2	main-clang-stock	branch	2.565	837.14	2415919104	5	3bb926ddc35a9ca8bdc7f6dfe2c84757cc27a07ceb7ed7637ddd3e5969b40e8c	ok
2	main-gcc-stock	branch	2.259	950.49	2415919104	5	3bb926ddc35a9ca8bdc7f6dfe2c84757cc27a07ceb7ed7637ddd3e5969b40e8c	ok
2	C-clang-tc	branch	2.147	1000.27	2415919104	5	3bb926ddc35a9ca8bdc7f6dfe2c84757cc27a07ceb7ed7637ddd3e5969b40e8c	ok
2	C-clang-tc-pre1	branch	2.197	977.44	2415919104	5	3bb926ddc35a9ca8bdc7f6dfe2c84757cc27a07ceb7ed7637ddd3e5969b40e8c	ok
2	F-clang-tc-pre1	branch	2.101	1022.14	2415919104	5	3bb926ddc35a9ca8bdc7f6dfe2c84757cc27a07ceb7ed7637ddd3e5969b40e8c	ok
2	C-gcc-tc	branch	2.325	923.80	2415919104	5	3bb926ddc35a9ca8bdc7f6dfe2c84757cc27a07ceb7ed7637ddd3e5969b40e8c	ok
2	C-gcc-tc-pre1	branch	2.292	936.78	2415919104	5	3bb926ddc35a9ca8bdc7f6dfe2c84757cc27a07ceb7ed7637ddd3e5969b40e8c	ok
2	F-gcc-tc-pre1	branch	2.214	970.06	2415919104	5	3bb926ddc35a9ca8bdc7f6dfe2c84757cc27a07ceb7ed7637ddd3e5969b40e8c	ok
2	main-clang-stock	heapsort	2.557	839.90	2415919104	5	a01ab4e7ef8c8decb06055977002f5b5da8aeb3fa95049718b71a92d1d517adf	ok
2	main-gcc-stock	heapsort	2.470	869.57	2415919104	5	a01ab4e7ef8c8decb06055977002f5b5da8aeb3fa95049718b71a92d1d517adf	ok
2	C-clang-tc	heapsort	2.504	857.79	2415919104	5	a01ab4e7ef8c8decb06055977002f5b5da8aeb3fa95049718b71a92d1d517adf	ok
2	C-clang-tc-pre1	heapsort	2.519	852.50	2415919104	5	a01ab4e7ef8c8decb06055977002f5b5da8aeb3fa95049718b71a92d1d517adf	ok
2	F-clang-tc-pre1	heapsort	2.436	881.61	2415919104	5	a01ab4e7ef8c8decb06055977002f5b5da8aeb3fa95049718b71a92d1d517adf	ok
2	C-gcc-tc	heapsort	2.501	858.57	2415919104	5	a01ab4e7ef8c8decb06055977002f5b5da8aeb3fa95049718b71a92d1d517adf	ok
2	C-gcc-tc-pre1	heapsort	2.639	813.82	2415919104	5	a01ab4e7ef8c8decb06055977002f5b5da8aeb3fa95049718b71a92d1d517adf	ok
2	F-gcc-tc-pre1	heapsort	2.644	812.36	2415919104	5	a01ab4e7ef8c8decb06055977002f5b5da8aeb3fa95049718b71a92d1d517adf	ok
2	main-clang-stock	tsearch	4.016	534.70	2415919104	5	35451ee71307997f2b1b494651a5fbd4257517350c84a0a993817a6e38fc713b	ok
2	main-gcc-stock	tsearch	3.932	546.13	2415919104	5	35451ee71307997f2b1b494651a5fbd4257517350c84a0a993817a6e38fc713b	ok
2	C-clang-tc	tsearch	3.837	559.72	2415919104	5	35451ee71307997f2b1b494651a5fbd4257517350c84a0a993817a6e38fc713b	ok
2	C-clang-tc-pre1	tsearch	3.882	553.14	2415919104	5	35451ee71307997f2b1b494651a5fbd4257517350c84a0a993817a6e38fc713b	ok
2	F-clang-tc-pre1	tsearch	3.800	565.14	2415919104	5	35451ee71307997f2b1b494651a5fbd4257517350c84a0a993817a6e38fc713b	ok
2	C-gcc-tc	tsearch	4.022	533.89	2415919104	5	35451ee71307997f2b1b494651a5fbd4257517350c84a0a993817a6e38fc713b	ok
2	C-gcc-tc-pre1	tsearch	4.202	511.07	2415919104	5	35451ee71307997f2b1b494651a5fbd4257517350c84a0a993817a6e38fc713b	ok
2	F-gcc-tc-pre1	tsearch	4.086	525.62	2415919104	5	35451ee71307997f2b1b494651a5fbd4257517350c84a0a993817a6e38fc713b	ok
2	main-clang-stock	matrix-3d	9.726	220.79	2415919104	5	e0bb44ec0b8c878093bff8307da03316a00c102a16babcbc42ceb8ca6e4cf0fe	ok
2	main-gcc-stock	matrix-3d	9.281	231.39	2415919104	5	e0bb44ec0b8c878093bff8307da03316a00c102a16babcbc42ceb8ca6e4cf0fe	ok
2	C-clang-tc	matrix-3d	9.602	223.65	2415919104	5	e0bb44ec0b8c878093bff8307da03316a00c102a16babcbc42ceb8ca6e4cf0fe	ok
2	C-clang-tc-pre1	matrix-3d	9.798	219.17	2415919104	5	e0bb44ec0b8c878093bff8307da03316a00c102a16babcbc42ceb8ca6e4cf0fe	ok
2	F-clang-tc-pre1	matrix-3d	9.689	221.64	2415919104	5	e0bb44ec0b8c878093bff8307da03316a00c102a16babcbc42ceb8ca6e4cf0fe	ok
2	C-gcc-tc	matrix-3d	9.385	228.82	2415919104	5	e0bb44ec0b8c878093bff8307da03316a00c102a16babcbc42ceb8ca6e4cf0fe	ok
2	C-gcc-tc-pre1	matrix-3d	9.696	221.48	2415919104	5	e0bb44ec0b8c878093bff8307da03316a00c102a16babcbc42ceb8ca6e4cf0fe	ok
2	F-gcc-tc-pre1	matrix-3d	9.561	224.60	2415919104	5	e0bb44ec0b8c878093bff8307da03316a00c102a16babcbc42ceb8ca6e4cf0fe	ok
2	main-clang-stock	tree	4.297	499.74	2415919104	5	aaacf4808d9da670176f52ce3fa35924ce51d90d4fb24440308902b6302f92d4	ok
2	main-gcc-stock	tree	4.286	501.04	2415919104	5	aaacf4808d9da670176f52ce3fa35924ce51d90d4fb24440308902b6302f92d4	ok
2	C-clang-tc	tree	4.227	508.02	2415919104	5	aaacf4808d9da670176f52ce3fa35924ce51d90d4fb24440308902b6302f92d4	ok
2	C-clang-tc-pre1	tree	4.263	503.70	2415919104	5	aaacf4808d9da670176f52ce3fa35924ce51d90d4fb24440308902b6302f92d4	ok
2	F-clang-tc-pre1	tree	4.164	515.69	2415919104	5	aaacf4808d9da670176f52ce3fa35924ce51d90d4fb24440308902b6302f92d4	ok
2	C-gcc-tc	tree	4.376	490.78	2415919104	5	aaacf4808d9da670176f52ce3fa35924ce51d90d4fb24440308902b6302f92d4	ok
2	C-gcc-tc-pre1	tree	4.447	482.90	2415919104	5	aaacf4808d9da670176f52ce3fa35924ce51d90d4fb24440308902b6302f92d4	ok
2	F-gcc-tc-pre1	tree	4.366	491.89	2415919104	5	aaacf4808d9da670176f52ce3fa35924ce51d90d4fb24440308902b6302f92d4	ok
2	main-clang-stock	malloc	7.201	298.23	2415919104	5	bc106f77f0341f5e4be9c92901b33c15b5007cb13195b0f0c68d678b1ed2a2cf	ok
2	main-gcc-stock	malloc	7.216	297.61	2415919104	5	bc106f77f0341f5e4be9c92901b33c15b5007cb13195b0f0c68d678b1ed2a2cf	ok
2	C-clang-tc	malloc	7.366	291.54	2415919104	5	bc106f77f0341f5e4be9c92901b33c15b5007cb13195b0f0c68d678b1ed2a2cf	ok
2	C-clang-tc-pre1	malloc	7.131	301.13	2415919104	5	bc106f77f0341f5e4be9c92901b33c15b5007cb13195b0f0c68d678b1ed2a2cf	ok
2	F-clang-tc-pre1	malloc	7.106	302.21	2415919104	5	bc106f77f0341f5e4be9c92901b33c15b5007cb13195b0f0c68d678b1ed2a2cf	ok
2	C-gcc-tc	malloc	7.489	286.74	2415919104	5	bc106f77f0341f5e4be9c92901b33c15b5007cb13195b0f0c68d678b1ed2a2cf	ok
2	C-gcc-tc-pre1	malloc	7.405	290.02	2415919104	5	bc106f77f0341f5e4be9c92901b33c15b5007cb13195b0f0c68d678b1ed2a2cf	ok
2	F-gcc-tc-pre1	malloc	7.301	294.13	2415919104	5	bc106f77f0341f5e4be9c92901b33c15b5007cb13195b0f0c68d678b1ed2a2cf	ok
2	main-clang-stock	randlist	4.183	513.33	2415919104	5	ff2547c8dfc9c90e5eb6f65e14b3feda61f3dd85b0d465e351788800a850fd4a	ok
2	main-gcc-stock	randlist	3.765	570.40	2415919104	5	ff2547c8dfc9c90e5eb6f65e14b3feda61f3dd85b0d465e351788800a850fd4a	ok
2	C-clang-tc	randlist	3.887	552.52	2415919104	5	ff2547c8dfc9c90e5eb6f65e14b3feda61f3dd85b0d465e351788800a850fd4a	ok
2	C-clang-tc-pre1	randlist	3.834	560.13	2415919104	5	ff2547c8dfc9c90e5eb6f65e14b3feda61f3dd85b0d465e351788800a850fd4a	ok
2	F-clang-tc-pre1	randlist	3.735	574.98	2415919104	5	ff2547c8dfc9c90e5eb6f65e14b3feda61f3dd85b0d465e351788800a850fd4a	ok
2	C-gcc-tc	randlist	3.803	564.63	2415919104	5	ff2547c8dfc9c90e5eb6f65e14b3feda61f3dd85b0d465e351788800a850fd4a	ok
2	C-gcc-tc-pre1	randlist	3.852	557.50	2415919104	5	ff2547c8dfc9c90e5eb6f65e14b3feda61f3dd85b0d465e351788800a850fd4a	ok
2	F-gcc-tc-pre1	randlist	3.834	560.18	2415919104	5	ff2547c8dfc9c90e5eb6f65e14b3feda61f3dd85b0d465e351788800a850fd4a	ok
3	main-clang-stock	qsort	2.712	791.74	2415919104	5	daad9b63b2013449fba5d90591787dff8817c65d0d9bc57a0d814d2ef4c712ab	ok
3	main-gcc-stock	qsort	2.718	790.05	2415919104	5	daad9b63b2013449fba5d90591787dff8817c65d0d9bc57a0d814d2ef4c712ab	ok
3	C-clang-tc	qsort	2.571	835.24	2415919104	5	daad9b63b2013449fba5d90591787dff8817c65d0d9bc57a0d814d2ef4c712ab	ok
3	C-clang-tc-pre1	qsort	2.645	811.98	2415919104	5	daad9b63b2013449fba5d90591787dff8817c65d0d9bc57a0d814d2ef4c712ab	ok
3	F-clang-tc-pre1	qsort	2.578	832.95	2415919104	5	daad9b63b2013449fba5d90591787dff8817c65d0d9bc57a0d814d2ef4c712ab	ok
3	C-gcc-tc	qsort	2.685	799.77	2415919104	5	daad9b63b2013449fba5d90591787dff8817c65d0d9bc57a0d814d2ef4c712ab	ok
3	C-gcc-tc-pre1	qsort	2.844	755.19	2415919104	5	daad9b63b2013449fba5d90591787dff8817c65d0d9bc57a0d814d2ef4c712ab	ok
3	F-gcc-tc-pre1	qsort	2.770	775.20	2415919104	5	daad9b63b2013449fba5d90591787dff8817c65d0d9bc57a0d814d2ef4c712ab	ok
3	main-clang-stock	zlib	2.789	769.86	2415919104	5	be1e876889828625d023972c3bfc8e07f4fece5144eca0fec4b8468571920b5a	ok
3	main-gcc-stock	zlib	2.685	799.73	2415919104	5	be1e876889828625d023972c3bfc8e07f4fece5144eca0fec4b8468571920b5a	ok
3	C-clang-tc	zlib	2.638	813.92	2415919104	5	be1e876889828625d023972c3bfc8e07f4fece5144eca0fec4b8468571920b5a	ok
3	C-clang-tc-pre1	zlib	2.776	773.67	2415919104	5	be1e876889828625d023972c3bfc8e07f4fece5144eca0fec4b8468571920b5a	ok
3	F-clang-tc-pre1	zlib	2.658	807.79	2415919104	5	be1e876889828625d023972c3bfc8e07f4fece5144eca0fec4b8468571920b5a	ok
3	C-gcc-tc	zlib	2.649	810.77	2415919104	5	be1e876889828625d023972c3bfc8e07f4fece5144eca0fec4b8468571920b5a	ok
3	C-gcc-tc-pre1	zlib	2.772	774.57	2415919104	5	be1e876889828625d023972c3bfc8e07f4fece5144eca0fec4b8468571920b5a	ok
3	F-gcc-tc-pre1	zlib	2.693	797.50	2415919104	5	be1e876889828625d023972c3bfc8e07f4fece5144eca0fec4b8468571920b5a	ok
3	main-clang-stock	hash	2.678	801.86	2415919104	5	7faadb95a5025daebfcb19715b698c3263c38de7907e186ca1daab75930291a9	ok
3	main-gcc-stock	hash	2.342	916.94	2415919104	5	7faadb95a5025daebfcb19715b698c3263c38de7907e186ca1daab75930291a9	ok
3	C-clang-tc	hash	2.319	925.96	2415919104	5	7faadb95a5025daebfcb19715b698c3263c38de7907e186ca1daab75930291a9	ok
3	C-clang-tc-pre1	hash	2.445	878.43	2415919104	5	7faadb95a5025daebfcb19715b698c3263c38de7907e186ca1daab75930291a9	ok
3	F-clang-tc-pre1	hash	2.337	919.02	2415919104	5	7faadb95a5025daebfcb19715b698c3263c38de7907e186ca1daab75930291a9	ok
3	C-gcc-tc	hash	2.353	912.69	2415919104	5	7faadb95a5025daebfcb19715b698c3263c38de7907e186ca1daab75930291a9	ok
3	C-gcc-tc-pre1	hash	2.522	851.47	2415919104	5	7faadb95a5025daebfcb19715b698c3263c38de7907e186ca1daab75930291a9	ok
3	F-gcc-tc-pre1	hash	2.460	872.96	2415919104	5	7faadb95a5025daebfcb19715b698c3263c38de7907e186ca1daab75930291a9	ok
3	main-clang-stock	syscall	6.075	353.47	2415919104	5	42cec926ae99b5b2c0da4cf14907627c80ca32cc217e17c9c968a87a3f8695f2	ok
3	main-gcc-stock	syscall	6.087	352.78	2415919104	5	42cec926ae99b5b2c0da4cf14907627c80ca32cc217e17c9c968a87a3f8695f2	ok
3	C-clang-tc	syscall	5.923	362.57	2415919104	5	42cec926ae99b5b2c0da4cf14907627c80ca32cc217e17c9c968a87a3f8695f2	ok
3	C-clang-tc-pre1	syscall	5.789	370.95	2415919104	5	42cec926ae99b5b2c0da4cf14907627c80ca32cc217e17c9c968a87a3f8695f2	ok
3	F-clang-tc-pre1	syscall	5.719	375.48	2415919104	5	42cec926ae99b5b2c0da4cf14907627c80ca32cc217e17c9c968a87a3f8695f2	ok
3	C-gcc-tc	syscall	5.964	360.06	2415919104	5	42cec926ae99b5b2c0da4cf14907627c80ca32cc217e17c9c968a87a3f8695f2	ok
3	C-gcc-tc-pre1	syscall	5.995	358.19	2415919104	5	42cec926ae99b5b2c0da4cf14907627c80ca32cc217e17c9c968a87a3f8695f2	ok
3	F-gcc-tc-pre1	syscall	5.851	367.01	2415919104	5	42cec926ae99b5b2c0da4cf14907627c80ca32cc217e17c9c968a87a3f8695f2	ok
3	main-clang-stock	fp	2.809	764.44	2415919104	5	906dd97cb18890335374e13f06f11d3462076edd39a916310cd65dd5aafb45b7	ok
3	main-gcc-stock	fp	2.452	875.73	2415919104	5	906dd97cb18890335374e13f06f11d3462076edd39a916310cd65dd5aafb45b7	ok
3	C-clang-tc	fp	2.436	881.66	2415919104	5	906dd97cb18890335374e13f06f11d3462076edd39a916310cd65dd5aafb45b7	ok
3	C-clang-tc-pre1	fp	2.515	853.80	2415919104	5	906dd97cb18890335374e13f06f11d3462076edd39a916310cd65dd5aafb45b7	ok
3	F-clang-tc-pre1	fp	2.383	901.23	2415919104	5	906dd97cb18890335374e13f06f11d3462076edd39a916310cd65dd5aafb45b7	ok
3	C-gcc-tc	fp	2.452	875.72	2415919104	5	906dd97cb18890335374e13f06f11d3462076edd39a916310cd65dd5aafb45b7	ok
3	C-gcc-tc-pre1	fp	2.550	842.11	2415919104	5	906dd97cb18890335374e13f06f11d3462076edd39a916310cd65dd5aafb45b7	ok
3	F-gcc-tc-pre1	fp	2.508	856.30	2415919104	5	906dd97cb18890335374e13f06f11d3462076edd39a916310cd65dd5aafb45b7	ok
3	main-clang-stock	nop	1.324	1622.10	2415919104	5	da57556b7bc3bfb3034f0e46a44731597514065f16bb82552863d1f9e3d8922b	ok
3	main-gcc-stock	nop	1.278	1680.19	2415919104	5	da57556b7bc3bfb3034f0e46a44731597514065f16bb82552863d1f9e3d8922b	ok
3	C-clang-tc	nop	1.036	2072.89	2415919104	5	da57556b7bc3bfb3034f0e46a44731597514065f16bb82552863d1f9e3d8922b	ok
3	C-clang-tc-pre1	nop	1.030	2085.57	2415919104	5	da57556b7bc3bfb3034f0e46a44731597514065f16bb82552863d1f9e3d8922b	ok
3	F-clang-tc-pre1	nop	1.030	2084.60	2415919104	5	da57556b7bc3bfb3034f0e46a44731597514065f16bb82552863d1f9e3d8922b	ok
3	C-gcc-tc	nop	1.316	1631.38	2415919104	5	da57556b7bc3bfb3034f0e46a44731597514065f16bb82552863d1f9e3d8922b	ok
3	C-gcc-tc-pre1	nop	1.338	1604.76	2415919104	5	da57556b7bc3bfb3034f0e46a44731597514065f16bb82552863d1f9e3d8922b	ok
3	F-gcc-tc-pre1	nop	1.167	1840.77	2415919104	5	da57556b7bc3bfb3034f0e46a44731597514065f16bb82552863d1f9e3d8922b	ok
3	main-clang-stock	regs	1.822	1178.57	2415919104	5	8046902ef45b574fa0d049b88f703123dc1dc6906940453019f5439d19dea791	ok
3	main-gcc-stock	regs	1.763	1218.38	2415919104	5	8046902ef45b574fa0d049b88f703123dc1dc6906940453019f5439d19dea791	ok
3	C-clang-tc	regs	1.465	1466.03	2415919104	5	8046902ef45b574fa0d049b88f703123dc1dc6906940453019f5439d19dea791	ok
3	C-clang-tc-pre1	regs	1.555	1381.39	2415919104	5	8046902ef45b574fa0d049b88f703123dc1dc6906940453019f5439d19dea791	ok
3	F-clang-tc-pre1	regs	1.525	1408.49	2415919104	5	8046902ef45b574fa0d049b88f703123dc1dc6906940453019f5439d19dea791	ok
3	C-gcc-tc	regs	1.805	1189.70	2415919104	5	8046902ef45b574fa0d049b88f703123dc1dc6906940453019f5439d19dea791	ok
3	C-gcc-tc-pre1	regs	1.788	1201.07	2415919104	5	8046902ef45b574fa0d049b88f703123dc1dc6906940453019f5439d19dea791	ok
3	F-gcc-tc-pre1	regs	1.612	1331.80	2415919104	5	8046902ef45b574fa0d049b88f703123dc1dc6906940453019f5439d19dea791	ok
3	main-clang-stock	cpu	3.751	572.55	2415919104	5	eb324f1c6c0ea8e673c7ec829a4f55d0c80fd4c2ac098b6823a35cde5682c4a5	ok
3	main-gcc-stock	cpu	3.523	609.62	2415919104	5	eb324f1c6c0ea8e673c7ec829a4f55d0c80fd4c2ac098b6823a35cde5682c4a5	ok
3	C-clang-tc	cpu	3.486	616.10	2415919104	5	eb324f1c6c0ea8e673c7ec829a4f55d0c80fd4c2ac098b6823a35cde5682c4a5	ok
3	C-clang-tc-pre1	cpu	3.455	621.49	2415919104	5	eb324f1c6c0ea8e673c7ec829a4f55d0c80fd4c2ac098b6823a35cde5682c4a5	ok
3	F-clang-tc-pre1	cpu	3.311	648.51	2415919104	5	eb324f1c6c0ea8e673c7ec829a4f55d0c80fd4c2ac098b6823a35cde5682c4a5	ok
3	C-gcc-tc	cpu	3.496	614.30	2415919104	5	eb324f1c6c0ea8e673c7ec829a4f55d0c80fd4c2ac098b6823a35cde5682c4a5	ok
3	C-gcc-tc-pre1	cpu	3.529	608.57	2415919104	5	eb324f1c6c0ea8e673c7ec829a4f55d0c80fd4c2ac098b6823a35cde5682c4a5	ok
3	F-gcc-tc-pre1	cpu	3.474	618.23	2415919104	5	eb324f1c6c0ea8e673c7ec829a4f55d0c80fd4c2ac098b6823a35cde5682c4a5	ok
3	main-clang-stock	crypt	3.145	682.83	2415919104	5	075ad5f3bef8aaa9bd8daae921884aff4a4c30187ed0bdb9fd30959f75e2709b	ok
3	main-gcc-stock	crypt	2.920	735.37	2415919104	5	075ad5f3bef8aaa9bd8daae921884aff4a4c30187ed0bdb9fd30959f75e2709b	ok
3	C-clang-tc	crypt	2.810	764.24	2415919104	5	075ad5f3bef8aaa9bd8daae921884aff4a4c30187ed0bdb9fd30959f75e2709b	ok
3	C-clang-tc-pre1	crypt	2.921	735.17	2415919104	5	075ad5f3bef8aaa9bd8daae921884aff4a4c30187ed0bdb9fd30959f75e2709b	ok
3	F-clang-tc-pre1	crypt	2.783	771.65	2415919104	5	075ad5f3bef8aaa9bd8daae921884aff4a4c30187ed0bdb9fd30959f75e2709b	ok
3	C-gcc-tc	crypt	3.190	673.19	2415919104	5	075ad5f3bef8aaa9bd8daae921884aff4a4c30187ed0bdb9fd30959f75e2709b	ok
3	C-gcc-tc-pre1	crypt	3.189	673.48	2415919104	5	075ad5f3bef8aaa9bd8daae921884aff4a4c30187ed0bdb9fd30959f75e2709b	ok
3	F-gcc-tc-pre1	crypt	3.184	674.48	2415919104	5	075ad5f3bef8aaa9bd8daae921884aff4a4c30187ed0bdb9fd30959f75e2709b	ok
3	main-clang-stock	memcpy	2.231	962.77	2415919104	5	958a3598adc13ecab81628febb41a80775a56c2227b74cbf0a455c0d064f6dd2	ok
3	main-gcc-stock	memcpy	2.226	964.76	2415919104	5	958a3598adc13ecab81628febb41a80775a56c2227b74cbf0a455c0d064f6dd2	ok
3	C-clang-tc	memcpy	2.097	1023.92	2415919104	5	958a3598adc13ecab81628febb41a80775a56c2227b74cbf0a455c0d064f6dd2	ok
3	C-clang-tc-pre1	memcpy	2.315	927.81	2415919104	5	958a3598adc13ecab81628febb41a80775a56c2227b74cbf0a455c0d064f6dd2	ok
3	F-clang-tc-pre1	memcpy	2.219	967.87	2415919104	5	958a3598adc13ecab81628febb41a80775a56c2227b74cbf0a455c0d064f6dd2	ok
3	C-gcc-tc	memcpy	2.248	955.30	2415919104	5	958a3598adc13ecab81628febb41a80775a56c2227b74cbf0a455c0d064f6dd2	ok
3	C-gcc-tc-pre1	memcpy	2.510	855.69	2415919104	5	958a3598adc13ecab81628febb41a80775a56c2227b74cbf0a455c0d064f6dd2	ok
3	F-gcc-tc-pre1	memcpy	2.421	886.88	2415919104	5	958a3598adc13ecab81628febb41a80775a56c2227b74cbf0a455c0d064f6dd2	ok
3	main-clang-stock	branch	2.564	837.68	2415919104	5	3bb926ddc35a9ca8bdc7f6dfe2c84757cc27a07ceb7ed7637ddd3e5969b40e8c	ok
3	main-gcc-stock	branch	2.260	950.11	2415919104	5	3bb926ddc35a9ca8bdc7f6dfe2c84757cc27a07ceb7ed7637ddd3e5969b40e8c	ok
3	C-clang-tc	branch	2.125	1010.72	2415919104	5	3bb926ddc35a9ca8bdc7f6dfe2c84757cc27a07ceb7ed7637ddd3e5969b40e8c	ok
3	C-clang-tc-pre1	branch	2.209	972.12	2415919104	5	3bb926ddc35a9ca8bdc7f6dfe2c84757cc27a07ceb7ed7637ddd3e5969b40e8c	ok
3	F-clang-tc-pre1	branch	2.093	1026.22	2415919104	5	3bb926ddc35a9ca8bdc7f6dfe2c84757cc27a07ceb7ed7637ddd3e5969b40e8c	ok
3	C-gcc-tc	branch	2.327	923.00	2415919104	5	3bb926ddc35a9ca8bdc7f6dfe2c84757cc27a07ceb7ed7637ddd3e5969b40e8c	ok
3	C-gcc-tc-pre1	branch	2.293	936.34	2415919104	5	3bb926ddc35a9ca8bdc7f6dfe2c84757cc27a07ceb7ed7637ddd3e5969b40e8c	ok
3	F-gcc-tc-pre1	branch	2.224	965.47	2415919104	5	3bb926ddc35a9ca8bdc7f6dfe2c84757cc27a07ceb7ed7637ddd3e5969b40e8c	ok
3	main-clang-stock	heapsort	2.558	839.45	2415919104	5	a01ab4e7ef8c8decb06055977002f5b5da8aeb3fa95049718b71a92d1d517adf	ok
3	main-gcc-stock	heapsort	2.471	869.01	2415919104	5	a01ab4e7ef8c8decb06055977002f5b5da8aeb3fa95049718b71a92d1d517adf	ok
3	C-clang-tc	heapsort	2.436	881.71	2415919104	5	a01ab4e7ef8c8decb06055977002f5b5da8aeb3fa95049718b71a92d1d517adf	ok
3	C-clang-tc-pre1	heapsort	2.516	853.47	2415919104	5	a01ab4e7ef8c8decb06055977002f5b5da8aeb3fa95049718b71a92d1d517adf	ok
3	F-clang-tc-pre1	heapsort	2.437	881.28	2415919104	5	a01ab4e7ef8c8decb06055977002f5b5da8aeb3fa95049718b71a92d1d517adf	ok
3	C-gcc-tc	heapsort	2.504	857.46	2415919104	5	a01ab4e7ef8c8decb06055977002f5b5da8aeb3fa95049718b71a92d1d517adf	ok
3	C-gcc-tc-pre1	heapsort	2.639	813.85	2415919104	5	a01ab4e7ef8c8decb06055977002f5b5da8aeb3fa95049718b71a92d1d517adf	ok
3	F-gcc-tc-pre1	heapsort	2.601	825.68	2415919104	5	a01ab4e7ef8c8decb06055977002f5b5da8aeb3fa95049718b71a92d1d517adf	ok
3	main-clang-stock	tsearch	4.037	532.00	2415919104	5	35451ee71307997f2b1b494651a5fbd4257517350c84a0a993817a6e38fc713b	ok
3	main-gcc-stock	tsearch	3.929	546.62	2415919104	5	35451ee71307997f2b1b494651a5fbd4257517350c84a0a993817a6e38fc713b	ok
3	C-clang-tc	tsearch	3.828	560.97	2415919104	5	35451ee71307997f2b1b494651a5fbd4257517350c84a0a993817a6e38fc713b	ok
3	C-clang-tc-pre1	tsearch	3.896	551.22	2415919104	5	35451ee71307997f2b1b494651a5fbd4257517350c84a0a993817a6e38fc713b	ok
3	F-clang-tc-pre1	tsearch	3.797	565.51	2415919104	5	35451ee71307997f2b1b494651a5fbd4257517350c84a0a993817a6e38fc713b	ok
3	C-gcc-tc	tsearch	3.999	536.98	2415919104	5	35451ee71307997f2b1b494651a5fbd4257517350c84a0a993817a6e38fc713b	ok
3	C-gcc-tc-pre1	tsearch	4.200	511.26	2415919104	5	35451ee71307997f2b1b494651a5fbd4257517350c84a0a993817a6e38fc713b	ok
3	F-gcc-tc-pre1	tsearch	4.069	527.72	2415919104	5	35451ee71307997f2b1b494651a5fbd4257517350c84a0a993817a6e38fc713b	ok
3	main-clang-stock	matrix-3d	9.690	221.61	2415919104	5	e0bb44ec0b8c878093bff8307da03316a00c102a16babcbc42ceb8ca6e4cf0fe	ok
3	main-gcc-stock	matrix-3d	9.313	230.60	2415919104	5	e0bb44ec0b8c878093bff8307da03316a00c102a16babcbc42ceb8ca6e4cf0fe	ok
3	C-clang-tc	matrix-3d	9.577	224.23	2415919104	5	e0bb44ec0b8c878093bff8307da03316a00c102a16babcbc42ceb8ca6e4cf0fe	ok
3	C-clang-tc-pre1	matrix-3d	9.716	221.02	2415919104	5	e0bb44ec0b8c878093bff8307da03316a00c102a16babcbc42ceb8ca6e4cf0fe	ok
3	F-clang-tc-pre1	matrix-3d	9.688	221.67	2415919104	5	e0bb44ec0b8c878093bff8307da03316a00c102a16babcbc42ceb8ca6e4cf0fe	ok
3	C-gcc-tc	matrix-3d	9.416	228.08	2415919104	5	e0bb44ec0b8c878093bff8307da03316a00c102a16babcbc42ceb8ca6e4cf0fe	ok
3	C-gcc-tc-pre1	matrix-3d	9.711	221.14	2415919104	5	e0bb44ec0b8c878093bff8307da03316a00c102a16babcbc42ceb8ca6e4cf0fe	ok
3	F-gcc-tc-pre1	matrix-3d	9.574	224.30	2415919104	5	e0bb44ec0b8c878093bff8307da03316a00c102a16babcbc42ceb8ca6e4cf0fe	ok
3	main-clang-stock	tree	4.298	499.63	2415919104	5	aaacf4808d9da670176f52ce3fa35924ce51d90d4fb24440308902b6302f92d4	ok
3	main-gcc-stock	tree	4.265	503.50	2415919104	5	aaacf4808d9da670176f52ce3fa35924ce51d90d4fb24440308902b6302f92d4	ok
3	C-clang-tc	tree	4.231	507.54	2415919104	5	aaacf4808d9da670176f52ce3fa35924ce51d90d4fb24440308902b6302f92d4	ok
3	C-clang-tc-pre1	tree	4.257	504.44	2415919104	5	aaacf4808d9da670176f52ce3fa35924ce51d90d4fb24440308902b6302f92d4	ok
3	F-clang-tc-pre1	tree	4.162	515.93	2415919104	5	aaacf4808d9da670176f52ce3fa35924ce51d90d4fb24440308902b6302f92d4	ok
3	C-gcc-tc	tree	4.380	490.29	2415919104	5	aaacf4808d9da670176f52ce3fa35924ce51d90d4fb24440308902b6302f92d4	ok
3	C-gcc-tc-pre1	tree	4.474	479.96	2415919104	5	aaacf4808d9da670176f52ce3fa35924ce51d90d4fb24440308902b6302f92d4	ok
3	F-gcc-tc-pre1	tree	4.368	491.69	2415919104	5	aaacf4808d9da670176f52ce3fa35924ce51d90d4fb24440308902b6302f92d4	ok
3	main-clang-stock	malloc	7.102	302.37	2415919104	5	bc106f77f0341f5e4be9c92901b33c15b5007cb13195b0f0c68d678b1ed2a2cf	ok
3	main-gcc-stock	malloc	7.223	297.29	2415919104	5	bc106f77f0341f5e4be9c92901b33c15b5007cb13195b0f0c68d678b1ed2a2cf	ok
3	C-clang-tc	malloc	7.318	293.43	2415919104	5	bc106f77f0341f5e4be9c92901b33c15b5007cb13195b0f0c68d678b1ed2a2cf	ok
3	C-clang-tc-pre1	malloc	7.066	303.92	2415919104	5	bc106f77f0341f5e4be9c92901b33c15b5007cb13195b0f0c68d678b1ed2a2cf	ok
3	F-clang-tc-pre1	malloc	7.038	305.13	2415919104	5	bc106f77f0341f5e4be9c92901b33c15b5007cb13195b0f0c68d678b1ed2a2cf	ok
3	C-gcc-tc	malloc	7.459	287.92	2415919104	5	bc106f77f0341f5e4be9c92901b33c15b5007cb13195b0f0c68d678b1ed2a2cf	ok
3	C-gcc-tc-pre1	malloc	7.521	285.54	2415919104	5	bc106f77f0341f5e4be9c92901b33c15b5007cb13195b0f0c68d678b1ed2a2cf	ok
3	F-gcc-tc-pre1	malloc	7.459	287.89	2415919104	5	bc106f77f0341f5e4be9c92901b33c15b5007cb13195b0f0c68d678b1ed2a2cf	ok
3	main-clang-stock	randlist	4.174	514.46	2415919104	5	ff2547c8dfc9c90e5eb6f65e14b3feda61f3dd85b0d465e351788800a850fd4a	ok
3	main-gcc-stock	randlist	3.722	576.95	2415919104	5	ff2547c8dfc9c90e5eb6f65e14b3feda61f3dd85b0d465e351788800a850fd4a	ok
3	C-clang-tc	randlist	3.894	551.42	2415919104	5	ff2547c8dfc9c90e5eb6f65e14b3feda61f3dd85b0d465e351788800a850fd4a	ok
3	C-clang-tc-pre1	randlist	3.825	561.48	2415919104	5	ff2547c8dfc9c90e5eb6f65e14b3feda61f3dd85b0d465e351788800a850fd4a	ok
3	F-clang-tc-pre1	randlist	3.734	575.19	2415919104	5	ff2547c8dfc9c90e5eb6f65e14b3feda61f3dd85b0d465e351788800a850fd4a	ok
3	C-gcc-tc	randlist	3.796	565.75	2415919104	5	ff2547c8dfc9c90e5eb6f65e14b3feda61f3dd85b0d465e351788800a850fd4a	ok
3	C-gcc-tc-pre1	randlist	3.848	558.15	2415919104	5	ff2547c8dfc9c90e5eb6f65e14b3feda61f3dd85b0d465e351788800a850fd4a	ok
3	F-gcc-tc-pre1	randlist	3.846	558.38	2415919104	5	ff2547c8dfc9c90e5eb6f65e14b3feda61f3dd85b0d465e351788800a850fd4a	ok
1	main-clang-stock	qsort	2.724	788.36	2415919104	5	daad9b63b2013449fba5d90591787dff8817c65d0d9bc57a0d814d2ef4c712ab	ok
1	main-gcc-stock	qsort	2.699	795.79	2415919104	5	daad9b63b2013449fba5d90591787dff8817c65d0d9bc57a0d814d2ef4c712ab	ok
1	D-clang-tc	qsort	2.578	832.86	2415919104	5	daad9b63b2013449fba5d90591787dff8817c65d0d9bc57a0d814d2ef4c712ab	ok
1	E1-clang-tc-nobr	qsort	2.542	844.79	2415919104	5	daad9b63b2013449fba5d90591787dff8817c65d0d9bc57a0d814d2ef4c712ab	ok
1	D-gcc-tc	qsort	2.681	801.09	2415919104	5	daad9b63b2013449fba5d90591787dff8817c65d0d9bc57a0d814d2ef4c712ab	ok
1	E2-gcc-tc	qsort	2.730	786.59	2415919104	5	daad9b63b2013449fba5d90591787dff8817c65d0d9bc57a0d814d2ef4c712ab	ok
1	main-clang-stock	zlib	2.786	770.83	2415919104	5	be1e876889828625d023972c3bfc8e07f4fece5144eca0fec4b8468571920b5a	ok
1	main-gcc-stock	zlib	2.666	805.49	2415919104	5	be1e876889828625d023972c3bfc8e07f4fece5144eca0fec4b8468571920b5a	ok
1	D-clang-tc	zlib	2.649	810.80	2415919104	5	be1e876889828625d023972c3bfc8e07f4fece5144eca0fec4b8468571920b5a	ok
1	E1-clang-tc-nobr	zlib	2.618	820.43	2415919104	5	be1e876889828625d023972c3bfc8e07f4fece5144eca0fec4b8468571920b5a	ok
1	D-gcc-tc	zlib	2.649	810.67	2415919104	5	be1e876889828625d023972c3bfc8e07f4fece5144eca0fec4b8468571920b5a	ok
1	E2-gcc-tc	zlib	2.641	813.02	2415919104	5	be1e876889828625d023972c3bfc8e07f4fece5144eca0fec4b8468571920b5a	ok
1	main-clang-stock	hash	2.678	801.77	2415919104	5	7faadb95a5025daebfcb19715b698c3263c38de7907e186ca1daab75930291a9	ok
1	main-gcc-stock	hash	2.344	915.99	2415919104	5	7faadb95a5025daebfcb19715b698c3263c38de7907e186ca1daab75930291a9	ok
1	D-clang-tc	hash	2.327	922.85	2415919104	5	7faadb95a5025daebfcb19715b698c3263c38de7907e186ca1daab75930291a9	ok
1	E1-clang-tc-nobr	hash	2.338	918.68	2415919104	5	7faadb95a5025daebfcb19715b698c3263c38de7907e186ca1daab75930291a9	ok
1	D-gcc-tc	hash	2.353	912.78	2415919104	5	7faadb95a5025daebfcb19715b698c3263c38de7907e186ca1daab75930291a9	ok
1	E2-gcc-tc	hash	2.358	910.87	2415919104	5	7faadb95a5025daebfcb19715b698c3263c38de7907e186ca1daab75930291a9	ok
1	main-clang-stock	syscall	6.090	352.65	2415919104	5	42cec926ae99b5b2c0da4cf14907627c80ca32cc217e17c9c968a87a3f8695f2	ok
1	main-gcc-stock	syscall	6.098	352.18	2415919104	5	42cec926ae99b5b2c0da4cf14907627c80ca32cc217e17c9c968a87a3f8695f2	ok
1	D-clang-tc	syscall	5.697	376.98	2415919104	5	42cec926ae99b5b2c0da4cf14907627c80ca32cc217e17c9c968a87a3f8695f2	ok
1	E1-clang-tc-nobr	syscall	5.747	373.67	2415919104	5	42cec926ae99b5b2c0da4cf14907627c80ca32cc217e17c9c968a87a3f8695f2	ok
1	D-gcc-tc	syscall	5.980	359.10	2415919104	5	42cec926ae99b5b2c0da4cf14907627c80ca32cc217e17c9c968a87a3f8695f2	ok
1	E2-gcc-tc	syscall	6.028	356.26	2415919104	5	42cec926ae99b5b2c0da4cf14907627c80ca32cc217e17c9c968a87a3f8695f2	ok
1	main-clang-stock	fp	2.794	768.68	2415919104	5	906dd97cb18890335374e13f06f11d3462076edd39a916310cd65dd5aafb45b7	ok
1	main-gcc-stock	fp	2.441	879.92	2415919104	5	906dd97cb18890335374e13f06f11d3462076edd39a916310cd65dd5aafb45b7	ok
1	D-clang-tc	fp	2.377	903.61	2415919104	5	906dd97cb18890335374e13f06f11d3462076edd39a916310cd65dd5aafb45b7	ok
1	E1-clang-tc-nobr	fp	2.356	911.61	2415919104	5	906dd97cb18890335374e13f06f11d3462076edd39a916310cd65dd5aafb45b7	ok
1	D-gcc-tc	fp	2.455	874.75	2415919104	5	906dd97cb18890335374e13f06f11d3462076edd39a916310cd65dd5aafb45b7	ok
1	E2-gcc-tc	fp	2.459	873.42	2415919104	5	906dd97cb18890335374e13f06f11d3462076edd39a916310cd65dd5aafb45b7	ok
1	main-clang-stock	nop	1.324	1622.13	2415919104	5	da57556b7bc3bfb3034f0e46a44731597514065f16bb82552863d1f9e3d8922b	ok
1	main-gcc-stock	nop	1.280	1677.72	2415919104	5	da57556b7bc3bfb3034f0e46a44731597514065f16bb82552863d1f9e3d8922b	ok
1	D-clang-tc	nop	1.030	2085.17	2415919104	5	da57556b7bc3bfb3034f0e46a44731597514065f16bb82552863d1f9e3d8922b	ok
1	E1-clang-tc-nobr	nop	1.023	2099.88	2415919104	5	da57556b7bc3bfb3034f0e46a44731597514065f16bb82552863d1f9e3d8922b	ok
1	D-gcc-tc	nop	1.316	1631.26	2415919104	5	da57556b7bc3bfb3034f0e46a44731597514065f16bb82552863d1f9e3d8922b	ok
1	E2-gcc-tc	nop	1.315	1633.45	2415919104	5	da57556b7bc3bfb3034f0e46a44731597514065f16bb82552863d1f9e3d8922b	ok
1	main-clang-stock	regs	1.822	1178.88	2415919104	5	8046902ef45b574fa0d049b88f703123dc1dc6906940453019f5439d19dea791	ok
1	main-gcc-stock	regs	1.763	1218.37	2415919104	5	8046902ef45b574fa0d049b88f703123dc1dc6906940453019f5439d19dea791	ok
1	D-clang-tc	regs	1.528	1405.46	2415919104	5	8046902ef45b574fa0d049b88f703123dc1dc6906940453019f5439d19dea791	ok
1	E1-clang-tc-nobr	regs	1.466	1465.15	2415919104	5	8046902ef45b574fa0d049b88f703123dc1dc6906940453019f5439d19dea791	ok
1	D-gcc-tc	regs	1.806	1189.07	2415919104	5	8046902ef45b574fa0d049b88f703123dc1dc6906940453019f5439d19dea791	ok
1	E2-gcc-tc	regs	1.805	1189.57	2415919104	5	8046902ef45b574fa0d049b88f703123dc1dc6906940453019f5439d19dea791	ok
1	main-clang-stock	cpu	3.742	573.86	2415919104	5	eb324f1c6c0ea8e673c7ec829a4f55d0c80fd4c2ac098b6823a35cde5682c4a5	ok
1	main-gcc-stock	cpu	3.525	609.14	2415919104	5	eb324f1c6c0ea8e673c7ec829a4f55d0c80fd4c2ac098b6823a35cde5682c4a5	ok
1	D-clang-tc	cpu	3.332	644.48	2415919104	5	eb324f1c6c0ea8e673c7ec829a4f55d0c80fd4c2ac098b6823a35cde5682c4a5	ok
1	E1-clang-tc-nobr	cpu	3.359	639.37	2415919104	5	eb324f1c6c0ea8e673c7ec829a4f55d0c80fd4c2ac098b6823a35cde5682c4a5	ok
1	D-gcc-tc	cpu	3.495	614.52	2415919104	5	eb324f1c6c0ea8e673c7ec829a4f55d0c80fd4c2ac098b6823a35cde5682c4a5	ok
1	E2-gcc-tc	cpu	3.498	613.96	2415919104	5	eb324f1c6c0ea8e673c7ec829a4f55d0c80fd4c2ac098b6823a35cde5682c4a5	ok
1	main-clang-stock	crypt	3.138	684.29	2415919104	5	075ad5f3bef8aaa9bd8daae921884aff4a4c30187ed0bdb9fd30959f75e2709b	ok
1	main-gcc-stock	crypt	2.942	729.96	2415919104	5	075ad5f3bef8aaa9bd8daae921884aff4a4c30187ed0bdb9fd30959f75e2709b	ok
1	D-clang-tc	crypt	2.788	770.37	2415919104	5	075ad5f3bef8aaa9bd8daae921884aff4a4c30187ed0bdb9fd30959f75e2709b	ok
1	E1-clang-tc-nobr	crypt	2.788	770.17	2415919104	5	075ad5f3bef8aaa9bd8daae921884aff4a4c30187ed0bdb9fd30959f75e2709b	ok
1	D-gcc-tc	crypt	3.107	691.26	2415919104	5	075ad5f3bef8aaa9bd8daae921884aff4a4c30187ed0bdb9fd30959f75e2709b	ok
1	E2-gcc-tc	crypt	3.128	686.61	2415919104	5	075ad5f3bef8aaa9bd8daae921884aff4a4c30187ed0bdb9fd30959f75e2709b	ok
1	main-clang-stock	memcpy	2.227	964.51	2415919104	5	958a3598adc13ecab81628febb41a80775a56c2227b74cbf0a455c0d064f6dd2	ok
1	main-gcc-stock	memcpy	2.248	955.42	2415919104	5	958a3598adc13ecab81628febb41a80775a56c2227b74cbf0a455c0d064f6dd2	ok
1	D-clang-tc	memcpy	2.213	970.32	2415919104	5	958a3598adc13ecab81628febb41a80775a56c2227b74cbf0a455c0d064f6dd2	ok
1	E1-clang-tc-nobr	memcpy	2.131	1007.57	2415919104	5	958a3598adc13ecab81628febb41a80775a56c2227b74cbf0a455c0d064f6dd2	ok
1	D-gcc-tc	memcpy	2.238	959.51	2415919104	5	958a3598adc13ecab81628febb41a80775a56c2227b74cbf0a455c0d064f6dd2	ok
1	E2-gcc-tc	memcpy	2.238	959.52	2415919104	5	958a3598adc13ecab81628febb41a80775a56c2227b74cbf0a455c0d064f6dd2	ok
1	main-clang-stock	branch	2.565	837.34	2415919104	5	3bb926ddc35a9ca8bdc7f6dfe2c84757cc27a07ceb7ed7637ddd3e5969b40e8c	ok
1	main-gcc-stock	branch	2.261	949.81	2415919104	5	3bb926ddc35a9ca8bdc7f6dfe2c84757cc27a07ceb7ed7637ddd3e5969b40e8c	ok
1	D-clang-tc	branch	2.094	1025.51	2415919104	5	3bb926ddc35a9ca8bdc7f6dfe2c84757cc27a07ceb7ed7637ddd3e5969b40e8c	ok
1	E1-clang-tc-nobr	branch	2.117	1014.40	2415919104	5	3bb926ddc35a9ca8bdc7f6dfe2c84757cc27a07ceb7ed7637ddd3e5969b40e8c	ok
1	D-gcc-tc	branch	2.325	923.45	2415919104	5	3bb926ddc35a9ca8bdc7f6dfe2c84757cc27a07ceb7ed7637ddd3e5969b40e8c	ok
1	E2-gcc-tc	branch	2.248	955.38	2415919104	5	3bb926ddc35a9ca8bdc7f6dfe2c84757cc27a07ceb7ed7637ddd3e5969b40e8c	ok
1	main-clang-stock	heapsort	2.555	840.39	2415919104	5	a01ab4e7ef8c8decb06055977002f5b5da8aeb3fa95049718b71a92d1d517adf	ok
1	main-gcc-stock	heapsort	2.487	863.44	2415919104	5	a01ab4e7ef8c8decb06055977002f5b5da8aeb3fa95049718b71a92d1d517adf	ok
1	D-clang-tc	heapsort	2.432	882.96	2415919104	5	a01ab4e7ef8c8decb06055977002f5b5da8aeb3fa95049718b71a92d1d517adf	ok
1	E1-clang-tc-nobr	heapsort	2.385	900.44	2415919104	5	a01ab4e7ef8c8decb06055977002f5b5da8aeb3fa95049718b71a92d1d517adf	ok
1	D-gcc-tc	heapsort	2.495	860.59	2415919104	5	a01ab4e7ef8c8decb06055977002f5b5da8aeb3fa95049718b71a92d1d517adf	ok
1	E2-gcc-tc	heapsort	2.502	858.16	2415919104	5	a01ab4e7ef8c8decb06055977002f5b5da8aeb3fa95049718b71a92d1d517adf	ok
1	main-clang-stock	tsearch	4.012	535.29	2415919104	5	35451ee71307997f2b1b494651a5fbd4257517350c84a0a993817a6e38fc713b	ok
1	main-gcc-stock	tsearch	4.022	533.93	2415919104	5	35451ee71307997f2b1b494651a5fbd4257517350c84a0a993817a6e38fc713b	ok
1	D-clang-tc	tsearch	3.781	567.95	2415919104	5	35451ee71307997f2b1b494651a5fbd4257517350c84a0a993817a6e38fc713b	ok
1	E1-clang-tc-nobr	tsearch	3.802	564.81	2415919104	5	35451ee71307997f2b1b494651a5fbd4257517350c84a0a993817a6e38fc713b	ok
1	D-gcc-tc	tsearch	3.999	537.02	2415919104	5	35451ee71307997f2b1b494651a5fbd4257517350c84a0a993817a6e38fc713b	ok
1	E2-gcc-tc	tsearch	4.056	529.40	2415919104	5	35451ee71307997f2b1b494651a5fbd4257517350c84a0a993817a6e38fc713b	ok
1	main-clang-stock	matrix-3d	9.699	221.40	2415919104	5	e0bb44ec0b8c878093bff8307da03316a00c102a16babcbc42ceb8ca6e4cf0fe	ok
1	main-gcc-stock	matrix-3d	9.267	231.73	2415919104	5	e0bb44ec0b8c878093bff8307da03316a00c102a16babcbc42ceb8ca6e4cf0fe	ok
1	D-clang-tc	matrix-3d	9.685	221.73	2415919104	5	e0bb44ec0b8c878093bff8307da03316a00c102a16babcbc42ceb8ca6e4cf0fe	ok
1	E1-clang-tc-nobr	matrix-3d	9.691	221.58	2415919104	5	e0bb44ec0b8c878093bff8307da03316a00c102a16babcbc42ceb8ca6e4cf0fe	ok
1	D-gcc-tc	matrix-3d	9.429	227.76	2415919104	5	e0bb44ec0b8c878093bff8307da03316a00c102a16babcbc42ceb8ca6e4cf0fe	ok
1	E2-gcc-tc	matrix-3d	9.428	227.77	2415919104	5	e0bb44ec0b8c878093bff8307da03316a00c102a16babcbc42ceb8ca6e4cf0fe	ok
1	main-clang-stock	tree	4.289	500.67	2415919104	5	aaacf4808d9da670176f52ce3fa35924ce51d90d4fb24440308902b6302f92d4	ok
1	main-gcc-stock	tree	4.269	503.09	2415919104	5	aaacf4808d9da670176f52ce3fa35924ce51d90d4fb24440308902b6302f92d4	ok
1	D-clang-tc	tree	4.167	515.39	2415919104	5	aaacf4808d9da670176f52ce3fa35924ce51d90d4fb24440308902b6302f92d4	ok
1	E1-clang-tc-nobr	tree	4.165	515.63	2415919104	5	aaacf4808d9da670176f52ce3fa35924ce51d90d4fb24440308902b6302f92d4	ok
1	D-gcc-tc	tree	4.369	491.48	2415919104	5	aaacf4808d9da670176f52ce3fa35924ce51d90d4fb24440308902b6302f92d4	ok
1	E2-gcc-tc	tree	4.422	485.68	2415919104	5	aaacf4808d9da670176f52ce3fa35924ce51d90d4fb24440308902b6302f92d4	ok
1	main-clang-stock	malloc	7.096	302.65	2415919104	5	bc106f77f0341f5e4be9c92901b33c15b5007cb13195b0f0c68d678b1ed2a2cf	ok
1	main-gcc-stock	malloc	7.091	302.83	2415919104	5	bc106f77f0341f5e4be9c92901b33c15b5007cb13195b0f0c68d678b1ed2a2cf	ok
1	D-clang-tc	malloc	6.955	308.77	2415919104	5	bc106f77f0341f5e4be9c92901b33c15b5007cb13195b0f0c68d678b1ed2a2cf	ok
1	E1-clang-tc-nobr	malloc	7.056	304.36	2415919104	5	bc106f77f0341f5e4be9c92901b33c15b5007cb13195b0f0c68d678b1ed2a2cf	ok
1	D-gcc-tc	malloc	7.371	291.33	2415919104	5	bc106f77f0341f5e4be9c92901b33c15b5007cb13195b0f0c68d678b1ed2a2cf	ok
1	E2-gcc-tc	malloc	7.369	291.43	2415919104	5	bc106f77f0341f5e4be9c92901b33c15b5007cb13195b0f0c68d678b1ed2a2cf	ok
1	main-clang-stock	randlist	4.178	514.03	2415919104	5	ff2547c8dfc9c90e5eb6f65e14b3feda61f3dd85b0d465e351788800a850fd4a	ok
1	main-gcc-stock	randlist	3.736	574.83	2415919104	5	ff2547c8dfc9c90e5eb6f65e14b3feda61f3dd85b0d465e351788800a850fd4a	ok
1	D-clang-tc	randlist	3.743	573.80	2415919104	5	ff2547c8dfc9c90e5eb6f65e14b3feda61f3dd85b0d465e351788800a850fd4a	ok
1	E1-clang-tc-nobr	randlist	3.798	565.48	2415919104	5	ff2547c8dfc9c90e5eb6f65e14b3feda61f3dd85b0d465e351788800a850fd4a	ok
1	D-gcc-tc	randlist	3.794	566.00	2415919104	5	ff2547c8dfc9c90e5eb6f65e14b3feda61f3dd85b0d465e351788800a850fd4a	ok
1	E2-gcc-tc	randlist	3.818	562.46	2415919104	5	ff2547c8dfc9c90e5eb6f65e14b3feda61f3dd85b0d465e351788800a850fd4a	ok
2	main-clang-stock	qsort	2.715	791.10	2415919104	5	daad9b63b2013449fba5d90591787dff8817c65d0d9bc57a0d814d2ef4c712ab	ok
2	main-gcc-stock	qsort	2.668	805.01	2415919104	5	daad9b63b2013449fba5d90591787dff8817c65d0d9bc57a0d814d2ef4c712ab	ok
2	D-clang-tc	qsort	2.582	831.55	2415919104	5	daad9b63b2013449fba5d90591787dff8817c65d0d9bc57a0d814d2ef4c712ab	ok
2	E1-clang-tc-nobr	qsort	2.579	832.59	2415919104	5	daad9b63b2013449fba5d90591787dff8817c65d0d9bc57a0d814d2ef4c712ab	ok
2	D-gcc-tc	qsort	2.683	800.47	2415919104	5	daad9b63b2013449fba5d90591787dff8817c65d0d9bc57a0d814d2ef4c712ab	ok
2	E2-gcc-tc	qsort	2.727	787.58	2415919104	5	daad9b63b2013449fba5d90591787dff8817c65d0d9bc57a0d814d2ef4c712ab	ok
2	main-clang-stock	zlib	2.786	770.93	2415919104	5	be1e876889828625d023972c3bfc8e07f4fece5144eca0fec4b8468571920b5a	ok
2	main-gcc-stock	zlib	2.692	797.74	2415919104	5	be1e876889828625d023972c3bfc8e07f4fece5144eca0fec4b8468571920b5a	ok
2	D-clang-tc	zlib	2.641	813.10	2415919104	5	be1e876889828625d023972c3bfc8e07f4fece5144eca0fec4b8468571920b5a	ok
2	E1-clang-tc-nobr	zlib	2.599	826.34	2415919104	5	be1e876889828625d023972c3bfc8e07f4fece5144eca0fec4b8468571920b5a	ok
2	D-gcc-tc	zlib	2.637	814.23	2415919104	5	be1e876889828625d023972c3bfc8e07f4fece5144eca0fec4b8468571920b5a	ok
2	E2-gcc-tc	zlib	2.628	817.17	2415919104	5	be1e876889828625d023972c3bfc8e07f4fece5144eca0fec4b8468571920b5a	ok
2	main-clang-stock	hash	2.673	803.41	2415919104	5	7faadb95a5025daebfcb19715b698c3263c38de7907e186ca1daab75930291a9	ok
2	main-gcc-stock	hash	2.350	913.99	2415919104	5	7faadb95a5025daebfcb19715b698c3263c38de7907e186ca1daab75930291a9	ok
2	D-clang-tc	hash	2.331	921.41	2415919104	5	7faadb95a5025daebfcb19715b698c3263c38de7907e186ca1daab75930291a9	ok
2	E1-clang-tc-nobr	hash	2.336	919.10	2415919104	5	7faadb95a5025daebfcb19715b698c3263c38de7907e186ca1daab75930291a9	ok
2	D-gcc-tc	hash	2.358	910.58	2415919104	5	7faadb95a5025daebfcb19715b698c3263c38de7907e186ca1daab75930291a9	ok
2	E2-gcc-tc	hash	2.354	912.13	2415919104	5	7faadb95a5025daebfcb19715b698c3263c38de7907e186ca1daab75930291a9	ok
2	main-clang-stock	syscall	6.069	353.87	2415919104	5	42cec926ae99b5b2c0da4cf14907627c80ca32cc217e17c9c968a87a3f8695f2	ok
2	main-gcc-stock	syscall	6.093	352.47	2415919104	5	42cec926ae99b5b2c0da4cf14907627c80ca32cc217e17c9c968a87a3f8695f2	ok
2	D-clang-tc	syscall	5.681	377.98	2415919104	5	42cec926ae99b5b2c0da4cf14907627c80ca32cc217e17c9c968a87a3f8695f2	ok
2	E1-clang-tc-nobr	syscall	5.746	373.72	2415919104	5	42cec926ae99b5b2c0da4cf14907627c80ca32cc217e17c9c968a87a3f8695f2	ok
2	D-gcc-tc	syscall	5.992	358.42	2415919104	5	42cec926ae99b5b2c0da4cf14907627c80ca32cc217e17c9c968a87a3f8695f2	ok
2	E2-gcc-tc	syscall	5.996	358.17	2415919104	5	42cec926ae99b5b2c0da4cf14907627c80ca32cc217e17c9c968a87a3f8695f2	ok
2	main-clang-stock	fp	2.805	765.61	2415919104	5	906dd97cb18890335374e13f06f11d3462076edd39a916310cd65dd5aafb45b7	ok
2	main-gcc-stock	fp	2.469	869.60	2415919104	5	906dd97cb18890335374e13f06f11d3462076edd39a916310cd65dd5aafb45b7	ok
2	D-clang-tc	fp	2.379	902.61	2415919104	5	906dd97cb18890335374e13f06f11d3462076edd39a916310cd65dd5aafb45b7	ok
2	E1-clang-tc-nobr	fp	2.354	912.12	2415919104	5	906dd97cb18890335374e13f06f11d3462076edd39a916310cd65dd5aafb45b7	ok
2	D-gcc-tc	fp	2.444	878.80	2415919104	5	906dd97cb18890335374e13f06f11d3462076edd39a916310cd65dd5aafb45b7	ok
2	E2-gcc-tc	fp	2.452	875.91	2415919104	5	906dd97cb18890335374e13f06f11d3462076edd39a916310cd65dd5aafb45b7	ok
2	main-clang-stock	nop	1.324	1621.86	2415919104	5	da57556b7bc3bfb3034f0e46a44731597514065f16bb82552863d1f9e3d8922b	ok
2	main-gcc-stock	nop	1.278	1680.25	2415919104	5	da57556b7bc3bfb3034f0e46a44731597514065f16bb82552863d1f9e3d8922b	ok
2	D-clang-tc	nop	1.029	2086.88	2415919104	5	da57556b7bc3bfb3034f0e46a44731597514065f16bb82552863d1f9e3d8922b	ok
2	E1-clang-tc-nobr	nop	1.019	2106.46	2415919104	5	da57556b7bc3bfb3034f0e46a44731597514065f16bb82552863d1f9e3d8922b	ok
2	D-gcc-tc	nop	1.313	1635.15	2415919104	5	da57556b7bc3bfb3034f0e46a44731597514065f16bb82552863d1f9e3d8922b	ok
2	E2-gcc-tc	nop	1.312	1636.60	2415919104	5	da57556b7bc3bfb3034f0e46a44731597514065f16bb82552863d1f9e3d8922b	ok
2	main-clang-stock	regs	1.822	1178.83	2415919104	5	8046902ef45b574fa0d049b88f703123dc1dc6906940453019f5439d19dea791	ok
2	main-gcc-stock	regs	1.761	1219.33	2415919104	5	8046902ef45b574fa0d049b88f703123dc1dc6906940453019f5439d19dea791	ok
2	D-clang-tc	regs	1.527	1406.63	2415919104	5	8046902ef45b574fa0d049b88f703123dc1dc6906940453019f5439d19dea791	ok
2	E1-clang-tc-nobr	regs	1.467	1464.02	2415919104	5	8046902ef45b574fa0d049b88f703123dc1dc6906940453019f5439d19dea791	ok
2	D-gcc-tc	regs	1.810	1186.72	2415919104	5	8046902ef45b574fa0d049b88f703123dc1dc6906940453019f5439d19dea791	ok
2	E2-gcc-tc	regs	1.805	1189.63	2415919104	5	8046902ef45b574fa0d049b88f703123dc1dc6906940453019f5439d19dea791	ok
2	main-clang-stock	cpu	3.734	575.05	2415919104	5	eb324f1c6c0ea8e673c7ec829a4f55d0c80fd4c2ac098b6823a35cde5682c4a5	ok
2	main-gcc-stock	cpu	3.530	608.42	2415919104	5	eb324f1c6c0ea8e673c7ec829a4f55d0c80fd4c2ac098b6823a35cde5682c4a5	ok
2	D-clang-tc	cpu	3.318	647.18	2415919104	5	eb324f1c6c0ea8e673c7ec829a4f55d0c80fd4c2ac098b6823a35cde5682c4a5	ok
2	E1-clang-tc-nobr	cpu	3.338	643.37	2415919104	5	eb324f1c6c0ea8e673c7ec829a4f55d0c80fd4c2ac098b6823a35cde5682c4a5	ok
2	D-gcc-tc	cpu	3.502	613.17	2415919104	5	eb324f1c6c0ea8e673c7ec829a4f55d0c80fd4c2ac098b6823a35cde5682c4a5	ok
2	E2-gcc-tc	cpu	3.489	615.54	2415919104	5	eb324f1c6c0ea8e673c7ec829a4f55d0c80fd4c2ac098b6823a35cde5682c4a5	ok
2	main-clang-stock	crypt	3.137	684.62	2415919104	5	075ad5f3bef8aaa9bd8daae921884aff4a4c30187ed0bdb9fd30959f75e2709b	ok
2	main-gcc-stock	crypt	2.924	734.50	2415919104	5	075ad5f3bef8aaa9bd8daae921884aff4a4c30187ed0bdb9fd30959f75e2709b	ok
2	D-clang-tc	crypt	2.840	756.14	2415919104	5	075ad5f3bef8aaa9bd8daae921884aff4a4c30187ed0bdb9fd30959f75e2709b	ok
2	E1-clang-tc-nobr	crypt	2.804	765.80	2415919104	5	075ad5f3bef8aaa9bd8daae921884aff4a4c30187ed0bdb9fd30959f75e2709b	ok
2	D-gcc-tc	crypt	3.119	688.51	2415919104	5	075ad5f3bef8aaa9bd8daae921884aff4a4c30187ed0bdb9fd30959f75e2709b	ok
2	E2-gcc-tc	crypt	3.136	684.71	2415919104	5	075ad5f3bef8aaa9bd8daae921884aff4a4c30187ed0bdb9fd30959f75e2709b	ok
2	main-clang-stock	memcpy	2.229	963.63	2415919104	5	958a3598adc13ecab81628febb41a80775a56c2227b74cbf0a455c0d064f6dd2	ok
2	main-gcc-stock	memcpy	2.228	963.69	2415919104	5	958a3598adc13ecab81628febb41a80775a56c2227b74cbf0a455c0d064f6dd2	ok
2	D-clang-tc	memcpy	2.216	968.97	2415919104	5	958a3598adc13ecab81628febb41a80775a56c2227b74cbf0a455c0d064f6dd2	ok
2	E1-clang-tc-nobr	memcpy	2.135	1005.68	2415919104	5	958a3598adc13ecab81628febb41a80775a56c2227b74cbf0a455c0d064f6dd2	ok
2	D-gcc-tc	memcpy	2.238	959.43	2415919104	5	958a3598adc13ecab81628febb41a80775a56c2227b74cbf0a455c0d064f6dd2	ok
2	E2-gcc-tc	memcpy	2.262	949.50	2415919104	5	958a3598adc13ecab81628febb41a80775a56c2227b74cbf0a455c0d064f6dd2	ok
2	main-clang-stock	branch	2.579	832.61	2415919104	5	3bb926ddc35a9ca8bdc7f6dfe2c84757cc27a07ceb7ed7637ddd3e5969b40e8c	ok
2	main-gcc-stock	branch	2.260	950.34	2415919104	5	3bb926ddc35a9ca8bdc7f6dfe2c84757cc27a07ceb7ed7637ddd3e5969b40e8c	ok
2	D-clang-tc	branch	2.094	1025.58	2415919104	5	3bb926ddc35a9ca8bdc7f6dfe2c84757cc27a07ceb7ed7637ddd3e5969b40e8c	ok
2	E1-clang-tc-nobr	branch	2.113	1016.53	2415919104	5	3bb926ddc35a9ca8bdc7f6dfe2c84757cc27a07ceb7ed7637ddd3e5969b40e8c	ok
2	D-gcc-tc	branch	2.325	923.76	2415919104	5	3bb926ddc35a9ca8bdc7f6dfe2c84757cc27a07ceb7ed7637ddd3e5969b40e8c	ok
2	E2-gcc-tc	branch	2.266	947.56	2415919104	5	3bb926ddc35a9ca8bdc7f6dfe2c84757cc27a07ceb7ed7637ddd3e5969b40e8c	ok
2	main-clang-stock	heapsort	2.559	839.08	2415919104	5	a01ab4e7ef8c8decb06055977002f5b5da8aeb3fa95049718b71a92d1d517adf	ok
2	main-gcc-stock	heapsort	2.469	869.64	2415919104	5	a01ab4e7ef8c8decb06055977002f5b5da8aeb3fa95049718b71a92d1d517adf	ok
2	D-clang-tc	heapsort	2.437	881.25	2415919104	5	a01ab4e7ef8c8decb06055977002f5b5da8aeb3fa95049718b71a92d1d517adf	ok
2	E1-clang-tc-nobr	heapsort	2.385	900.27	2415919104	5	a01ab4e7ef8c8decb06055977002f5b5da8aeb3fa95049718b71a92d1d517adf	ok
2	D-gcc-tc	heapsort	2.500	859.15	2415919104	5	a01ab4e7ef8c8decb06055977002f5b5da8aeb3fa95049718b71a92d1d517adf	ok
2	E2-gcc-tc	heapsort	2.559	839.31	2415919104	5	a01ab4e7ef8c8decb06055977002f5b5da8aeb3fa95049718b71a92d1d517adf	ok
2	main-clang-stock	tsearch	3.984	539.08	2415919104	5	35451ee71307997f2b1b494651a5fbd4257517350c84a0a993817a6e38fc713b	ok
2	main-gcc-stock	tsearch	3.921	547.65	2415919104	5	35451ee71307997f2b1b494651a5fbd4257517350c84a0a993817a6e38fc713b	ok
2	D-clang-tc	tsearch	3.781	567.99	2415919104	5	35451ee71307997f2b1b494651a5fbd4257517350c84a0a993817a6e38fc713b	ok
2	E1-clang-tc-nobr	tsearch	3.800	565.18	2415919104	5	35451ee71307997f2b1b494651a5fbd4257517350c84a0a993817a6e38fc713b	ok
2	D-gcc-tc	tsearch	4.004	536.38	2415919104	5	35451ee71307997f2b1b494651a5fbd4257517350c84a0a993817a6e38fc713b	ok
2	E2-gcc-tc	tsearch	4.027	533.21	2415919104	5	35451ee71307997f2b1b494651a5fbd4257517350c84a0a993817a6e38fc713b	ok
2	main-clang-stock	matrix-3d	9.695	221.51	2415919104	5	e0bb44ec0b8c878093bff8307da03316a00c102a16babcbc42ceb8ca6e4cf0fe	ok
2	main-gcc-stock	matrix-3d	9.247	232.23	2415919104	5	e0bb44ec0b8c878093bff8307da03316a00c102a16babcbc42ceb8ca6e4cf0fe	ok
2	D-clang-tc	matrix-3d	9.670	222.08	2415919104	5	e0bb44ec0b8c878093bff8307da03316a00c102a16babcbc42ceb8ca6e4cf0fe	ok
2	E1-clang-tc-nobr	matrix-3d	9.699	221.41	2415919104	5	e0bb44ec0b8c878093bff8307da03316a00c102a16babcbc42ceb8ca6e4cf0fe	ok
2	D-gcc-tc	matrix-3d	9.399	228.48	2415919104	5	e0bb44ec0b8c878093bff8307da03316a00c102a16babcbc42ceb8ca6e4cf0fe	ok
2	E2-gcc-tc	matrix-3d	9.413	228.15	2415919104	5	e0bb44ec0b8c878093bff8307da03316a00c102a16babcbc42ceb8ca6e4cf0fe	ok
2	main-clang-stock	tree	4.307	498.57	2415919104	5	aaacf4808d9da670176f52ce3fa35924ce51d90d4fb24440308902b6302f92d4	ok
2	main-gcc-stock	tree	4.258	504.29	2415919104	5	aaacf4808d9da670176f52ce3fa35924ce51d90d4fb24440308902b6302f92d4	ok
2	D-clang-tc	tree	4.177	514.14	2415919104	5	aaacf4808d9da670176f52ce3fa35924ce51d90d4fb24440308902b6302f92d4	ok
2	E1-clang-tc-nobr	tree	4.157	516.57	2415919104	5	aaacf4808d9da670176f52ce3fa35924ce51d90d4fb24440308902b6302f92d4	ok
2	D-gcc-tc	tree	4.378	490.48	2415919104	5	aaacf4808d9da670176f52ce3fa35924ce51d90d4fb24440308902b6302f92d4	ok
2	E2-gcc-tc	tree	4.407	487.24	2415919104	5	aaacf4808d9da670176f52ce3fa35924ce51d90d4fb24440308902b6302f92d4	ok
2	main-clang-stock	malloc	7.182	299.02	2415919104	5	bc106f77f0341f5e4be9c92901b33c15b5007cb13195b0f0c68d678b1ed2a2cf	ok
2	main-gcc-stock	malloc	7.233	296.88	2415919104	5	bc106f77f0341f5e4be9c92901b33c15b5007cb13195b0f0c68d678b1ed2a2cf	ok
2	D-clang-tc	malloc	7.089	302.93	2415919104	5	bc106f77f0341f5e4be9c92901b33c15b5007cb13195b0f0c68d678b1ed2a2cf	ok
2	E1-clang-tc-nobr	malloc	7.177	299.23	2415919104	5	bc106f77f0341f5e4be9c92901b33c15b5007cb13195b0f0c68d678b1ed2a2cf	ok
2	D-gcc-tc	malloc	7.510	285.95	2415919104	5	bc106f77f0341f5e4be9c92901b33c15b5007cb13195b0f0c68d678b1ed2a2cf	ok
2	E2-gcc-tc	malloc	7.460	287.88	2415919104	5	bc106f77f0341f5e4be9c92901b33c15b5007cb13195b0f0c68d678b1ed2a2cf	ok
2	main-clang-stock	randlist	4.183	513.44	2415919104	5	ff2547c8dfc9c90e5eb6f65e14b3feda61f3dd85b0d465e351788800a850fd4a	ok
2	main-gcc-stock	randlist	3.725	576.44	2415919104	5	ff2547c8dfc9c90e5eb6f65e14b3feda61f3dd85b0d465e351788800a850fd4a	ok
2	D-clang-tc	randlist	3.752	572.36	2415919104	5	ff2547c8dfc9c90e5eb6f65e14b3feda61f3dd85b0d465e351788800a850fd4a	ok
2	E1-clang-tc-nobr	randlist	3.760	571.09	2415919104	5	ff2547c8dfc9c90e5eb6f65e14b3feda61f3dd85b0d465e351788800a850fd4a	ok
2	D-gcc-tc	randlist	3.805	564.36	2415919104	5	ff2547c8dfc9c90e5eb6f65e14b3feda61f3dd85b0d465e351788800a850fd4a	ok
2	E2-gcc-tc	randlist	3.820	562.12	2415919104	5	ff2547c8dfc9c90e5eb6f65e14b3feda61f3dd85b0d465e351788800a850fd4a	ok
3	main-clang-stock	qsort	2.715	790.95	2415919104	5	daad9b63b2013449fba5d90591787dff8817c65d0d9bc57a0d814d2ef4c712ab	ok
3	main-gcc-stock	qsort	2.704	794.07	2415919104	5	daad9b63b2013449fba5d90591787dff8817c65d0d9bc57a0d814d2ef4c712ab	ok
3	D-clang-tc	qsort	2.579	832.69	2415919104	5	daad9b63b2013449fba5d90591787dff8817c65d0d9bc57a0d814d2ef4c712ab	ok
3	E1-clang-tc-nobr	qsort	2.543	844.60	2415919104	5	daad9b63b2013449fba5d90591787dff8817c65d0d9bc57a0d814d2ef4c712ab	ok
3	D-gcc-tc	qsort	2.681	800.91	2415919104	5	daad9b63b2013449fba5d90591787dff8817c65d0d9bc57a0d814d2ef4c712ab	ok
3	E2-gcc-tc	qsort	2.730	786.74	2415919104	5	daad9b63b2013449fba5d90591787dff8817c65d0d9bc57a0d814d2ef4c712ab	ok
3	main-clang-stock	zlib	2.776	773.55	2415919104	5	be1e876889828625d023972c3bfc8e07f4fece5144eca0fec4b8468571920b5a	ok
3	main-gcc-stock	zlib	2.685	799.84	2415919104	5	be1e876889828625d023972c3bfc8e07f4fece5144eca0fec4b8468571920b5a	ok
3	D-clang-tc	zlib	2.652	809.84	2415919104	5	be1e876889828625d023972c3bfc8e07f4fece5144eca0fec4b8468571920b5a	ok
3	E1-clang-tc-nobr	zlib	2.599	826.41	2415919104	5	be1e876889828625d023972c3bfc8e07f4fece5144eca0fec4b8468571920b5a	ok
3	D-gcc-tc	zlib	2.644	812.17	2415919104	5	be1e876889828625d023972c3bfc8e07f4fece5144eca0fec4b8468571920b5a	ok
3	E2-gcc-tc	zlib	2.625	818.21	2415919104	5	be1e876889828625d023972c3bfc8e07f4fece5144eca0fec4b8468571920b5a	ok
3	main-clang-stock	hash	2.674	803.13	2415919104	5	7faadb95a5025daebfcb19715b698c3263c38de7907e186ca1daab75930291a9	ok
3	main-gcc-stock	hash	2.344	916.35	2415919104	5	7faadb95a5025daebfcb19715b698c3263c38de7907e186ca1daab75930291a9	ok
3	D-clang-tc	hash	2.337	919.05	2415919104	5	7faadb95a5025daebfcb19715b698c3263c38de7907e186ca1daab75930291a9	ok
3	E1-clang-tc-nobr	hash	2.337	918.81	2415919104	5	7faadb95a5025daebfcb19715b698c3263c38de7907e186ca1daab75930291a9	ok
3	D-gcc-tc	hash	2.353	912.60	2415919104	5	7faadb95a5025daebfcb19715b698c3263c38de7907e186ca1daab75930291a9	ok
3	E2-gcc-tc	hash	2.352	913.21	2415919104	5	7faadb95a5025daebfcb19715b698c3263c38de7907e186ca1daab75930291a9	ok
3	main-clang-stock	syscall	6.025	356.45	2415919104	5	42cec926ae99b5b2c0da4cf14907627c80ca32cc217e17c9c968a87a3f8695f2	ok
3	main-gcc-stock	syscall	6.052	354.86	2415919104	5	42cec926ae99b5b2c0da4cf14907627c80ca32cc217e17c9c968a87a3f8695f2	ok
3	D-clang-tc	syscall	5.614	382.52	2415919104	5	42cec926ae99b5b2c0da4cf14907627c80ca32cc217e17c9c968a87a3f8695f2	ok
3	E1-clang-tc-nobr	syscall	5.668	378.90	2415919104	5	42cec926ae99b5b2c0da4cf14907627c80ca32cc217e17c9c968a87a3f8695f2	ok
3	D-gcc-tc	syscall	5.926	362.36	2415919104	5	42cec926ae99b5b2c0da4cf14907627c80ca32cc217e17c9c968a87a3f8695f2	ok
3	E2-gcc-tc	syscall	5.958	360.44	2415919104	5	42cec926ae99b5b2c0da4cf14907627c80ca32cc217e17c9c968a87a3f8695f2	ok
3	main-clang-stock	fp	2.801	766.62	2415919104	5	906dd97cb18890335374e13f06f11d3462076edd39a916310cd65dd5aafb45b7	ok
3	main-gcc-stock	fp	2.459	873.21	2415919104	5	906dd97cb18890335374e13f06f11d3462076edd39a916310cd65dd5aafb45b7	ok
3	D-clang-tc	fp	2.373	905.07	2415919104	5	906dd97cb18890335374e13f06f11d3462076edd39a916310cd65dd5aafb45b7	ok
3	E1-clang-tc-nobr	fp	2.366	907.58	2415919104	5	906dd97cb18890335374e13f06f11d3462076edd39a916310cd65dd5aafb45b7	ok
3	D-gcc-tc	fp	2.446	877.87	2415919104	5	906dd97cb18890335374e13f06f11d3462076edd39a916310cd65dd5aafb45b7	ok
3	E2-gcc-tc	fp	2.468	870.14	2415919104	5	906dd97cb18890335374e13f06f11d3462076edd39a916310cd65dd5aafb45b7	ok
3	main-clang-stock	nop	1.323	1622.83	2415919104	5	da57556b7bc3bfb3034f0e46a44731597514065f16bb82552863d1f9e3d8922b	ok
3	main-gcc-stock	nop	1.279	1679.54	2415919104	5	da57556b7bc3bfb3034f0e46a44731597514065f16bb82552863d1f9e3d8922b	ok
3	D-clang-tc	nop	1.029	2087.18	2415919104	5	da57556b7bc3bfb3034f0e46a44731597514065f16bb82552863d1f9e3d8922b	ok
3	E1-clang-tc-nobr	nop	1.024	2097.63	2415919104	5	da57556b7bc3bfb3034f0e46a44731597514065f16bb82552863d1f9e3d8922b	ok
3	D-gcc-tc	nop	1.316	1631.43	2415919104	5	da57556b7bc3bfb3034f0e46a44731597514065f16bb82552863d1f9e3d8922b	ok
3	E2-gcc-tc	nop	1.315	1633.15	2415919104	5	da57556b7bc3bfb3034f0e46a44731597514065f16bb82552863d1f9e3d8922b	ok
3	main-clang-stock	regs	1.822	1178.92	2415919104	5	8046902ef45b574fa0d049b88f703123dc1dc6906940453019f5439d19dea791	ok
3	main-gcc-stock	regs	1.762	1219.09	2415919104	5	8046902ef45b574fa0d049b88f703123dc1dc6906940453019f5439d19dea791	ok
3	D-clang-tc	regs	1.526	1406.87	2415919104	5	8046902ef45b574fa0d049b88f703123dc1dc6906940453019f5439d19dea791	ok
3	E1-clang-tc-nobr	regs	1.465	1465.98	2415919104	5	8046902ef45b574fa0d049b88f703123dc1dc6906940453019f5439d19dea791	ok
3	D-gcc-tc	regs	1.808	1187.60	2415919104	5	8046902ef45b574fa0d049b88f703123dc1dc6906940453019f5439d19dea791	ok
3	E2-gcc-tc	regs	1.806	1189.23	2415919104	5	8046902ef45b574fa0d049b88f703123dc1dc6906940453019f5439d19dea791	ok
3	main-clang-stock	cpu	3.750	572.66	2415919104	5	eb324f1c6c0ea8e673c7ec829a4f55d0c80fd4c2ac098b6823a35cde5682c4a5	ok
3	main-gcc-stock	cpu	3.523	609.51	2415919104	5	eb324f1c6c0ea8e673c7ec829a4f55d0c80fd4c2ac098b6823a35cde5682c4a5	ok
3	D-clang-tc	cpu	3.311	648.66	2415919104	5	eb324f1c6c0ea8e673c7ec829a4f55d0c80fd4c2ac098b6823a35cde5682c4a5	ok
3	E1-clang-tc-nobr	cpu	3.362	638.81	2415919104	5	eb324f1c6c0ea8e673c7ec829a4f55d0c80fd4c2ac098b6823a35cde5682c4a5	ok
3	D-gcc-tc	cpu	3.488	615.63	2415919104	5	eb324f1c6c0ea8e673c7ec829a4f55d0c80fd4c2ac098b6823a35cde5682c4a5	ok
3	E2-gcc-tc	cpu	3.487	615.82	2415919104	5	eb324f1c6c0ea8e673c7ec829a4f55d0c80fd4c2ac098b6823a35cde5682c4a5	ok
3	main-clang-stock	crypt	3.181	675.08	2415919104	5	075ad5f3bef8aaa9bd8daae921884aff4a4c30187ed0bdb9fd30959f75e2709b	ok
3	main-gcc-stock	crypt	2.935	731.78	2415919104	5	075ad5f3bef8aaa9bd8daae921884aff4a4c30187ed0bdb9fd30959f75e2709b	ok
3	D-clang-tc	crypt	2.812	763.77	2415919104	5	075ad5f3bef8aaa9bd8daae921884aff4a4c30187ed0bdb9fd30959f75e2709b	ok
3	E1-clang-tc-nobr	crypt	2.793	768.81	2415919104	5	075ad5f3bef8aaa9bd8daae921884aff4a4c30187ed0bdb9fd30959f75e2709b	ok
3	D-gcc-tc	crypt	3.106	691.47	2415919104	5	075ad5f3bef8aaa9bd8daae921884aff4a4c30187ed0bdb9fd30959f75e2709b	ok
3	E2-gcc-tc	crypt	3.157	680.31	2415919104	5	075ad5f3bef8aaa9bd8daae921884aff4a4c30187ed0bdb9fd30959f75e2709b	ok
3	main-clang-stock	memcpy	2.230	962.89	2415919104	5	958a3598adc13ecab81628febb41a80775a56c2227b74cbf0a455c0d064f6dd2	ok
3	main-gcc-stock	memcpy	2.225	965.21	2415919104	5	958a3598adc13ecab81628febb41a80775a56c2227b74cbf0a455c0d064f6dd2	ok
3	D-clang-tc	memcpy	2.213	970.55	2415919104	5	958a3598adc13ecab81628febb41a80775a56c2227b74cbf0a455c0d064f6dd2	ok
3	E1-clang-tc-nobr	memcpy	2.131	1007.54	2415919104	5	958a3598adc13ecab81628febb41a80775a56c2227b74cbf0a455c0d064f6dd2	ok
3	D-gcc-tc	memcpy	2.235	960.64	2415919104	5	958a3598adc13ecab81628febb41a80775a56c2227b74cbf0a455c0d064f6dd2	ok
3	E2-gcc-tc	memcpy	2.241	958.25	2415919104	5	958a3598adc13ecab81628febb41a80775a56c2227b74cbf0a455c0d064f6dd2	ok
3	main-clang-stock	branch	2.581	831.97	2415919104	5	3bb926ddc35a9ca8bdc7f6dfe2c84757cc27a07ceb7ed7637ddd3e5969b40e8c	ok
3	main-gcc-stock	branch	2.259	950.65	2415919104	5	3bb926ddc35a9ca8bdc7f6dfe2c84757cc27a07ceb7ed7637ddd3e5969b40e8c	ok
3	D-clang-tc	branch	2.108	1018.55	2415919104	5	3bb926ddc35a9ca8bdc7f6dfe2c84757cc27a07ceb7ed7637ddd3e5969b40e8c	ok
3	E1-clang-tc-nobr	branch	2.116	1014.89	2415919104	5	3bb926ddc35a9ca8bdc7f6dfe2c84757cc27a07ceb7ed7637ddd3e5969b40e8c	ok
3	D-gcc-tc	branch	2.324	924.12	2415919104	5	3bb926ddc35a9ca8bdc7f6dfe2c84757cc27a07ceb7ed7637ddd3e5969b40e8c	ok
3	E2-gcc-tc	branch	2.268	946.81	2415919104	5	3bb926ddc35a9ca8bdc7f6dfe2c84757cc27a07ceb7ed7637ddd3e5969b40e8c	ok
3	main-clang-stock	heapsort	2.560	838.76	2415919104	5	a01ab4e7ef8c8decb06055977002f5b5da8aeb3fa95049718b71a92d1d517adf	ok
3	main-gcc-stock	heapsort	2.482	865.30	2415919104	5	a01ab4e7ef8c8decb06055977002f5b5da8aeb3fa95049718b71a92d1d517adf	ok
3	D-clang-tc	heapsort	2.433	882.49	2415919104	5	a01ab4e7ef8c8decb06055977002f5b5da8aeb3fa95049718b71a92d1d517adf	ok
3	E1-clang-tc-nobr	heapsort	2.389	898.78	2415919104	5	a01ab4e7ef8c8decb06055977002f5b5da8aeb3fa95049718b71a92d1d517adf	ok
3	D-gcc-tc	heapsort	2.497	859.89	2415919104	5	a01ab4e7ef8c8decb06055977002f5b5da8aeb3fa95049718b71a92d1d517adf	ok
3	E2-gcc-tc	heapsort	2.503	858.00	2415919104	5	a01ab4e7ef8c8decb06055977002f5b5da8aeb3fa95049718b71a92d1d517adf	ok
3	main-clang-stock	tsearch	4.012	535.33	2415919104	5	35451ee71307997f2b1b494651a5fbd4257517350c84a0a993817a6e38fc713b	ok
3	main-gcc-stock	tsearch	3.929	546.54	2415919104	5	35451ee71307997f2b1b494651a5fbd4257517350c84a0a993817a6e38fc713b	ok
3	D-clang-tc	tsearch	3.779	568.32	2415919104	5	35451ee71307997f2b1b494651a5fbd4257517350c84a0a993817a6e38fc713b	ok
3	E1-clang-tc-nobr	tsearch	3.805	564.40	2415919104	5	35451ee71307997f2b1b494651a5fbd4257517350c84a0a993817a6e38fc713b	ok
3	D-gcc-tc	tsearch	3.991	538.03	2415919104	5	35451ee71307997f2b1b494651a5fbd4257517350c84a0a993817a6e38fc713b	ok
3	E2-gcc-tc	tsearch	4.049	530.41	2415919104	5	35451ee71307997f2b1b494651a5fbd4257517350c84a0a993817a6e38fc713b	ok
3	main-clang-stock	matrix-3d	9.674	221.97	2415919104	5	e0bb44ec0b8c878093bff8307da03316a00c102a16babcbc42ceb8ca6e4cf0fe	ok
3	main-gcc-stock	matrix-3d	9.294	231.05	2415919104	5	e0bb44ec0b8c878093bff8307da03316a00c102a16babcbc42ceb8ca6e4cf0fe	ok
3	D-clang-tc	matrix-3d	9.701	221.37	2415919104	5	e0bb44ec0b8c878093bff8307da03316a00c102a16babcbc42ceb8ca6e4cf0fe	ok
3	E1-clang-tc-nobr	matrix-3d	9.693	221.56	2415919104	5	e0bb44ec0b8c878093bff8307da03316a00c102a16babcbc42ceb8ca6e4cf0fe	ok
3	D-gcc-tc	matrix-3d	9.386	228.80	2415919104	5	e0bb44ec0b8c878093bff8307da03316a00c102a16babcbc42ceb8ca6e4cf0fe	ok
3	E2-gcc-tc	matrix-3d	9.441	227.47	2415919104	5	e0bb44ec0b8c878093bff8307da03316a00c102a16babcbc42ceb8ca6e4cf0fe	ok
3	main-clang-stock	tree	4.304	498.98	2415919104	5	aaacf4808d9da670176f52ce3fa35924ce51d90d4fb24440308902b6302f92d4	ok
3	main-gcc-stock	tree	4.272	502.63	2415919104	5	aaacf4808d9da670176f52ce3fa35924ce51d90d4fb24440308902b6302f92d4	ok
3	D-clang-tc	tree	4.179	513.92	2415919104	5	aaacf4808d9da670176f52ce3fa35924ce51d90d4fb24440308902b6302f92d4	ok
3	E1-clang-tc-nobr	tree	4.167	515.37	2415919104	5	aaacf4808d9da670176f52ce3fa35924ce51d90d4fb24440308902b6302f92d4	ok
3	D-gcc-tc	tree	4.371	491.26	2415919104	5	aaacf4808d9da670176f52ce3fa35924ce51d90d4fb24440308902b6302f92d4	ok
3	E2-gcc-tc	tree	4.424	485.42	2415919104	5	aaacf4808d9da670176f52ce3fa35924ce51d90d4fb24440308902b6302f92d4	ok
3	main-clang-stock	malloc	7.217	297.58	2415919104	5	bc106f77f0341f5e4be9c92901b33c15b5007cb13195b0f0c68d678b1ed2a2cf	ok
3	main-gcc-stock	malloc	7.229	297.05	2415919104	5	bc106f77f0341f5e4be9c92901b33c15b5007cb13195b0f0c68d678b1ed2a2cf	ok
3	D-clang-tc	malloc	7.130	301.18	2415919104	5	bc106f77f0341f5e4be9c92901b33c15b5007cb13195b0f0c68d678b1ed2a2cf	ok
3	E1-clang-tc-nobr	malloc	7.178	299.16	2415919104	5	bc106f77f0341f5e4be9c92901b33c15b5007cb13195b0f0c68d678b1ed2a2cf	ok
3	D-gcc-tc	malloc	7.519	285.60	2415919104	5	bc106f77f0341f5e4be9c92901b33c15b5007cb13195b0f0c68d678b1ed2a2cf	ok
3	E2-gcc-tc	malloc	7.535	284.98	2415919104	5	bc106f77f0341f5e4be9c92901b33c15b5007cb13195b0f0c68d678b1ed2a2cf	ok
3	main-clang-stock	randlist	4.202	511.10	2415919104	5	ff2547c8dfc9c90e5eb6f65e14b3feda61f3dd85b0d465e351788800a850fd4a	ok
3	main-gcc-stock	randlist	3.724	576.69	2415919104	5	ff2547c8dfc9c90e5eb6f65e14b3feda61f3dd85b0d465e351788800a850fd4a	ok
3	D-clang-tc	randlist	3.771	569.45	2415919104	5	ff2547c8dfc9c90e5eb6f65e14b3feda61f3dd85b0d465e351788800a850fd4a	ok
3	E1-clang-tc-nobr	randlist	3.770	569.68	2415919104	5	ff2547c8dfc9c90e5eb6f65e14b3feda61f3dd85b0d465e351788800a850fd4a	ok
3	D-gcc-tc	randlist	3.801	564.99	2415919104	5	ff2547c8dfc9c90e5eb6f65e14b3feda61f3dd85b0d465e351788800a850fd4a	ok
3	E2-gcc-tc	randlist	3.822	561.83	2415919104	5	ff2547c8dfc9c90e5eb6f65e14b3feda61f3dd85b0d465e351788800a850fd4a	ok
1	main-clang-stock	qsort	2.709	792.63	2415919104	5	daad9b63b2013449fba5d90591787dff8817c65d0d9bc57a0d814d2ef4c712ab	ok
1	C-clang-stock	qsort	2.736	784.95	2415919104	5	daad9b63b2013449fba5d90591787dff8817c65d0d9bc57a0d814d2ef4c712ab	ok
1	D-clang-tc	qsort	2.592	828.50	2415919104	5	daad9b63b2013449fba5d90591787dff8817c65d0d9bc57a0d814d2ef4c712ab	ok
1	D-clang-tc-shell	qsort	2.644	812.18	2415919104	5	daad9b63b2013449fba5d90591787dff8817c65d0d9bc57a0d814d2ef4c712ab	ok
1	main-gcc-stock	qsort	2.668	804.90	2415919104	5	daad9b63b2013449fba5d90591787dff8817c65d0d9bc57a0d814d2ef4c712ab	ok
1	C-gcc-stock	qsort	2.706	793.59	2415919104	5	daad9b63b2013449fba5d90591787dff8817c65d0d9bc57a0d814d2ef4c712ab	ok
1	D-gcc-tc	qsort	2.682	800.69	2415919104	5	daad9b63b2013449fba5d90591787dff8817c65d0d9bc57a0d814d2ef4c712ab	ok
1	main-clang-stock	zlib	2.776	773.62	2415919104	5	be1e876889828625d023972c3bfc8e07f4fece5144eca0fec4b8468571920b5a	ok
1	C-clang-stock	zlib	2.781	772.17	2415919104	5	be1e876889828625d023972c3bfc8e07f4fece5144eca0fec4b8468571920b5a	ok
1	D-clang-tc	zlib	2.658	807.86	2415919104	5	be1e876889828625d023972c3bfc8e07f4fece5144eca0fec4b8468571920b5a	ok
1	D-clang-tc-shell	zlib	2.702	794.83	2415919104	5	be1e876889828625d023972c3bfc8e07f4fece5144eca0fec4b8468571920b5a	ok
1	main-gcc-stock	zlib	2.686	799.61	2415919104	5	be1e876889828625d023972c3bfc8e07f4fece5144eca0fec4b8468571920b5a	ok
1	C-gcc-stock	zlib	2.730	786.53	2415919104	5	be1e876889828625d023972c3bfc8e07f4fece5144eca0fec4b8468571920b5a	ok
1	D-gcc-tc	zlib	2.649	810.53	2415919104	5	be1e876889828625d023972c3bfc8e07f4fece5144eca0fec4b8468571920b5a	ok
1	main-clang-stock	hash	2.678	801.92	2415919104	5	7faadb95a5025daebfcb19715b698c3263c38de7907e186ca1daab75930291a9	ok
1	C-clang-stock	hash	2.684	800.06	2415919104	5	7faadb95a5025daebfcb19715b698c3263c38de7907e186ca1daab75930291a9	ok
1	D-clang-tc	hash	2.332	920.79	2415919104	5	7faadb95a5025daebfcb19715b698c3263c38de7907e186ca1daab75930291a9	ok
1	D-clang-tc-shell	hash	2.397	895.73	2415919104	5	7faadb95a5025daebfcb19715b698c3263c38de7907e186ca1daab75930291a9	ok
1	main-gcc-stock	hash	2.344	916.21	2415919104	5	7faadb95a5025daebfcb19715b698c3263c38de7907e186ca1daab75930291a9	ok
1	C-gcc-stock	hash	2.504	857.47	2415919104	5	7faadb95a5025daebfcb19715b698c3263c38de7907e186ca1daab75930291a9	ok
1	D-gcc-tc	hash	2.354	912.15	2415919104	5	7faadb95a5025daebfcb19715b698c3263c38de7907e186ca1daab75930291a9	ok
1	main-clang-stock	syscall	6.058	354.49	2415919104	5	42cec926ae99b5b2c0da4cf14907627c80ca32cc217e17c9c968a87a3f8695f2	ok
1	C-clang-stock	syscall	6.055	354.64	2415919104	5	42cec926ae99b5b2c0da4cf14907627c80ca32cc217e17c9c968a87a3f8695f2	ok
1	D-clang-tc	syscall	5.700	376.73	2415919104	5	42cec926ae99b5b2c0da4cf14907627c80ca32cc217e17c9c968a87a3f8695f2	ok
1	D-clang-tc-shell	syscall	5.833	368.13	2415919104	5	42cec926ae99b5b2c0da4cf14907627c80ca32cc217e17c9c968a87a3f8695f2	ok
1	main-gcc-stock	syscall	6.073	353.63	2415919104	5	42cec926ae99b5b2c0da4cf14907627c80ca32cc217e17c9c968a87a3f8695f2	ok
1	C-gcc-stock	syscall	6.315	340.08	2415919104	5	42cec926ae99b5b2c0da4cf14907627c80ca32cc217e17c9c968a87a3f8695f2	ok
1	D-gcc-tc	syscall	5.964	360.05	2415919104	5	42cec926ae99b5b2c0da4cf14907627c80ca32cc217e17c9c968a87a3f8695f2	ok
1	main-clang-stock	fp	2.798	767.38	2415919104	5	906dd97cb18890335374e13f06f11d3462076edd39a916310cd65dd5aafb45b7	ok
1	C-clang-stock	fp	2.823	760.70	2415919104	5	906dd97cb18890335374e13f06f11d3462076edd39a916310cd65dd5aafb45b7	ok
1	D-clang-tc	fp	2.372	905.53	2415919104	5	906dd97cb18890335374e13f06f11d3462076edd39a916310cd65dd5aafb45b7	ok
1	D-clang-tc-shell	fp	2.422	886.53	2415919104	5	906dd97cb18890335374e13f06f11d3462076edd39a916310cd65dd5aafb45b7	ok
1	main-gcc-stock	fp	2.457	874.20	2415919104	5	906dd97cb18890335374e13f06f11d3462076edd39a916310cd65dd5aafb45b7	ok
1	C-gcc-stock	fp	2.656	808.56	2415919104	5	906dd97cb18890335374e13f06f11d3462076edd39a916310cd65dd5aafb45b7	ok
1	D-gcc-tc	fp	2.448	877.31	2415919104	5	906dd97cb18890335374e13f06f11d3462076edd39a916310cd65dd5aafb45b7	ok
1	main-clang-stock	nop	1.324	1622.10	2415919104	5	da57556b7bc3bfb3034f0e46a44731597514065f16bb82552863d1f9e3d8922b	ok
1	C-clang-stock	nop	1.324	1621.36	2415919104	5	da57556b7bc3bfb3034f0e46a44731597514065f16bb82552863d1f9e3d8922b	ok
1	D-clang-tc	nop	1.030	2085.01	2415919104	5	da57556b7bc3bfb3034f0e46a44731597514065f16bb82552863d1f9e3d8922b	ok
1	D-clang-tc-shell	nop	1.042	2061.02	2415919104	5	da57556b7bc3bfb3034f0e46a44731597514065f16bb82552863d1f9e3d8922b	ok
1	main-gcc-stock	nop	1.278	1680.60	2415919104	5	da57556b7bc3bfb3034f0e46a44731597514065f16bb82552863d1f9e3d8922b	ok
1	C-gcc-stock	nop	1.354	1585.53	2415919104	5	da57556b7bc3bfb3034f0e46a44731597514065f16bb82552863d1f9e3d8922b	ok
1	D-gcc-tc	nop	1.316	1631.59	2415919104	5	da57556b7bc3bfb3034f0e46a44731597514065f16bb82552863d1f9e3d8922b	ok
1	main-clang-stock	regs	1.821	1179.07	2415919104	5	8046902ef45b574fa0d049b88f703123dc1dc6906940453019f5439d19dea791	ok
1	C-clang-stock	regs	1.888	1137.14	2415919104	5	8046902ef45b574fa0d049b88f703123dc1dc6906940453019f5439d19dea791	ok
1	D-clang-tc	regs	1.527	1406.34	2415919104	5	8046902ef45b574fa0d049b88f703123dc1dc6906940453019f5439d19dea791	ok
1	D-clang-tc-shell	regs	1.483	1447.73	2415919104	5	8046902ef45b574fa0d049b88f703123dc1dc6906940453019f5439d19dea791	ok
1	main-gcc-stock	regs	1.761	1219.22	2415919104	5	8046902ef45b574fa0d049b88f703123dc1dc6906940453019f5439d19dea791	ok
1	C-gcc-stock	regs	1.804	1190.43	2415919104	5	8046902ef45b574fa0d049b88f703123dc1dc6906940453019f5439d19dea791	ok
1	D-gcc-tc	regs	1.807	1188.17	2415919104	5	8046902ef45b574fa0d049b88f703123dc1dc6906940453019f5439d19dea791	ok
1	main-clang-stock	cpu	3.752	572.41	2415919104	5	eb324f1c6c0ea8e673c7ec829a4f55d0c80fd4c2ac098b6823a35cde5682c4a5	ok
1	C-clang-stock	cpu	3.750	572.73	2415919104	5	eb324f1c6c0ea8e673c7ec829a4f55d0c80fd4c2ac098b6823a35cde5682c4a5	ok
1	D-clang-tc	cpu	3.315	647.79	2415919104	5	eb324f1c6c0ea8e673c7ec829a4f55d0c80fd4c2ac098b6823a35cde5682c4a5	ok
1	D-clang-tc-shell	cpu	3.403	631.02	2415919104	5	eb324f1c6c0ea8e673c7ec829a4f55d0c80fd4c2ac098b6823a35cde5682c4a5	ok
1	main-gcc-stock	cpu	3.544	606.00	2415919104	5	eb324f1c6c0ea8e673c7ec829a4f55d0c80fd4c2ac098b6823a35cde5682c4a5	ok
1	C-gcc-stock	cpu	3.698	580.76	2415919104	5	eb324f1c6c0ea8e673c7ec829a4f55d0c80fd4c2ac098b6823a35cde5682c4a5	ok
1	D-gcc-tc	cpu	3.515	610.94	2415919104	5	eb324f1c6c0ea8e673c7ec829a4f55d0c80fd4c2ac098b6823a35cde5682c4a5	ok
1	main-clang-stock	crypt	3.145	682.77	2415919104	5	075ad5f3bef8aaa9bd8daae921884aff4a4c30187ed0bdb9fd30959f75e2709b	ok
1	C-clang-stock	crypt	3.205	670.07	2415919104	5	075ad5f3bef8aaa9bd8daae921884aff4a4c30187ed0bdb9fd30959f75e2709b	ok
1	D-clang-tc	crypt	2.785	771.17	2415919104	5	075ad5f3bef8aaa9bd8daae921884aff4a4c30187ed0bdb9fd30959f75e2709b	ok
1	D-clang-tc-shell	crypt	2.895	741.90	2415919104	5	075ad5f3bef8aaa9bd8daae921884aff4a4c30187ed0bdb9fd30959f75e2709b	ok
1	main-gcc-stock	crypt	3.086	695.97	2415919104	5	075ad5f3bef8aaa9bd8daae921884aff4a4c30187ed0bdb9fd30959f75e2709b	ok
1	C-gcc-stock	crypt	3.035	707.64	2415919104	5	075ad5f3bef8aaa9bd8daae921884aff4a4c30187ed0bdb9fd30959f75e2709b	ok
1	D-gcc-tc	crypt	3.120	688.24	2415919104	5	075ad5f3bef8aaa9bd8daae921884aff4a4c30187ed0bdb9fd30959f75e2709b	ok
1	main-clang-stock	memcpy	2.227	964.51	2415919104	5	958a3598adc13ecab81628febb41a80775a56c2227b74cbf0a455c0d064f6dd2	ok
1	C-clang-stock	memcpy	2.228	963.73	2415919104	5	958a3598adc13ecab81628febb41a80775a56c2227b74cbf0a455c0d064f6dd2	ok
1	D-clang-tc	memcpy	2.217	968.62	2415919104	5	958a3598adc13ecab81628febb41a80775a56c2227b74cbf0a455c0d064f6dd2	ok
1	D-clang-tc-shell	memcpy	2.318	926.38	2415919104	5	958a3598adc13ecab81628febb41a80775a56c2227b74cbf0a455c0d064f6dd2	ok
1	main-gcc-stock	memcpy	2.227	964.45	2415919104	5	958a3598adc13ecab81628febb41a80775a56c2227b74cbf0a455c0d064f6dd2	ok
1	C-gcc-stock	memcpy	2.237	959.85	2415919104	5	958a3598adc13ecab81628febb41a80775a56c2227b74cbf0a455c0d064f6dd2	ok
1	D-gcc-tc	memcpy	2.240	958.76	2415919104	5	958a3598adc13ecab81628febb41a80775a56c2227b74cbf0a455c0d064f6dd2	ok
1	main-clang-stock	branch	2.578	833.08	2415919104	5	3bb926ddc35a9ca8bdc7f6dfe2c84757cc27a07ceb7ed7637ddd3e5969b40e8c	ok
1	C-clang-stock	branch	2.569	835.77	2415919104	5	3bb926ddc35a9ca8bdc7f6dfe2c84757cc27a07ceb7ed7637ddd3e5969b40e8c	ok
1	D-clang-tc	branch	2.094	1025.43	2415919104	5	3bb926ddc35a9ca8bdc7f6dfe2c84757cc27a07ceb7ed7637ddd3e5969b40e8c	ok
1	D-clang-tc-shell	branch	2.120	1012.88	2415919104	5	3bb926ddc35a9ca8bdc7f6dfe2c84757cc27a07ceb7ed7637ddd3e5969b40e8c	ok
1	main-gcc-stock	branch	2.271	945.72	2415919104	5	3bb926ddc35a9ca8bdc7f6dfe2c84757cc27a07ceb7ed7637ddd3e5969b40e8c	ok
1	C-gcc-stock	branch	2.363	908.90	2415919104	5	3bb926ddc35a9ca8bdc7f6dfe2c84757cc27a07ceb7ed7637ddd3e5969b40e8c	ok
1	D-gcc-tc	branch	2.323	924.41	2415919104	5	3bb926ddc35a9ca8bdc7f6dfe2c84757cc27a07ceb7ed7637ddd3e5969b40e8c	ok
1	main-clang-stock	heapsort	2.560	838.76	2415919104	5	a01ab4e7ef8c8decb06055977002f5b5da8aeb3fa95049718b71a92d1d517adf	ok
1	C-clang-stock	heapsort	2.560	838.97	2415919104	5	a01ab4e7ef8c8decb06055977002f5b5da8aeb3fa95049718b71a92d1d517adf	ok
1	D-clang-tc	heapsort	2.437	881.25	2415919104	5	a01ab4e7ef8c8decb06055977002f5b5da8aeb3fa95049718b71a92d1d517adf	ok
1	D-clang-tc-shell	heapsort	2.500	859.14	2415919104	5	a01ab4e7ef8c8decb06055977002f5b5da8aeb3fa95049718b71a92d1d517adf	ok
1	main-gcc-stock	heapsort	2.475	867.57	2415919104	5	a01ab4e7ef8c8decb06055977002f5b5da8aeb3fa95049718b71a92d1d517adf	ok
1	C-gcc-stock	heapsort	2.535	847.04	2415919104	5	a01ab4e7ef8c8decb06055977002f5b5da8aeb3fa95049718b71a92d1d517adf	ok
1	D-gcc-tc	heapsort	2.494	861.00	2415919104	5	a01ab4e7ef8c8decb06055977002f5b5da8aeb3fa95049718b71a92d1d517adf	ok
1	main-clang-stock	tsearch	3.992	538.00	2415919104	5	35451ee71307997f2b1b494651a5fbd4257517350c84a0a993817a6e38fc713b	ok
1	C-clang-stock	tsearch	4.039	531.68	2415919104	5	35451ee71307997f2b1b494651a5fbd4257517350c84a0a993817a6e38fc713b	ok
1	D-clang-tc	tsearch	3.812	563.29	2415919104	5	35451ee71307997f2b1b494651a5fbd4257517350c84a0a993817a6e38fc713b	ok
1	D-clang-tc-shell	tsearch	3.869	555.06	2415919104	5	35451ee71307997f2b1b494651a5fbd4257517350c84a0a993817a6e38fc713b	ok
1	main-gcc-stock	tsearch	3.899	550.78	2415919104	5	35451ee71307997f2b1b494651a5fbd4257517350c84a0a993817a6e38fc713b	ok
1	C-gcc-stock	tsearch	4.050	530.28	2415919104	5	35451ee71307997f2b1b494651a5fbd4257517350c84a0a993817a6e38fc713b	ok
1	D-gcc-tc	tsearch	4.008	535.83	2415919104	5	35451ee71307997f2b1b494651a5fbd4257517350c84a0a993817a6e38fc713b	ok
1	main-clang-stock	matrix-3d	9.686	221.71	2415919104	5	e0bb44ec0b8c878093bff8307da03316a00c102a16babcbc42ceb8ca6e4cf0fe	ok
1	C-clang-stock	matrix-3d	9.679	221.88	2415919104	5	e0bb44ec0b8c878093bff8307da03316a00c102a16babcbc42ceb8ca6e4cf0fe	ok
1	D-clang-tc	matrix-3d	9.692	221.58	2415919104	5	e0bb44ec0b8c878093bff8307da03316a00c102a16babcbc42ceb8ca6e4cf0fe	ok
1	D-clang-tc-shell	matrix-3d	9.721	220.91	2415919104	5	e0bb44ec0b8c878093bff8307da03316a00c102a16babcbc42ceb8ca6e4cf0fe	ok
1	main-gcc-stock	matrix-3d	9.273	231.57	2415919104	5	e0bb44ec0b8c878093bff8307da03316a00c102a16babcbc42ceb8ca6e4cf0fe	ok
1	C-gcc-stock	matrix-3d	9.642	222.72	2415919104	5	e0bb44ec0b8c878093bff8307da03316a00c102a16babcbc42ceb8ca6e4cf0fe	ok
1	D-gcc-tc	matrix-3d	9.404	228.36	2415919104	5	e0bb44ec0b8c878093bff8307da03316a00c102a16babcbc42ceb8ca6e4cf0fe	ok
1	main-clang-stock	tree	4.352	493.42	2415919104	5	aaacf4808d9da670176f52ce3fa35924ce51d90d4fb24440308902b6302f92d4	ok
1	C-clang-stock	tree	4.316	497.58	2415919104	5	aaacf4808d9da670176f52ce3fa35924ce51d90d4fb24440308902b6302f92d4	ok
1	D-clang-tc	tree	4.163	515.85	2415919104	5	aaacf4808d9da670176f52ce3fa35924ce51d90d4fb24440308902b6302f92d4	ok
1	D-clang-tc-shell	tree	4.258	504.31	2415919104	5	aaacf4808d9da670176f52ce3fa35924ce51d90d4fb24440308902b6302f92d4	ok
1	main-gcc-stock	tree	4.267	503.28	2415919104	5	aaacf4808d9da670176f52ce3fa35924ce51d90d4fb24440308902b6302f92d4	ok
1	C-gcc-stock	tree	4.377	490.65	2415919104	5	aaacf4808d9da670176f52ce3fa35924ce51d90d4fb24440308902b6302f92d4	ok
1	D-gcc-tc	tree	4.377	490.64	2415919104	5	aaacf4808d9da670176f52ce3fa35924ce51d90d4fb24440308902b6302f92d4	ok
1	main-clang-stock	malloc	7.256	295.96	2415919104	5	bc106f77f0341f5e4be9c92901b33c15b5007cb13195b0f0c68d678b1ed2a2cf	ok
1	C-clang-stock	malloc	7.215	297.65	2415919104	5	bc106f77f0341f5e4be9c92901b33c15b5007cb13195b0f0c68d678b1ed2a2cf	ok
1	D-clang-tc	malloc	7.114	301.88	2415919104	5	bc106f77f0341f5e4be9c92901b33c15b5007cb13195b0f0c68d678b1ed2a2cf	ok
1	D-clang-tc-shell	malloc	7.284	294.83	2415919104	5	bc106f77f0341f5e4be9c92901b33c15b5007cb13195b0f0c68d678b1ed2a2cf	ok
1	main-gcc-stock	malloc	7.237	296.72	2415919104	5	bc106f77f0341f5e4be9c92901b33c15b5007cb13195b0f0c68d678b1ed2a2cf	ok
1	C-gcc-stock	malloc	7.493	286.61	2415919104	5	bc106f77f0341f5e4be9c92901b33c15b5007cb13195b0f0c68d678b1ed2a2cf	ok
1	D-gcc-tc	malloc	7.494	286.54	2415919104	5	bc106f77f0341f5e4be9c92901b33c15b5007cb13195b0f0c68d678b1ed2a2cf	ok
1	main-clang-stock	randlist	4.173	514.56	2415919104	5	ff2547c8dfc9c90e5eb6f65e14b3feda61f3dd85b0d465e351788800a850fd4a	ok
1	C-clang-stock	randlist	4.182	513.47	2415919104	5	ff2547c8dfc9c90e5eb6f65e14b3feda61f3dd85b0d465e351788800a850fd4a	ok
1	D-clang-tc	randlist	3.759	571.34	2415919104	5	ff2547c8dfc9c90e5eb6f65e14b3feda61f3dd85b0d465e351788800a850fd4a	ok
1	D-clang-tc-shell	randlist	3.848	558.13	2415919104	5	ff2547c8dfc9c90e5eb6f65e14b3feda61f3dd85b0d465e351788800a850fd4a	ok
1	main-gcc-stock	randlist	3.734	575.08	2415919104	5	ff2547c8dfc9c90e5eb6f65e14b3feda61f3dd85b0d465e351788800a850fd4a	ok
1	C-gcc-stock	randlist	4.198	511.49	2415919104	5	ff2547c8dfc9c90e5eb6f65e14b3feda61f3dd85b0d465e351788800a850fd4a	ok
1	D-gcc-tc	randlist	3.817	562.63	2415919104	5	ff2547c8dfc9c90e5eb6f65e14b3feda61f3dd85b0d465e351788800a850fd4a	ok
2	main-clang-stock	qsort	2.718	790.15	2415919104	5	daad9b63b2013449fba5d90591787dff8817c65d0d9bc57a0d814d2ef4c712ab	ok
2	C-clang-stock	qsort	2.739	784.04	2415919104	5	daad9b63b2013449fba5d90591787dff8817c65d0d9bc57a0d814d2ef4c712ab	ok
2	D-clang-tc	qsort	2.603	825.05	2415919104	5	daad9b63b2013449fba5d90591787dff8817c65d0d9bc57a0d814d2ef4c712ab	ok
2	D-clang-tc-shell	qsort	2.644	812.32	2415919104	5	daad9b63b2013449fba5d90591787dff8817c65d0d9bc57a0d814d2ef4c712ab	ok
2	main-gcc-stock	qsort	2.708	793.15	2415919104	5	daad9b63b2013449fba5d90591787dff8817c65d0d9bc57a0d814d2ef4c712ab	ok
2	C-gcc-stock	qsort	2.680	801.44	2415919104	5	daad9b63b2013449fba5d90591787dff8817c65d0d9bc57a0d814d2ef4c712ab	ok
2	D-gcc-tc	qsort	2.684	800.08	2415919104	5	daad9b63b2013449fba5d90591787dff8817c65d0d9bc57a0d814d2ef4c712ab	ok
2	main-clang-stock	zlib	2.786	770.85	2415919104	5	be1e876889828625d023972c3bfc8e07f4fece5144eca0fec4b8468571920b5a	ok
2	C-clang-stock	zlib	2.785	771.01	2415919104	5	be1e876889828625d023972c3bfc8e07f4fece5144eca0fec4b8468571920b5a	ok
2	D-clang-tc	zlib	2.659	807.76	2415919104	5	be1e876889828625d023972c3bfc8e07f4fece5144eca0fec4b8468571920b5a	ok
2	D-clang-tc-shell	zlib	2.706	793.66	2415919104	5	be1e876889828625d023972c3bfc8e07f4fece5144eca0fec4b8468571920b5a	ok
2	main-gcc-stock	zlib	2.689	798.51	2415919104	5	be1e876889828625d023972c3bfc8e07f4fece5144eca0fec4b8468571920b5a	ok
2	C-gcc-stock	zlib	2.734	785.41	2415919104	5	be1e876889828625d023972c3bfc8e07f4fece5144eca0fec4b8468571920b5a	ok
2	D-gcc-tc	zlib	2.652	809.88	2415919104	5	be1e876889828625d023972c3bfc8e07f4fece5144eca0fec4b8468571920b5a	ok
2	main-clang-stock	hash	2.677	802.17	2415919104	5	7faadb95a5025daebfcb19715b698c3263c38de7907e186ca1daab75930291a9	ok
2	C-clang-stock	hash	2.684	800.11	2415919104	5	7faadb95a5025daebfcb19715b698c3263c38de7907e186ca1daab75930291a9	ok
2	D-clang-tc	hash	2.331	921.44	2415919104	5	7faadb95a5025daebfcb19715b698c3263c38de7907e186ca1daab75930291a9	ok
2	D-clang-tc-shell	hash	2.399	895.26	2415919104	5	7faadb95a5025daebfcb19715b698c3263c38de7907e186ca1daab75930291a9	ok
2	main-gcc-stock	hash	2.358	910.79	2415919104	5	7faadb95a5025daebfcb19715b698c3263c38de7907e186ca1daab75930291a9	ok
2	C-gcc-stock	hash	2.503	858.04	2415919104	5	7faadb95a5025daebfcb19715b698c3263c38de7907e186ca1daab75930291a9	ok
2	D-gcc-tc	hash	2.353	912.64	2415919104	5	7faadb95a5025daebfcb19715b698c3263c38de7907e186ca1daab75930291a9	ok
2	main-clang-stock	syscall	6.086	352.86	2415919104	5	42cec926ae99b5b2c0da4cf14907627c80ca32cc217e17c9c968a87a3f8695f2	ok
2	C-clang-stock	syscall	6.055	354.64	2415919104	5	42cec926ae99b5b2c0da4cf14907627c80ca32cc217e17c9c968a87a3f8695f2	ok
2	D-clang-tc	syscall	5.705	376.40	2415919104	5	42cec926ae99b5b2c0da4cf14907627c80ca32cc217e17c9c968a87a3f8695f2	ok
2	D-clang-tc-shell	syscall	5.834	368.10	2415919104	5	42cec926ae99b5b2c0da4cf14907627c80ca32cc217e17c9c968a87a3f8695f2	ok
2	main-gcc-stock	syscall	6.051	354.92	2415919104	5	42cec926ae99b5b2c0da4cf14907627c80ca32cc217e17c9c968a87a3f8695f2	ok
2	C-gcc-stock	syscall	6.306	340.55	2415919104	5	42cec926ae99b5b2c0da4cf14907627c80ca32cc217e17c9c968a87a3f8695f2	ok
2	D-gcc-tc	syscall	6.017	356.90	2415919104	5	42cec926ae99b5b2c0da4cf14907627c80ca32cc217e17c9c968a87a3f8695f2	ok
2	main-clang-stock	fp	2.801	766.75	2415919104	5	906dd97cb18890335374e13f06f11d3462076edd39a916310cd65dd5aafb45b7	ok
2	C-clang-stock	fp	2.817	762.43	2415919104	5	906dd97cb18890335374e13f06f11d3462076edd39a916310cd65dd5aafb45b7	ok
2	D-clang-tc	fp	2.389	899.05	2415919104	5	906dd97cb18890335374e13f06f11d3462076edd39a916310cd65dd5aafb45b7	ok
2	D-clang-tc-shell	fp	2.419	887.83	2415919104	5	906dd97cb18890335374e13f06f11d3462076edd39a916310cd65dd5aafb45b7	ok
2	main-gcc-stock	fp	2.435	881.80	2415919104	5	906dd97cb18890335374e13f06f11d3462076edd39a916310cd65dd5aafb45b7	ok
2	C-gcc-stock	fp	2.679	801.71	2415919104	5	906dd97cb18890335374e13f06f11d3462076edd39a916310cd65dd5aafb45b7	ok
2	D-gcc-tc	fp	2.458	873.80	2415919104	5	906dd97cb18890335374e13f06f11d3462076edd39a916310cd65dd5aafb45b7	ok
2	main-clang-stock	nop	1.324	1621.92	2415919104	5	da57556b7bc3bfb3034f0e46a44731597514065f16bb82552863d1f9e3d8922b	ok
2	C-clang-stock	nop	1.324	1621.75	2415919104	5	da57556b7bc3bfb3034f0e46a44731597514065f16bb82552863d1f9e3d8922b	ok
2	D-clang-tc	nop	1.030	2084.93	2415919104	5	da57556b7bc3bfb3034f0e46a44731597514065f16bb82552863d1f9e3d8922b	ok
2	D-clang-tc-shell	nop	1.042	2060.22	2415919104	5	da57556b7bc3bfb3034f0e46a44731597514065f16bb82552863d1f9e3d8922b	ok
2	main-gcc-stock	nop	1.278	1679.77	2415919104	5	da57556b7bc3bfb3034f0e46a44731597514065f16bb82552863d1f9e3d8922b	ok
2	C-gcc-stock	nop	1.357	1582.94	2415919104	5	da57556b7bc3bfb3034f0e46a44731597514065f16bb82552863d1f9e3d8922b	ok
2	D-gcc-tc	nop	1.317	1631.01	2415919104	5	da57556b7bc3bfb3034f0e46a44731597514065f16bb82552863d1f9e3d8922b	ok
2	main-clang-stock	regs	1.822	1178.78	2415919104	5	8046902ef45b574fa0d049b88f703123dc1dc6906940453019f5439d19dea791	ok
2	C-clang-stock	regs	1.830	1173.75	2415919104	5	8046902ef45b574fa0d049b88f703123dc1dc6906940453019f5439d19dea791	ok
2	D-clang-tc	regs	1.538	1396.50	2415919104	5	8046902ef45b574fa0d049b88f703123dc1dc6906940453019f5439d19dea791	ok
2	D-clang-tc-shell	regs	1.497	1434.37	2415919104	5	8046902ef45b574fa0d049b88f703123dc1dc6906940453019f5439d19dea791	ok
2	main-gcc-stock	regs	1.762	1218.84	2415919104	5	8046902ef45b574fa0d049b88f703123dc1dc6906940453019f5439d19dea791	ok
2	C-gcc-stock	regs	1.801	1192.26	2415919104	5	8046902ef45b574fa0d049b88f703123dc1dc6906940453019f5439d19dea791	ok
2	D-gcc-tc	regs	1.810	1186.73	2415919104	5	8046902ef45b574fa0d049b88f703123dc1dc6906940453019f5439d19dea791	ok
2	main-clang-stock	cpu	3.745	573.37	2415919104	5	eb324f1c6c0ea8e673c7ec829a4f55d0c80fd4c2ac098b6823a35cde5682c4a5	ok
2	C-clang-stock	cpu	3.749	572.84	2415919104	5	eb324f1c6c0ea8e673c7ec829a4f55d0c80fd4c2ac098b6823a35cde5682c4a5	ok
2	D-clang-tc	cpu	3.308	649.25	2415919104	5	eb324f1c6c0ea8e673c7ec829a4f55d0c80fd4c2ac098b6823a35cde5682c4a5	ok
2	D-clang-tc-shell	cpu	3.421	627.75	2415919104	5	eb324f1c6c0ea8e673c7ec829a4f55d0c80fd4c2ac098b6823a35cde5682c4a5	ok
2	main-gcc-stock	cpu	3.538	606.90	2415919104	5	eb324f1c6c0ea8e673c7ec829a4f55d0c80fd4c2ac098b6823a35cde5682c4a5	ok
2	C-gcc-stock	cpu	3.719	577.49	2415919104	5	eb324f1c6c0ea8e673c7ec829a4f55d0c80fd4c2ac098b6823a35cde5682c4a5	ok
2	D-gcc-tc	cpu	3.494	614.57	2415919104	5	eb324f1c6c0ea8e673c7ec829a4f55d0c80fd4c2ac098b6823a35cde5682c4a5	ok
2	main-clang-stock	crypt	3.142	683.42	2415919104	5	075ad5f3bef8aaa9bd8daae921884aff4a4c30187ed0bdb9fd30959f75e2709b	ok
2	C-clang-stock	crypt	3.202	670.69	2415919104	5	075ad5f3bef8aaa9bd8daae921884aff4a4c30187ed0bdb9fd30959f75e2709b	ok
2	D-clang-tc	crypt	2.775	773.90	2415919104	5	075ad5f3bef8aaa9bd8daae921884aff4a4c30187ed0bdb9fd30959f75e2709b	ok
2	D-clang-tc-shell	crypt	2.899	740.82	2415919104	5	075ad5f3bef8aaa9bd8daae921884aff4a4c30187ed0bdb9fd30959f75e2709b	ok
2	main-gcc-stock	crypt	2.970	723.04	2415919104	5	075ad5f3bef8aaa9bd8daae921884aff4a4c30187ed0bdb9fd30959f75e2709b	ok
2	C-gcc-stock	crypt	3.037	707.03	2415919104	5	075ad5f3bef8aaa9bd8daae921884aff4a4c30187ed0bdb9fd30959f75e2709b	ok
2	D-gcc-tc	crypt	3.115	689.45	2415919104	5	075ad5f3bef8aaa9bd8daae921884aff4a4c30187ed0bdb9fd30959f75e2709b	ok
2	main-clang-stock	memcpy	2.235	960.87	2415919104	5	958a3598adc13ecab81628febb41a80775a56c2227b74cbf0a455c0d064f6dd2	ok
2	C-clang-stock	memcpy	2.230	962.94	2415919104	5	958a3598adc13ecab81628febb41a80775a56c2227b74cbf0a455c0d064f6dd2	ok
2	D-clang-tc	memcpy	2.216	968.94	2415919104	5	958a3598adc13ecab81628febb41a80775a56c2227b74cbf0a455c0d064f6dd2	ok
2	D-clang-tc-shell	memcpy	2.319	926.00	2415919104	5	958a3598adc13ecab81628febb41a80775a56c2227b74cbf0a455c0d064f6dd2	ok
2	main-gcc-stock	memcpy	2.226	964.85	2415919104	5	958a3598adc13ecab81628febb41a80775a56c2227b74cbf0a455c0d064f6dd2	ok
2	C-gcc-stock	memcpy	2.252	953.79	2415919104	5	958a3598adc13ecab81628febb41a80775a56c2227b74cbf0a455c0d064f6dd2	ok
2	D-gcc-tc	memcpy	2.240	958.60	2415919104	5	958a3598adc13ecab81628febb41a80775a56c2227b74cbf0a455c0d064f6dd2	ok
2	main-clang-stock	branch	2.578	832.96	2415919104	5	3bb926ddc35a9ca8bdc7f6dfe2c84757cc27a07ceb7ed7637ddd3e5969b40e8c	ok
2	C-clang-stock	branch	2.548	842.69	2415919104	5	3bb926ddc35a9ca8bdc7f6dfe2c84757cc27a07ceb7ed7637ddd3e5969b40e8c	ok
2	D-clang-tc	branch	2.094	1025.34	2415919104	5	3bb926ddc35a9ca8bdc7f6dfe2c84757cc27a07ceb7ed7637ddd3e5969b40e8c	ok
2	D-clang-tc-shell	branch	2.116	1014.89	2415919104	5	3bb926ddc35a9ca8bdc7f6dfe2c84757cc27a07ceb7ed7637ddd3e5969b40e8c	ok
2	main-gcc-stock	branch	2.259	950.51	2415919104	5	3bb926ddc35a9ca8bdc7f6dfe2c84757cc27a07ceb7ed7637ddd3e5969b40e8c	ok
2	C-gcc-stock	branch	2.359	910.47	2415919104	5	3bb926ddc35a9ca8bdc7f6dfe2c84757cc27a07ceb7ed7637ddd3e5969b40e8c	ok
2	D-gcc-tc	branch	2.324	924.12	2415919104	5	3bb926ddc35a9ca8bdc7f6dfe2c84757cc27a07ceb7ed7637ddd3e5969b40e8c	ok
2	main-clang-stock	heapsort	2.565	837.34	2415919104	5	a01ab4e7ef8c8decb06055977002f5b5da8aeb3fa95049718b71a92d1d517adf	ok
2	C-clang-stock	heapsort	2.556	840.15	2415919104	5	a01ab4e7ef8c8decb06055977002f5b5da8aeb3fa95049718b71a92d1d517adf	ok
2	D-clang-tc	heapsort	2.437	881.30	2415919104	5	a01ab4e7ef8c8decb06055977002f5b5da8aeb3fa95049718b71a92d1d517adf	ok
2	D-clang-tc-shell	heapsort	2.503	857.93	2415919104	5	a01ab4e7ef8c8decb06055977002f5b5da8aeb3fa95049718b71a92d1d517adf	ok
2	main-gcc-stock	heapsort	2.469	869.78	2415919104	5	a01ab4e7ef8c8decb06055977002f5b5da8aeb3fa95049718b71a92d1d517adf	ok
2	C-gcc-stock	heapsort	2.520	852.17	2415919104	5	a01ab4e7ef8c8decb06055977002f5b5da8aeb3fa95049718b71a92d1d517adf	ok
2	D-gcc-tc	heapsort	2.499	859.47	2415919104	5	a01ab4e7ef8c8decb06055977002f5b5da8aeb3fa95049718b71a92d1d517adf	ok
2	main-clang-stock	tsearch	4.047	530.70	2415919104	5	35451ee71307997f2b1b494651a5fbd4257517350c84a0a993817a6e38fc713b	ok
2	C-clang-stock	tsearch	4.010	535.47	2415919104	5	35451ee71307997f2b1b494651a5fbd4257517350c84a0a993817a6e38fc713b	ok
2	D-clang-tc	tsearch	3.794	566.02	2415919104	5	35451ee71307997f2b1b494651a5fbd4257517350c84a0a993817a6e38fc713b	ok
2	D-clang-tc-shell	tsearch	3.869	555.00	2415919104	5	35451ee71307997f2b1b494651a5fbd4257517350c84a0a993817a6e38fc713b	ok
2	main-gcc-stock	tsearch	3.925	547.08	2415919104	5	35451ee71307997f2b1b494651a5fbd4257517350c84a0a993817a6e38fc713b	ok
2	C-gcc-stock	tsearch	4.021	534.12	2415919104	5	35451ee71307997f2b1b494651a5fbd4257517350c84a0a993817a6e38fc713b	ok
2	D-gcc-tc	tsearch	3.993	537.85	2415919104	5	35451ee71307997f2b1b494651a5fbd4257517350c84a0a993817a6e38fc713b	ok
2	main-clang-stock	matrix-3d	9.693	221.55	2415919104	5	e0bb44ec0b8c878093bff8307da03316a00c102a16babcbc42ceb8ca6e4cf0fe	ok
2	C-clang-stock	matrix-3d	9.671	222.05	2415919104	5	e0bb44ec0b8c878093bff8307da03316a00c102a16babcbc42ceb8ca6e4cf0fe	ok
2	D-clang-tc	matrix-3d	9.685	221.73	2415919104	5	e0bb44ec0b8c878093bff8307da03316a00c102a16babcbc42ceb8ca6e4cf0fe	ok
2	D-clang-tc-shell	matrix-3d	9.719	220.96	2415919104	5	e0bb44ec0b8c878093bff8307da03316a00c102a16babcbc42ceb8ca6e4cf0fe	ok
2	main-gcc-stock	matrix-3d	9.272	231.61	2415919104	5	e0bb44ec0b8c878093bff8307da03316a00c102a16babcbc42ceb8ca6e4cf0fe	ok
2	C-gcc-stock	matrix-3d	9.755	220.15	2415919104	5	e0bb44ec0b8c878093bff8307da03316a00c102a16babcbc42ceb8ca6e4cf0fe	ok
2	D-gcc-tc	matrix-3d	9.401	228.42	2415919104	5	e0bb44ec0b8c878093bff8307da03316a00c102a16babcbc42ceb8ca6e4cf0fe	ok
2	main-clang-stock	tree	4.316	497.56	2415919104	5	aaacf4808d9da670176f52ce3fa35924ce51d90d4fb24440308902b6302f92d4	ok
2	C-clang-stock	tree	4.326	496.45	2415919104	5	aaacf4808d9da670176f52ce3fa35924ce51d90d4fb24440308902b6302f92d4	ok
2	D-clang-tc	tree	4.162	516.03	2415919104	5	aaacf4808d9da670176f52ce3fa35924ce51d90d4fb24440308902b6302f92d4	ok
2	D-clang-tc-shell	tree	4.272	502.74	2415919104	5	aaacf4808d9da670176f52ce3fa35924ce51d90d4fb24440308902b6302f92d4	ok
2	main-gcc-stock	tree	4.255	504.73	2415919104	5	aaacf4808d9da670176f52ce3fa35924ce51d90d4fb24440308902b6302f92d4	ok
2	C-gcc-stock	tree	4.379	490.37	2415919104	5	aaacf4808d9da670176f52ce3fa35924ce51d90d4fb24440308902b6302f92d4	ok
2	D-gcc-tc	tree	4.400	488.04	2415919104	5	aaacf4808d9da670176f52ce3fa35924ce51d90d4fb24440308902b6302f92d4	ok
2	main-clang-stock	malloc	7.270	295.38	2415919104	5	bc106f77f0341f5e4be9c92901b33c15b5007cb13195b0f0c68d678b1ed2a2cf	ok
2	C-clang-stock	malloc	7.260	295.80	2415919104	5	bc106f77f0341f5e4be9c92901b33c15b5007cb13195b0f0c68d678b1ed2a2cf	ok
2	D-clang-tc	malloc	6.956	308.71	2415919104	5	bc106f77f0341f5e4be9c92901b33c15b5007cb13195b0f0c68d678b1ed2a2cf	ok
2	D-clang-tc-shell	malloc	7.123	301.49	2415919104	5	bc106f77f0341f5e4be9c92901b33c15b5007cb13195b0f0c68d678b1ed2a2cf	ok
2	main-gcc-stock	malloc	7.229	297.05	2415919104	5	bc106f77f0341f5e4be9c92901b33c15b5007cb13195b0f0c68d678b1ed2a2cf	ok
2	C-gcc-stock	malloc	7.501	286.28	2415919104	5	bc106f77f0341f5e4be9c92901b33c15b5007cb13195b0f0c68d678b1ed2a2cf	ok
2	D-gcc-tc	malloc	7.420	289.44	2415919104	5	bc106f77f0341f5e4be9c92901b33c15b5007cb13195b0f0c68d678b1ed2a2cf	ok
2	main-clang-stock	randlist	4.185	513.11	2415919104	5	ff2547c8dfc9c90e5eb6f65e14b3feda61f3dd85b0d465e351788800a850fd4a	ok
2	C-clang-stock	randlist	4.187	512.93	2415919104	5	ff2547c8dfc9c90e5eb6f65e14b3feda61f3dd85b0d465e351788800a850fd4a	ok
2	D-clang-tc	randlist	3.730	575.72	2415919104	5	ff2547c8dfc9c90e5eb6f65e14b3feda61f3dd85b0d465e351788800a850fd4a	ok
2	D-clang-tc-shell	randlist	3.862	556.00	2415919104	5	ff2547c8dfc9c90e5eb6f65e14b3feda61f3dd85b0d465e351788800a850fd4a	ok
2	main-gcc-stock	randlist	3.723	576.75	2415919104	5	ff2547c8dfc9c90e5eb6f65e14b3feda61f3dd85b0d465e351788800a850fd4a	ok
2	C-gcc-stock	randlist	4.197	511.71	2415919104	5	ff2547c8dfc9c90e5eb6f65e14b3feda61f3dd85b0d465e351788800a850fd4a	ok
2	D-gcc-tc	randlist	3.800	565.12	2415919104	5	ff2547c8dfc9c90e5eb6f65e14b3feda61f3dd85b0d465e351788800a850fd4a	ok
3	main-clang-stock	qsort	2.711	792.15	2415919104	5	daad9b63b2013449fba5d90591787dff8817c65d0d9bc57a0d814d2ef4c712ab	ok
3	C-clang-stock	qsort	2.729	787.01	2415919104	5	daad9b63b2013449fba5d90591787dff8817c65d0d9bc57a0d814d2ef4c712ab	ok
3	D-clang-tc	qsort	2.583	831.48	2415919104	5	daad9b63b2013449fba5d90591787dff8817c65d0d9bc57a0d814d2ef4c712ab	ok
3	D-clang-tc-shell	qsort	2.644	812.34	2415919104	5	daad9b63b2013449fba5d90591787dff8817c65d0d9bc57a0d814d2ef4c712ab	ok
3	main-gcc-stock	qsort	2.689	798.64	2415919104	5	daad9b63b2013449fba5d90591787dff8817c65d0d9bc57a0d814d2ef4c712ab	ok
3	C-gcc-stock	qsort	2.693	797.41	2415919104	5	daad9b63b2013449fba5d90591787dff8817c65d0d9bc57a0d814d2ef4c712ab	ok
3	D-gcc-tc	qsort	2.689	798.68	2415919104	5	daad9b63b2013449fba5d90591787dff8817c65d0d9bc57a0d814d2ef4c712ab	ok
3	main-clang-stock	zlib	2.791	769.36	2415919104	5	be1e876889828625d023972c3bfc8e07f4fece5144eca0fec4b8468571920b5a	ok
3	C-clang-stock	zlib	2.788	770.19	2415919104	5	be1e876889828625d023972c3bfc8e07f4fece5144eca0fec4b8468571920b5a	ok
3	D-clang-tc	zlib	2.658	807.84	2415919104	5	be1e876889828625d023972c3bfc8e07f4fece5144eca0fec4b8468571920b5a	ok
3	D-clang-tc-shell	zlib	2.710	792.44	2415919104	5	be1e876889828625d023972c3bfc8e07f4fece5144eca0fec4b8468571920b5a	ok
3	main-gcc-stock	zlib	2.693	797.58	2415919104	5	be1e876889828625d023972c3bfc8e07f4fece5144eca0fec4b8468571920b5a	ok
3	C-gcc-stock	zlib	2.733	785.68	2415919104	5	be1e876889828625d023972c3bfc8e07f4fece5144eca0fec4b8468571920b5a	ok
3	D-gcc-tc	zlib	2.650	810.36	2415919104	5	be1e876889828625d023972c3bfc8e07f4fece5144eca0fec4b8468571920b5a	ok
3	main-clang-stock	hash	2.676	802.53	2415919104	5	7faadb95a5025daebfcb19715b698c3263c38de7907e186ca1daab75930291a9	ok
3	C-clang-stock	hash	2.683	800.34	2415919104	5	7faadb95a5025daebfcb19715b698c3263c38de7907e186ca1daab75930291a9	ok
3	D-clang-tc	hash	2.331	921.33	2415919104	5	7faadb95a5025daebfcb19715b698c3263c38de7907e186ca1daab75930291a9	ok
3	D-clang-tc-shell	hash	2.390	898.39	2415919104	5	7faadb95a5025daebfcb19715b698c3263c38de7907e186ca1daab75930291a9	ok
3	main-gcc-stock	hash	2.372	905.29	2415919104	5	7faadb95a5025daebfcb19715b698c3263c38de7907e186ca1daab75930291a9	ok
3	C-gcc-stock	hash	2.504	857.56	2415919104	5	7faadb95a5025daebfcb19715b698c3263c38de7907e186ca1daab75930291a9	ok
3	D-gcc-tc	hash	2.350	913.78	2415919104	5	7faadb95a5025daebfcb19715b698c3263c38de7907e186ca1daab75930291a9	ok
3	main-clang-stock	syscall	6.031	356.05	2415919104	5	42cec926ae99b5b2c0da4cf14907627c80ca32cc217e17c9c968a87a3f8695f2	ok
3	C-clang-stock	syscall	6.010	357.34	2415919104	5	42cec926ae99b5b2c0da4cf14907627c80ca32cc217e17c9c968a87a3f8695f2	ok
3	D-clang-tc	syscall	5.620	382.15	2415919104	5	42cec926ae99b5b2c0da4cf14907627c80ca32cc217e17c9c968a87a3f8695f2	ok
3	D-clang-tc-shell	syscall	5.748	373.61	2415919104	5	42cec926ae99b5b2c0da4cf14907627c80ca32cc217e17c9c968a87a3f8695f2	ok
3	main-gcc-stock	syscall	6.066	354.00	2415919104	5	42cec926ae99b5b2c0da4cf14907627c80ca32cc217e17c9c968a87a3f8695f2	ok
3	C-gcc-stock	syscall	6.311	340.27	2415919104	5	42cec926ae99b5b2c0da4cf14907627c80ca32cc217e17c9c968a87a3f8695f2	ok
3	D-gcc-tc	syscall	5.976	359.34	2415919104	5	42cec926ae99b5b2c0da4cf14907627c80ca32cc217e17c9c968a87a3f8695f2	ok
3	main-clang-stock	fp	2.794	768.62	2415919104	5	906dd97cb18890335374e13f06f11d3462076edd39a916310cd65dd5aafb45b7	ok
3	C-clang-stock	fp	2.809	764.42	2415919104	5	906dd97cb18890335374e13f06f11d3462076edd39a916310cd65dd5aafb45b7	ok
3	D-clang-tc	fp	2.376	903.83	2415919104	5	906dd97cb18890335374e13f06f11d3462076edd39a916310cd65dd5aafb45b7	ok
3	D-clang-tc-shell	fp	2.420	887.51	2415919104	5	906dd97cb18890335374e13f06f11d3462076edd39a916310cd65dd5aafb45b7	ok
3	main-gcc-stock	fp	2.439	880.57	2415919104	5	906dd97cb18890335374e13f06f11d3462076edd39a916310cd65dd5aafb45b7	ok
3	C-gcc-stock	fp	2.665	805.70	2415919104	5	906dd97cb18890335374e13f06f11d3462076edd39a916310cd65dd5aafb45b7	ok
3	D-gcc-tc	fp	2.449	876.92	2415919104	5	906dd97cb18890335374e13f06f11d3462076edd39a916310cd65dd5aafb45b7	ok
3	main-clang-stock	nop	1.324	1622.30	2415919104	5	da57556b7bc3bfb3034f0e46a44731597514065f16bb82552863d1f9e3d8922b	ok
3	C-clang-stock	nop	1.323	1622.66	2415919104	5	da57556b7bc3bfb3034f0e46a44731597514065f16bb82552863d1f9e3d8922b	ok
3	D-clang-tc	nop	1.028	2089.85	2415919104	5	da57556b7bc3bfb3034f0e46a44731597514065f16bb82552863d1f9e3d8922b	ok
3	D-clang-tc-shell	nop	1.040	2065.69	2415919104	5	da57556b7bc3bfb3034f0e46a44731597514065f16bb82552863d1f9e3d8922b	ok
3	main-gcc-stock	nop	1.275	1684.12	2415919104	5	da57556b7bc3bfb3034f0e46a44731597514065f16bb82552863d1f9e3d8922b	ok
3	C-gcc-stock	nop	1.353	1587.07	2415919104	5	da57556b7bc3bfb3034f0e46a44731597514065f16bb82552863d1f9e3d8922b	ok
3	D-gcc-tc	nop	1.314	1633.74	2415919104	5	da57556b7bc3bfb3034f0e46a44731597514065f16bb82552863d1f9e3d8922b	ok
3	main-clang-stock	regs	1.820	1179.98	2415919104	5	8046902ef45b574fa0d049b88f703123dc1dc6906940453019f5439d19dea791	ok
3	C-clang-stock	regs	1.825	1176.69	2415919104	5	8046902ef45b574fa0d049b88f703123dc1dc6906940453019f5439d19dea791	ok
3	D-clang-tc	regs	1.525	1407.81	2415919104	5	8046902ef45b574fa0d049b88f703123dc1dc6906940453019f5439d19dea791	ok
3	D-clang-tc-shell	regs	1.480	1450.52	2415919104	5	8046902ef45b574fa0d049b88f703123dc1dc6906940453019f5439d19dea791	ok
3	main-gcc-stock	regs	1.758	1221.82	2415919104	5	8046902ef45b574fa0d049b88f703123dc1dc6906940453019f5439d19dea791	ok
3	C-gcc-stock	regs	1.803	1190.82	2415919104	5	8046902ef45b574fa0d049b88f703123dc1dc6906940453019f5439d19dea791	ok
3	D-gcc-tc	regs	1.806	1188.94	2415919104	5	8046902ef45b574fa0d049b88f703123dc1dc6906940453019f5439d19dea791	ok
3	main-clang-stock	cpu	3.743	573.68	2415919104	5	eb324f1c6c0ea8e673c7ec829a4f55d0c80fd4c2ac098b6823a35cde5682c4a5	ok
3	C-clang-stock	cpu	3.744	573.51	2415919104	5	eb324f1c6c0ea8e673c7ec829a4f55d0c80fd4c2ac098b6823a35cde5682c4a5	ok
3	D-clang-tc	cpu	3.317	647.33	2415919104	5	eb324f1c6c0ea8e673c7ec829a4f55d0c80fd4c2ac098b6823a35cde5682c4a5	ok
3	D-clang-tc-shell	cpu	3.399	631.86	2415919104	5	eb324f1c6c0ea8e673c7ec829a4f55d0c80fd4c2ac098b6823a35cde5682c4a5	ok
3	main-gcc-stock	cpu	3.532	608.08	2415919104	5	eb324f1c6c0ea8e673c7ec829a4f55d0c80fd4c2ac098b6823a35cde5682c4a5	ok
3	C-gcc-stock	cpu	3.706	579.41	2415919104	5	eb324f1c6c0ea8e673c7ec829a4f55d0c80fd4c2ac098b6823a35cde5682c4a5	ok
3	D-gcc-tc	cpu	3.497	614.02	2415919104	5	eb324f1c6c0ea8e673c7ec829a4f55d0c80fd4c2ac098b6823a35cde5682c4a5	ok
3	main-clang-stock	crypt	3.147	682.33	2415919104	5	075ad5f3bef8aaa9bd8daae921884aff4a4c30187ed0bdb9fd30959f75e2709b	ok
3	C-clang-stock	crypt	3.250	660.72	2415919104	5	075ad5f3bef8aaa9bd8daae921884aff4a4c30187ed0bdb9fd30959f75e2709b	ok
3	D-clang-tc	crypt	2.780	772.49	2415919104	5	075ad5f3bef8aaa9bd8daae921884aff4a4c30187ed0bdb9fd30959f75e2709b	ok
3	D-clang-tc-shell	crypt	2.888	743.71	2415919104	5	075ad5f3bef8aaa9bd8daae921884aff4a4c30187ed0bdb9fd30959f75e2709b	ok
3	main-gcc-stock	crypt	2.939	730.68	2415919104	5	075ad5f3bef8aaa9bd8daae921884aff4a4c30187ed0bdb9fd30959f75e2709b	ok
3	C-gcc-stock	crypt	3.030	708.65	2415919104	5	075ad5f3bef8aaa9bd8daae921884aff4a4c30187ed0bdb9fd30959f75e2709b	ok
3	D-gcc-tc	crypt	3.115	689.47	2415919104	5	075ad5f3bef8aaa9bd8daae921884aff4a4c30187ed0bdb9fd30959f75e2709b	ok
3	main-clang-stock	memcpy	2.231	962.45	2415919104	5	958a3598adc13ecab81628febb41a80775a56c2227b74cbf0a455c0d064f6dd2	ok
3	C-clang-stock	memcpy	2.249	954.98	2415919104	5	958a3598adc13ecab81628febb41a80775a56c2227b74cbf0a455c0d064f6dd2	ok
3	D-clang-tc	memcpy	2.217	968.80	2415919104	5	958a3598adc13ecab81628febb41a80775a56c2227b74cbf0a455c0d064f6dd2	ok
3	D-clang-tc-shell	memcpy	2.319	926.16	2415919104	5	958a3598adc13ecab81628febb41a80775a56c2227b74cbf0a455c0d064f6dd2	ok
3	main-gcc-stock	memcpy	2.251	954.12	2415919104	5	958a3598adc13ecab81628febb41a80775a56c2227b74cbf0a455c0d064f6dd2	ok
3	C-gcc-stock	memcpy	2.237	960.18	2415919104	5	958a3598adc13ecab81628febb41a80775a56c2227b74cbf0a455c0d064f6dd2	ok
3	D-gcc-tc	memcpy	2.238	959.39	2415919104	5	958a3598adc13ecab81628febb41a80775a56c2227b74cbf0a455c0d064f6dd2	ok
3	main-clang-stock	branch	2.560	838.76	2415919104	5	3bb926ddc35a9ca8bdc7f6dfe2c84757cc27a07ceb7ed7637ddd3e5969b40e8c	ok
3	C-clang-stock	branch	2.570	835.69	2415919104	5	3bb926ddc35a9ca8bdc7f6dfe2c84757cc27a07ceb7ed7637ddd3e5969b40e8c	ok
3	D-clang-tc	branch	2.098	1023.79	2415919104	5	3bb926ddc35a9ca8bdc7f6dfe2c84757cc27a07ceb7ed7637ddd3e5969b40e8c	ok
3	D-clang-tc-shell	branch	2.106	1019.73	2415919104	5	3bb926ddc35a9ca8bdc7f6dfe2c84757cc27a07ceb7ed7637ddd3e5969b40e8c	ok
3	main-gcc-stock	branch	2.260	950.09	2415919104	5	3bb926ddc35a9ca8bdc7f6dfe2c84757cc27a07ceb7ed7637ddd3e5969b40e8c	ok
3	C-gcc-stock	branch	2.344	916.06	2415919104	5	3bb926ddc35a9ca8bdc7f6dfe2c84757cc27a07ceb7ed7637ddd3e5969b40e8c	ok
3	D-gcc-tc	branch	2.329	922.25	2415919104	5	3bb926ddc35a9ca8bdc7f6dfe2c84757cc27a07ceb7ed7637ddd3e5969b40e8c	ok
3	main-clang-stock	heapsort	2.559	839.22	2415919104	5	a01ab4e7ef8c8decb06055977002f5b5da8aeb3fa95049718b71a92d1d517adf	ok
3	C-clang-stock	heapsort	2.557	839.69	2415919104	5	a01ab4e7ef8c8decb06055977002f5b5da8aeb3fa95049718b71a92d1d517adf	ok
3	D-clang-tc	heapsort	2.441	879.88	2415919104	5	a01ab4e7ef8c8decb06055977002f5b5da8aeb3fa95049718b71a92d1d517adf	ok
3	D-clang-tc-shell	heapsort	2.493	861.39	2415919104	5	a01ab4e7ef8c8decb06055977002f5b5da8aeb3fa95049718b71a92d1d517adf	ok
3	main-gcc-stock	heapsort	2.469	869.72	2415919104	5	a01ab4e7ef8c8decb06055977002f5b5da8aeb3fa95049718b71a92d1d517adf	ok
3	C-gcc-stock	heapsort	2.510	855.74	2415919104	5	a01ab4e7ef8c8decb06055977002f5b5da8aeb3fa95049718b71a92d1d517adf	ok
3	D-gcc-tc	heapsort	2.498	859.66	2415919104	5	a01ab4e7ef8c8decb06055977002f5b5da8aeb3fa95049718b71a92d1d517adf	ok
3	main-clang-stock	tsearch	4.011	535.42	2415919104	5	35451ee71307997f2b1b494651a5fbd4257517350c84a0a993817a6e38fc713b	ok
3	C-clang-stock	tsearch	4.005	536.21	2415919104	5	35451ee71307997f2b1b494651a5fbd4257517350c84a0a993817a6e38fc713b	ok
3	D-clang-tc	tsearch	3.792	566.27	2415919104	5	35451ee71307997f2b1b494651a5fbd4257517350c84a0a993817a6e38fc713b	ok
3	D-clang-tc-shell	tsearch	3.874	554.36	2415919104	5	35451ee71307997f2b1b494651a5fbd4257517350c84a0a993817a6e38fc713b	ok
3	main-gcc-stock	tsearch	3.912	548.88	2415919104	5	35451ee71307997f2b1b494651a5fbd4257517350c84a0a993817a6e38fc713b	ok
3	C-gcc-stock	tsearch	4.028	533.10	2415919104	5	35451ee71307997f2b1b494651a5fbd4257517350c84a0a993817a6e38fc713b	ok
3	D-gcc-tc	tsearch	4.082	526.11	2415919104	5	35451ee71307997f2b1b494651a5fbd4257517350c84a0a993817a6e38fc713b	ok
3	main-clang-stock	matrix-3d	9.669	222.10	2415919104	5	e0bb44ec0b8c878093bff8307da03316a00c102a16babcbc42ceb8ca6e4cf0fe	ok
3	C-clang-stock	matrix-3d	9.656	222.39	2415919104	5	e0bb44ec0b8c878093bff8307da03316a00c102a16babcbc42ceb8ca6e4cf0fe	ok
3	D-clang-tc	matrix-3d	9.708	221.20	2415919104	5	e0bb44ec0b8c878093bff8307da03316a00c102a16babcbc42ceb8ca6e4cf0fe	ok
3	D-clang-tc-shell	matrix-3d	9.704	221.30	2415919104	5	e0bb44ec0b8c878093bff8307da03316a00c102a16babcbc42ceb8ca6e4cf0fe	ok
3	main-gcc-stock	matrix-3d	9.276	231.52	2415919104	5	e0bb44ec0b8c878093bff8307da03316a00c102a16babcbc42ceb8ca6e4cf0fe	ok
3	C-gcc-stock	matrix-3d	9.637	222.85	2415919104	5	e0bb44ec0b8c878093bff8307da03316a00c102a16babcbc42ceb8ca6e4cf0fe	ok
3	D-gcc-tc	matrix-3d	9.384	228.85	2415919104	5	e0bb44ec0b8c878093bff8307da03316a00c102a16babcbc42ceb8ca6e4cf0fe	ok
3	main-clang-stock	tree	4.291	500.42	2415919104	5	aaacf4808d9da670176f52ce3fa35924ce51d90d4fb24440308902b6302f92d4	ok
3	C-clang-stock	tree	4.320	497.12	2415919104	5	aaacf4808d9da670176f52ce3fa35924ce51d90d4fb24440308902b6302f92d4	ok
3	D-clang-tc	tree	4.166	515.49	2415919104	5	aaacf4808d9da670176f52ce3fa35924ce51d90d4fb24440308902b6302f92d4	ok
3	D-clang-tc-shell	tree	4.254	504.79	2415919104	5	aaacf4808d9da670176f52ce3fa35924ce51d90d4fb24440308902b6302f92d4	ok
3	main-gcc-stock	tree	4.311	498.15	2415919104	5	aaacf4808d9da670176f52ce3fa35924ce51d90d4fb24440308902b6302f92d4	ok
3	C-gcc-stock	tree	4.367	491.72	2415919104	5	aaacf4808d9da670176f52ce3fa35924ce51d90d4fb24440308902b6302f92d4	ok
3	D-gcc-tc	tree	4.373	491.12	2415919104	5	aaacf4808d9da670176f52ce3fa35924ce51d90d4fb24440308902b6302f92d4	ok
3	main-clang-stock	malloc	7.089	302.91	2415919104	5	bc106f77f0341f5e4be9c92901b33c15b5007cb13195b0f0c68d678b1ed2a2cf	ok
3	C-clang-stock	malloc	7.131	301.14	2415919104	5	bc106f77f0341f5e4be9c92901b33c15b5007cb13195b0f0c68d678b1ed2a2cf	ok
3	D-clang-tc	malloc	6.942	309.36	2415919104	5	bc106f77f0341f5e4be9c92901b33c15b5007cb13195b0f0c68d678b1ed2a2cf	ok
3	D-clang-tc-shell	malloc	7.164	299.75	2415919104	5	bc106f77f0341f5e4be9c92901b33c15b5007cb13195b0f0c68d678b1ed2a2cf	ok
3	main-gcc-stock	malloc	7.227	297.15	2415919104	5	bc106f77f0341f5e4be9c92901b33c15b5007cb13195b0f0c68d678b1ed2a2cf	ok
3	C-gcc-stock	malloc	7.511	285.90	2415919104	5	bc106f77f0341f5e4be9c92901b33c15b5007cb13195b0f0c68d678b1ed2a2cf	ok
3	D-gcc-tc	malloc	7.383	290.87	2415919104	5	bc106f77f0341f5e4be9c92901b33c15b5007cb13195b0f0c68d678b1ed2a2cf	ok
3	main-clang-stock	randlist	4.170	514.98	2415919104	5	ff2547c8dfc9c90e5eb6f65e14b3feda61f3dd85b0d465e351788800a850fd4a	ok
3	C-clang-stock	randlist	4.170	514.97	2415919104	5	ff2547c8dfc9c90e5eb6f65e14b3feda61f3dd85b0d465e351788800a850fd4a	ok
3	D-clang-tc	randlist	3.790	566.54	2415919104	5	ff2547c8dfc9c90e5eb6f65e14b3feda61f3dd85b0d465e351788800a850fd4a	ok
3	D-clang-tc-shell	randlist	3.856	556.88	2415919104	5	ff2547c8dfc9c90e5eb6f65e14b3feda61f3dd85b0d465e351788800a850fd4a	ok
3	main-gcc-stock	randlist	3.750	572.60	2415919104	5	ff2547c8dfc9c90e5eb6f65e14b3feda61f3dd85b0d465e351788800a850fd4a	ok
3	C-gcc-stock	randlist	4.202	511.04	2415919104	5	ff2547c8dfc9c90e5eb6f65e14b3feda61f3dd85b0d465e351788800a850fd4a	ok
3	D-gcc-tc	randlist	3.803	564.73	2415919104	5	ff2547c8dfc9c90e5eb6f65e14b3feda61f3dd85b0d465e351788800a850fd4a	ok
1	main-gcc-stock	qsort	2.732	786.05	2415919104	5	daad9b63b2013449fba5d90591787dff8817c65d0d9bc57a0d814d2ef4c712ab	ok
1	D-gcc-tc	qsort	2.690	798.40	2415919104	5	daad9b63b2013449fba5d90591787dff8817c65d0d9bc57a0d814d2ef4c712ab	ok
1	H2-inline100	qsort	2.667	805.23	2415919104	5	daad9b63b2013449fba5d90591787dff8817c65d0d9bc57a0d814d2ef4c712ab	ok
1	H5-inline100-pre1	qsort	2.765	776.77	2415919104	5	daad9b63b2013449fba5d90591787dff8817c65d0d9bc57a0d814d2ef4c712ab	ok
1	D-clang-tc	qsort	2.586	830.47	2415919104	5	daad9b63b2013449fba5d90591787dff8817c65d0d9bc57a0d814d2ef4c712ab	ok
1	main-gcc-stock	zlib	2.686	799.57	2415919104	5	be1e876889828625d023972c3bfc8e07f4fece5144eca0fec4b8468571920b5a	ok
1	D-gcc-tc	zlib	2.646	811.46	2415919104	5	be1e876889828625d023972c3bfc8e07f4fece5144eca0fec4b8468571920b5a	ok
1	H2-inline100	zlib	2.650	810.36	2415919104	5	be1e876889828625d023972c3bfc8e07f4fece5144eca0fec4b8468571920b5a	ok
1	H5-inline100-pre1	zlib	2.703	794.53	2415919104	5	be1e876889828625d023972c3bfc8e07f4fece5144eca0fec4b8468571920b5a	ok
1	D-clang-tc	zlib	2.658	807.80	2415919104	5	be1e876889828625d023972c3bfc8e07f4fece5144eca0fec4b8468571920b5a	ok
1	main-gcc-stock	hash	2.350	913.90	2415919104	5	7faadb95a5025daebfcb19715b698c3263c38de7907e186ca1daab75930291a9	ok
1	D-gcc-tc	hash	2.352	913.16	2415919104	5	7faadb95a5025daebfcb19715b698c3263c38de7907e186ca1daab75930291a9	ok
1	H2-inline100	hash	2.368	906.80	2415919104	5	7faadb95a5025daebfcb19715b698c3263c38de7907e186ca1daab75930291a9	ok
1	H5-inline100-pre1	hash	2.457	873.98	2415919104	5	7faadb95a5025daebfcb19715b698c3263c38de7907e186ca1daab75930291a9	ok
1	D-clang-tc	hash	2.334	920.24	2415919104	5	7faadb95a5025daebfcb19715b698c3263c38de7907e186ca1daab75930291a9	ok
1	main-gcc-stock	syscall	6.055	354.67	2415919104	5	42cec926ae99b5b2c0da4cf14907627c80ca32cc217e17c9c968a87a3f8695f2	ok
1	D-gcc-tc	syscall	5.977	359.29	2415919104	5	42cec926ae99b5b2c0da4cf14907627c80ca32cc217e17c9c968a87a3f8695f2	ok
1	H2-inline100	syscall	5.930	362.11	2415919104	5	42cec926ae99b5b2c0da4cf14907627c80ca32cc217e17c9c968a87a3f8695f2	ok
1	H5-inline100-pre1	syscall	5.862	366.37	2415919104	5	42cec926ae99b5b2c0da4cf14907627c80ca32cc217e17c9c968a87a3f8695f2	ok
1	D-clang-tc	syscall	5.633	381.22	2415919104	5	42cec926ae99b5b2c0da4cf14907627c80ca32cc217e17c9c968a87a3f8695f2	ok
1	main-gcc-stock	fp	2.451	876.32	2415919104	5	906dd97cb18890335374e13f06f11d3462076edd39a916310cd65dd5aafb45b7	ok
1	D-gcc-tc	fp	2.454	875.12	2415919104	5	906dd97cb18890335374e13f06f11d3462076edd39a916310cd65dd5aafb45b7	ok
1	H2-inline100	fp	2.478	866.59	2415919104	5	906dd97cb18890335374e13f06f11d3462076edd39a916310cd65dd5aafb45b7	ok
1	H5-inline100-pre1	fp	2.510	855.70	2415919104	5	906dd97cb18890335374e13f06f11d3462076edd39a916310cd65dd5aafb45b7	ok
1	D-clang-tc	fp	2.384	900.83	2415919104	5	906dd97cb18890335374e13f06f11d3462076edd39a916310cd65dd5aafb45b7	ok
1	main-gcc-stock	nop	1.278	1679.75	2415919104	5	da57556b7bc3bfb3034f0e46a44731597514065f16bb82552863d1f9e3d8922b	ok
1	D-gcc-tc	nop	1.317	1631.19	2415919104	5	da57556b7bc3bfb3034f0e46a44731597514065f16bb82552863d1f9e3d8922b	ok
1	H2-inline100	nop	1.222	1757.75	2415919104	5	da57556b7bc3bfb3034f0e46a44731597514065f16bb82552863d1f9e3d8922b	ok
1	H5-inline100-pre1	nop	1.167	1840.29	2415919104	5	da57556b7bc3bfb3034f0e46a44731597514065f16bb82552863d1f9e3d8922b	ok
1	D-clang-tc	nop	1.030	2084.56	2415919104	5	da57556b7bc3bfb3034f0e46a44731597514065f16bb82552863d1f9e3d8922b	ok
1	main-gcc-stock	regs	1.763	1218.11	2415919104	5	8046902ef45b574fa0d049b88f703123dc1dc6906940453019f5439d19dea791	ok
1	D-gcc-tc	regs	1.806	1189.19	2415919104	5	8046902ef45b574fa0d049b88f703123dc1dc6906940453019f5439d19dea791	ok
1	H2-inline100	regs	1.600	1342.38	2415919104	5	8046902ef45b574fa0d049b88f703123dc1dc6906940453019f5439d19dea791	ok
1	H5-inline100-pre1	regs	1.609	1334.88	2415919104	5	8046902ef45b574fa0d049b88f703123dc1dc6906940453019f5439d19dea791	ok
1	D-clang-tc	regs	1.527	1406.43	2415919104	5	8046902ef45b574fa0d049b88f703123dc1dc6906940453019f5439d19dea791	ok
1	main-gcc-stock	cpu	3.522	609.75	2415919104	5	eb324f1c6c0ea8e673c7ec829a4f55d0c80fd4c2ac098b6823a35cde5682c4a5	ok
1	D-gcc-tc	cpu	3.490	615.35	2415919104	5	eb324f1c6c0ea8e673c7ec829a4f55d0c80fd4c2ac098b6823a35cde5682c4a5	ok
1	H2-inline100	cpu	3.534	607.61	2415919104	5	eb324f1c6c0ea8e673c7ec829a4f55d0c80fd4c2ac098b6823a35cde5682c4a5	ok
1	H5-inline100-pre1	cpu	3.462	620.28	2415919104	5	eb324f1c6c0ea8e673c7ec829a4f55d0c80fd4c2ac098b6823a35cde5682c4a5	ok
1	D-clang-tc	cpu	3.316	647.54	2415919104	5	eb324f1c6c0ea8e673c7ec829a4f55d0c80fd4c2ac098b6823a35cde5682c4a5	ok
1	main-gcc-stock	crypt	2.941	730.30	2415919104	5	075ad5f3bef8aaa9bd8daae921884aff4a4c30187ed0bdb9fd30959f75e2709b	ok
1	D-gcc-tc	crypt	3.104	691.89	2415919104	5	075ad5f3bef8aaa9bd8daae921884aff4a4c30187ed0bdb9fd30959f75e2709b	ok
1	H2-inline100	crypt	3.142	683.41	2415919104	5	075ad5f3bef8aaa9bd8daae921884aff4a4c30187ed0bdb9fd30959f75e2709b	ok
1	H5-inline100-pre1	crypt	3.249	661.01	2415919104	5	075ad5f3bef8aaa9bd8daae921884aff4a4c30187ed0bdb9fd30959f75e2709b	ok
1	D-clang-tc	crypt	2.791	769.34	2415919104	5	075ad5f3bef8aaa9bd8daae921884aff4a4c30187ed0bdb9fd30959f75e2709b	ok
1	main-gcc-stock	memcpy	2.242	957.82	2415919104	5	958a3598adc13ecab81628febb41a80775a56c2227b74cbf0a455c0d064f6dd2	ok
1	D-gcc-tc	memcpy	2.241	958.35	2415919104	5	958a3598adc13ecab81628febb41a80775a56c2227b74cbf0a455c0d064f6dd2	ok
1	H2-inline100	memcpy	2.221	966.89	2415919104	5	958a3598adc13ecab81628febb41a80775a56c2227b74cbf0a455c0d064f6dd2	ok
1	H5-inline100-pre1	memcpy	2.430	883.69	2415919104	5	958a3598adc13ecab81628febb41a80775a56c2227b74cbf0a455c0d064f6dd2	ok
1	D-clang-tc	memcpy	2.216	968.93	2415919104	5	958a3598adc13ecab81628febb41a80775a56c2227b74cbf0a455c0d064f6dd2	ok
1	main-gcc-stock	branch	2.260	950.28	2415919104	5	3bb926ddc35a9ca8bdc7f6dfe2c84757cc27a07ceb7ed7637ddd3e5969b40e8c	ok
1	D-gcc-tc	branch	2.345	915.63	2415919104	5	3bb926ddc35a9ca8bdc7f6dfe2c84757cc27a07ceb7ed7637ddd3e5969b40e8c	ok
1	H2-inline100	branch	2.266	947.55	2415919104	5	3bb926ddc35a9ca8bdc7f6dfe2c84757cc27a07ceb7ed7637ddd3e5969b40e8c	ok
1	H5-inline100-pre1	branch	2.232	962.12	2415919104	5	3bb926ddc35a9ca8bdc7f6dfe2c84757cc27a07ceb7ed7637ddd3e5969b40e8c	ok
1	D-clang-tc	branch	2.100	1022.79	2415919104	5	3bb926ddc35a9ca8bdc7f6dfe2c84757cc27a07ceb7ed7637ddd3e5969b40e8c	ok
1	main-gcc-stock	heapsort	2.471	868.98	2415919104	5	a01ab4e7ef8c8decb06055977002f5b5da8aeb3fa95049718b71a92d1d517adf	ok
1	D-gcc-tc	heapsort	2.515	853.81	2415919104	5	a01ab4e7ef8c8decb06055977002f5b5da8aeb3fa95049718b71a92d1d517adf	ok
1	H2-inline100	heapsort	2.562	838.28	2415919104	5	a01ab4e7ef8c8decb06055977002f5b5da8aeb3fa95049718b71a92d1d517adf	ok
1	H5-inline100-pre1	heapsort	2.580	832.24	2415919104	5	a01ab4e7ef8c8decb06055977002f5b5da8aeb3fa95049718b71a92d1d517adf	ok
1	D-clang-tc	heapsort	2.436	881.47	2415919104	5	a01ab4e7ef8c8decb06055977002f5b5da8aeb3fa95049718b71a92d1d517adf	ok
1	main-gcc-stock	tsearch	3.893	551.67	2415919104	5	35451ee71307997f2b1b494651a5fbd4257517350c84a0a993817a6e38fc713b	ok
1	D-gcc-tc	tsearch	4.002	536.65	2415919104	5	35451ee71307997f2b1b494651a5fbd4257517350c84a0a993817a6e38fc713b	ok
1	H2-inline100	tsearch	4.038	531.82	2415919104	5	35451ee71307997f2b1b494651a5fbd4257517350c84a0a993817a6e38fc713b	ok
1	H5-inline100-pre1	tsearch	4.117	521.58	2415919104	5	35451ee71307997f2b1b494651a5fbd4257517350c84a0a993817a6e38fc713b	ok
1	D-clang-tc	tsearch	3.828	561.05	2415919104	5	35451ee71307997f2b1b494651a5fbd4257517350c84a0a993817a6e38fc713b	ok
1	main-gcc-stock	matrix-3d	9.268	231.70	2415919104	5	e0bb44ec0b8c878093bff8307da03316a00c102a16babcbc42ceb8ca6e4cf0fe	ok
1	D-gcc-tc	matrix-3d	9.408	228.26	2415919104	5	e0bb44ec0b8c878093bff8307da03316a00c102a16babcbc42ceb8ca6e4cf0fe	ok
1	H2-inline100	matrix-3d	9.854	217.92	2415919104	5	e0bb44ec0b8c878093bff8307da03316a00c102a16babcbc42ceb8ca6e4cf0fe	ok
1	H5-inline100-pre1	matrix-3d	10.286	208.77	2415919104	5	e0bb44ec0b8c878093bff8307da03316a00c102a16babcbc42ceb8ca6e4cf0fe	ok
1	D-clang-tc	matrix-3d	9.701	221.36	2415919104	5	e0bb44ec0b8c878093bff8307da03316a00c102a16babcbc42ceb8ca6e4cf0fe	ok
1	main-gcc-stock	tree	4.289	500.73	2415919104	5	aaacf4808d9da670176f52ce3fa35924ce51d90d4fb24440308902b6302f92d4	ok
1	D-gcc-tc	tree	4.366	491.91	2415919104	5	aaacf4808d9da670176f52ce3fa35924ce51d90d4fb24440308902b6302f92d4	ok
1	H2-inline100	tree	4.410	486.97	2415919104	5	aaacf4808d9da670176f52ce3fa35924ce51d90d4fb24440308902b6302f92d4	ok
1	H5-inline100-pre1	tree	4.422	485.58	2415919104	5	aaacf4808d9da670176f52ce3fa35924ce51d90d4fb24440308902b6302f92d4	ok
1	D-clang-tc	tree	4.162	515.93	2415919104	5	aaacf4808d9da670176f52ce3fa35924ce51d90d4fb24440308902b6302f92d4	ok
1	main-gcc-stock	malloc	7.322	293.31	2415919104	5	bc106f77f0341f5e4be9c92901b33c15b5007cb13195b0f0c68d678b1ed2a2cf	ok
1	D-gcc-tc	malloc	7.369	291.42	2415919104	5	bc106f77f0341f5e4be9c92901b33c15b5007cb13195b0f0c68d678b1ed2a2cf	ok
1	H2-inline100	malloc	7.323	293.26	2415919104	5	bc106f77f0341f5e4be9c92901b33c15b5007cb13195b0f0c68d678b1ed2a2cf	ok
1	H5-inline100-pre1	malloc	7.322	293.31	2415919104	5	bc106f77f0341f5e4be9c92901b33c15b5007cb13195b0f0c68d678b1ed2a2cf	ok
1	D-clang-tc	malloc	7.088	302.99	2415919104	5	bc106f77f0341f5e4be9c92901b33c15b5007cb13195b0f0c68d678b1ed2a2cf	ok
1	main-gcc-stock	randlist	3.726	576.35	2415919104	5	ff2547c8dfc9c90e5eb6f65e14b3feda61f3dd85b0d465e351788800a850fd4a	ok
1	D-gcc-tc	randlist	3.792	566.24	2415919104	5	ff2547c8dfc9c90e5eb6f65e14b3feda61f3dd85b0d465e351788800a850fd4a	ok
1	H2-inline100	randlist	3.861	556.25	2415919104	5	ff2547c8dfc9c90e5eb6f65e14b3feda61f3dd85b0d465e351788800a850fd4a	ok
1	H5-inline100-pre1	randlist	3.879	553.63	2415919104	5	ff2547c8dfc9c90e5eb6f65e14b3feda61f3dd85b0d465e351788800a850fd4a	ok
1	D-clang-tc	randlist	3.731	575.53	2415919104	5	ff2547c8dfc9c90e5eb6f65e14b3feda61f3dd85b0d465e351788800a850fd4a	ok
2	main-gcc-stock	qsort	2.663	806.45	2415919104	5	daad9b63b2013449fba5d90591787dff8817c65d0d9bc57a0d814d2ef4c712ab	ok
2	D-gcc-tc	qsort	2.692	797.76	2415919104	5	daad9b63b2013449fba5d90591787dff8817c65d0d9bc57a0d814d2ef4c712ab	ok
2	H2-inline100	qsort	2.669	804.67	2415919104	5	daad9b63b2013449fba5d90591787dff8817c65d0d9bc57a0d814d2ef4c712ab	ok
2	H5-inline100-pre1	qsort	2.807	765.12	2415919104	5	daad9b63b2013449fba5d90591787dff8817c65d0d9bc57a0d814d2ef4c712ab	ok
2	D-clang-tc	qsort	2.594	827.85	2415919104	5	daad9b63b2013449fba5d90591787dff8817c65d0d9bc57a0d814d2ef4c712ab	ok
2	main-gcc-stock	zlib	2.686	799.54	2415919104	5	be1e876889828625d023972c3bfc8e07f4fece5144eca0fec4b8468571920b5a	ok
2	D-gcc-tc	zlib	2.649	810.59	2415919104	5	be1e876889828625d023972c3bfc8e07f4fece5144eca0fec4b8468571920b5a	ok
2	H2-inline100	zlib	2.654	809.29	2415919104	5	be1e876889828625d023972c3bfc8e07f4fece5144eca0fec4b8468571920b5a	ok
2	H5-inline100-pre1	zlib	2.685	799.82	2415919104	5	be1e876889828625d023972c3bfc8e07f4fece5144eca0fec4b8468571920b5a	ok
2	D-clang-tc	zlib	2.657	808.17	2415919104	5	be1e876889828625d023972c3bfc8e07f4fece5144eca0fec4b8468571920b5a	ok
2	main-gcc-stock	hash	2.346	915.54	2415919104	5	7faadb95a5025daebfcb19715b698c3263c38de7907e186ca1daab75930291a9	ok
2	D-gcc-tc	hash	2.352	913.24	2415919104	5	7faadb95a5025daebfcb19715b698c3263c38de7907e186ca1daab75930291a9	ok
2	H2-inline100	hash	2.359	910.21	2415919104	5	7faadb95a5025daebfcb19715b698c3263c38de7907e186ca1daab75930291a9	ok
2	H5-inline100-pre1	hash	2.461	872.55	2415919104	5	7faadb95a5025daebfcb19715b698c3263c38de7907e186ca1daab75930291a9	ok
2	D-clang-tc	hash	2.333	920.52	2415919104	5	7faadb95a5025daebfcb19715b698c3263c38de7907e186ca1daab75930291a9	ok
2	main-gcc-stock	syscall	6.089	352.70	2415919104	5	42cec926ae99b5b2c0da4cf14907627c80ca32cc217e17c9c968a87a3f8695f2	ok
2	D-gcc-tc	syscall	5.982	358.98	2415919104	5	42cec926ae99b5b2c0da4cf14907627c80ca32cc217e17c9c968a87a3f8695f2	ok
2	H2-inline100	syscall	5.943	361.34	2415919104	5	42cec926ae99b5b2c0da4cf14907627c80ca32cc217e17c9c968a87a3f8695f2	ok
2	H5-inline100-pre1	syscall	5.852	366.96	2415919104	5	42cec926ae99b5b2c0da4cf14907627c80ca32cc217e17c9c968a87a3f8695f2	ok
2	D-clang-tc	syscall	5.707	376.29	2415919104	5	42cec926ae99b5b2c0da4cf14907627c80ca32cc217e17c9c968a87a3f8695f2	ok
2	main-gcc-stock	fp	2.454	874.98	2415919104	5	906dd97cb18890335374e13f06f11d3462076edd39a916310cd65dd5aafb45b7	ok
2	D-gcc-tc	fp	2.438	880.94	2415919104	5	906dd97cb18890335374e13f06f11d3462076edd39a916310cd65dd5aafb45b7	ok
2	H2-inline100	fp	2.469	869.69	2415919104	5	906dd97cb18890335374e13f06f11d3462076edd39a916310cd65dd5aafb45b7	ok
2	H5-inline100-pre1	fp	2.505	857.30	2415919104	5	906dd97cb18890335374e13f06f11d3462076edd39a916310cd65dd5aafb45b7	ok
2	D-clang-tc	fp	2.379	902.77	2415919104	5	906dd97cb18890335374e13f06f11d3462076edd39a916310cd65dd5aafb45b7	ok
2	main-gcc-stock	nop	1.278	1680.03	2415919104	5	da57556b7bc3bfb3034f0e46a44731597514065f16bb82552863d1f9e3d8922b	ok
2	D-gcc-tc	nop	1.317	1631.19	2415919104	5	da57556b7bc3bfb3034f0e46a44731597514065f16bb82552863d1f9e3d8922b	ok
2	H2-inline100	nop	1.221	1758.16	2415919104	5	da57556b7bc3bfb3034f0e46a44731597514065f16bb82552863d1f9e3d8922b	ok
2	H5-inline100-pre1	nop	1.173	1830.12	2415919104	5	da57556b7bc3bfb3034f0e46a44731597514065f16bb82552863d1f9e3d8922b	ok
2	D-clang-tc	nop	1.029	2087.45	2415919104	5	da57556b7bc3bfb3034f0e46a44731597514065f16bb82552863d1f9e3d8922b	ok
2	main-gcc-stock	regs	1.761	1219.79	2415919104	5	8046902ef45b574fa0d049b88f703123dc1dc6906940453019f5439d19dea791	ok
2	D-gcc-tc	regs	1.806	1189.31	2415919104	5	8046902ef45b574fa0d049b88f703123dc1dc6906940453019f5439d19dea791	ok
2	H2-inline100	regs	1.599	1343.25	2415919104	5	8046902ef45b574fa0d049b88f703123dc1dc6906940453019f5439d19dea791	ok
2	H5-inline100-pre1	regs	1.609	1334.78	2415919104	5	8046902ef45b574fa0d049b88f703123dc1dc6906940453019f5439d19dea791	ok
2	D-clang-tc	regs	1.526	1406.81	2415919104	5	8046902ef45b574fa0d049b88f703123dc1dc6906940453019f5439d19dea791	ok
2	main-gcc-stock	cpu	3.526	609.04	2415919104	5	eb324f1c6c0ea8e673c7ec829a4f55d0c80fd4c2ac098b6823a35cde5682c4a5	ok
2	D-gcc-tc	cpu	3.491	615.16	2415919104	5	eb324f1c6c0ea8e673c7ec829a4f55d0c80fd4c2ac098b6823a35cde5682c4a5	ok
2	H2-inline100	cpu	3.509	611.93	2415919104	5	eb324f1c6c0ea8e673c7ec829a4f55d0c80fd4c2ac098b6823a35cde5682c4a5	ok
2	H5-inline100-pre1	cpu	3.476	617.86	2415919104	5	eb324f1c6c0ea8e673c7ec829a4f55d0c80fd4c2ac098b6823a35cde5682c4a5	ok
2	D-clang-tc	cpu	3.310	648.74	2415919104	5	eb324f1c6c0ea8e673c7ec829a4f55d0c80fd4c2ac098b6823a35cde5682c4a5	ok
2	main-gcc-stock	crypt	2.925	734.24	2415919104	5	075ad5f3bef8aaa9bd8daae921884aff4a4c30187ed0bdb9fd30959f75e2709b	ok
2	D-gcc-tc	crypt	3.113	689.90	2415919104	5	075ad5f3bef8aaa9bd8daae921884aff4a4c30187ed0bdb9fd30959f75e2709b	ok
2	H2-inline100	crypt	3.135	684.92	2415919104	5	075ad5f3bef8aaa9bd8daae921884aff4a4c30187ed0bdb9fd30959f75e2709b	ok
2	H5-inline100-pre1	crypt	3.250	660.68	2415919104	5	075ad5f3bef8aaa9bd8daae921884aff4a4c30187ed0bdb9fd30959f75e2709b	ok
2	D-clang-tc	crypt	2.806	765.19	2415919104	5	075ad5f3bef8aaa9bd8daae921884aff4a4c30187ed0bdb9fd30959f75e2709b	ok
2	main-gcc-stock	memcpy	2.225	965.00	2415919104	5	958a3598adc13ecab81628febb41a80775a56c2227b74cbf0a455c0d064f6dd2	ok
2	D-gcc-tc	memcpy	2.235	960.69	2415919104	5	958a3598adc13ecab81628febb41a80775a56c2227b74cbf0a455c0d064f6dd2	ok
2	H2-inline100	memcpy	2.218	968.07	2415919104	5	958a3598adc13ecab81628febb41a80775a56c2227b74cbf0a455c0d064f6dd2	ok
2	H5-inline100-pre1	memcpy	2.417	888.44	2415919104	5	958a3598adc13ecab81628febb41a80775a56c2227b74cbf0a455c0d064f6dd2	ok
2	D-clang-tc	memcpy	2.219	967.69	2415919104	5	958a3598adc13ecab81628febb41a80775a56c2227b74cbf0a455c0d064f6dd2	ok
2	main-gcc-stock	branch	2.291	937.41	2415919104	5	3bb926ddc35a9ca8bdc7f6dfe2c84757cc27a07ceb7ed7637ddd3e5969b40e8c	ok
2	D-gcc-tc	branch	2.374	904.59	2415919104	5	3bb926ddc35a9ca8bdc7f6dfe2c84757cc27a07ceb7ed7637ddd3e5969b40e8c	ok
2	H2-inline100	branch	2.245	956.54	2415919104	5	3bb926ddc35a9ca8bdc7f6dfe2c84757cc27a07ceb7ed7637ddd3e5969b40e8c	ok
2	H5-inline100-pre1	branch	2.225	965.31	2415919104	5	3bb926ddc35a9ca8bdc7f6dfe2c84757cc27a07ceb7ed7637ddd3e5969b40e8c	ok
2	D-clang-tc	branch	2.100	1022.80	2415919104	5	3bb926ddc35a9ca8bdc7f6dfe2c84757cc27a07ceb7ed7637ddd3e5969b40e8c	ok
2	main-gcc-stock	heapsort	2.477	867.12	2415919104	5	a01ab4e7ef8c8decb06055977002f5b5da8aeb3fa95049718b71a92d1d517adf	ok
2	D-gcc-tc	heapsort	2.495	860.76	2415919104	5	a01ab4e7ef8c8decb06055977002f5b5da8aeb3fa95049718b71a92d1d517adf	ok
2	H2-inline100	heapsort	2.482	865.19	2415919104	5	a01ab4e7ef8c8decb06055977002f5b5da8aeb3fa95049718b71a92d1d517adf	ok
2	H5-inline100-pre1	heapsort	2.589	829.37	2415919104	5	a01ab4e7ef8c8decb06055977002f5b5da8aeb3fa95049718b71a92d1d517adf	ok
2	D-clang-tc	heapsort	2.453	875.40	2415919104	5	a01ab4e7ef8c8decb06055977002f5b5da8aeb3fa95049718b71a92d1d517adf	ok
2	main-gcc-stock	tsearch	3.970	540.87	2415919104	5	35451ee71307997f2b1b494651a5fbd4257517350c84a0a993817a6e38fc713b	ok
2	D-gcc-tc	tsearch	3.999	536.96	2415919104	5	35451ee71307997f2b1b494651a5fbd4257517350c84a0a993817a6e38fc713b	ok
2	H2-inline100	tsearch	4.057	529.39	2415919104	5	35451ee71307997f2b1b494651a5fbd4257517350c84a0a993817a6e38fc713b	ok
2	H5-inline100-pre1	tsearch	4.112	522.25	2415919104	5	35451ee71307997f2b1b494651a5fbd4257517350c84a0a993817a6e38fc713b	ok
2	D-clang-tc	tsearch	3.810	563.68	2415919104	5	35451ee71307997f2b1b494651a5fbd4257517350c84a0a993817a6e38fc713b	ok
2	main-gcc-stock	matrix-3d	9.283	231.34	2415919104	5	e0bb44ec0b8c878093bff8307da03316a00c102a16babcbc42ceb8ca6e4cf0fe	ok
2	D-gcc-tc	matrix-3d	9.392	228.66	2415919104	5	e0bb44ec0b8c878093bff8307da03316a00c102a16babcbc42ceb8ca6e4cf0fe	ok
2	H2-inline100	matrix-3d	9.850	218.03	2415919104	5	e0bb44ec0b8c878093bff8307da03316a00c102a16babcbc42ceb8ca6e4cf0fe	ok
2	H5-inline100-pre1	matrix-3d	10.325	208.00	2415919104	5	e0bb44ec0b8c878093bff8307da03316a00c102a16babcbc42ceb8ca6e4cf0fe	ok
2	D-clang-tc	matrix-3d	9.695	221.50	2415919104	5	e0bb44ec0b8c878093bff8307da03316a00c102a16babcbc42ceb8ca6e4cf0fe	ok
2	main-gcc-stock	tree	4.274	502.45	2415919104	5	aaacf4808d9da670176f52ce3fa35924ce51d90d4fb24440308902b6302f92d4	ok
2	D-gcc-tc	tree	4.373	491.06	2415919104	5	aaacf4808d9da670176f52ce3fa35924ce51d90d4fb24440308902b6302f92d4	ok
2	H2-inline100	tree	4.399	488.13	2415919104	5	aaacf4808d9da670176f52ce3fa35924ce51d90d4fb24440308902b6302f92d4	ok
2	H5-inline100-pre1	tree	4.443	483.30	2415919104	5	aaacf4808d9da670176f52ce3fa35924ce51d90d4fb24440308902b6302f92d4	ok
2	D-clang-tc	tree	4.164	515.77	2415919104	5	aaacf4808d9da670176f52ce3fa35924ce51d90d4fb24440308902b6302f92d4	ok
2	main-gcc-stock	malloc	7.239	296.67	2415919104	5	bc106f77f0341f5e4be9c92901b33c15b5007cb13195b0f0c68d678b1ed2a2cf	ok
2	D-gcc-tc	malloc	7.333	292.84	2415919104	5	bc106f77f0341f5e4be9c92901b33c15b5007cb13195b0f0c68d678b1ed2a2cf	ok
2	H2-inline100	malloc	7.372	291.29	2415919104	5	bc106f77f0341f5e4be9c92901b33c15b5007cb13195b0f0c68d678b1ed2a2cf	ok
2	H5-inline100-pre1	malloc	7.410	289.82	2415919104	5	bc106f77f0341f5e4be9c92901b33c15b5007cb13195b0f0c68d678b1ed2a2cf	ok
2	D-clang-tc	malloc	7.091	302.83	2415919104	5	bc106f77f0341f5e4be9c92901b33c15b5007cb13195b0f0c68d678b1ed2a2cf	ok
2	main-gcc-stock	randlist	3.722	577.04	2415919104	5	ff2547c8dfc9c90e5eb6f65e14b3feda61f3dd85b0d465e351788800a850fd4a	ok
2	D-gcc-tc	randlist	3.798	565.39	2415919104	5	ff2547c8dfc9c90e5eb6f65e14b3feda61f3dd85b0d465e351788800a850fd4a	ok
2	H2-inline100	randlist	3.854	557.21	2415919104	5	ff2547c8dfc9c90e5eb6f65e14b3feda61f3dd85b0d465e351788800a850fd4a	ok
2	H5-inline100-pre1	randlist	3.883	553.10	2415919104	5	ff2547c8dfc9c90e5eb6f65e14b3feda61f3dd85b0d465e351788800a850fd4a	ok
2	D-clang-tc	randlist	3.752	572.28	2415919104	5	ff2547c8dfc9c90e5eb6f65e14b3feda61f3dd85b0d465e351788800a850fd4a	ok
3	main-gcc-stock	qsort	2.665	805.95	2415919104	5	daad9b63b2013449fba5d90591787dff8817c65d0d9bc57a0d814d2ef4c712ab	ok
3	D-gcc-tc	qsort	2.681	801.02	2415919104	5	daad9b63b2013449fba5d90591787dff8817c65d0d9bc57a0d814d2ef4c712ab	ok
3	H2-inline100	qsort	2.670	804.15	2415919104	5	daad9b63b2013449fba5d90591787dff8817c65d0d9bc57a0d814d2ef4c712ab	ok
3	H5-inline100-pre1	qsort	2.802	766.42	2415919104	5	daad9b63b2013449fba5d90591787dff8817c65d0d9bc57a0d814d2ef4c712ab	ok
3	D-clang-tc	qsort	2.584	831.20	2415919104	5	daad9b63b2013449fba5d90591787dff8817c65d0d9bc57a0d814d2ef4c712ab	ok
3	main-gcc-stock	zlib	2.668	804.83	2415919104	5	be1e876889828625d023972c3bfc8e07f4fece5144eca0fec4b8468571920b5a	ok
3	D-gcc-tc	zlib	2.649	810.65	2415919104	5	be1e876889828625d023972c3bfc8e07f4fece5144eca0fec4b8468571920b5a	ok
3	H2-inline100	zlib	2.631	816.16	2415919104	5	be1e876889828625d023972c3bfc8e07f4fece5144eca0fec4b8468571920b5a	ok
3	H5-inline100-pre1	zlib	2.684	800.15	2415919104	5	be1e876889828625d023972c3bfc8e07f4fece5144eca0fec4b8468571920b5a	ok
3	D-clang-tc	zlib	2.641	813.17	2415919104	5	be1e876889828625d023972c3bfc8e07f4fece5144eca0fec4b8468571920b5a	ok
3	main-gcc-stock	hash	2.343	916.43	2415919104	5	7faadb95a5025daebfcb19715b698c3263c38de7907e186ca1daab75930291a9	ok
3	D-gcc-tc	hash	2.350	913.80	2415919104	5	7faadb95a5025daebfcb19715b698c3263c38de7907e186ca1daab75930291a9	ok
3	H2-inline100	hash	2.362	909.16	2415919104	5	7faadb95a5025daebfcb19715b698c3263c38de7907e186ca1daab75930291a9	ok
3	H5-inline100-pre1	hash	2.459	873.35	2415919104	5	7faadb95a5025daebfcb19715b698c3263c38de7907e186ca1daab75930291a9	ok
3	D-clang-tc	hash	2.330	921.50	2415919104	5	7faadb95a5025daebfcb19715b698c3263c38de7907e186ca1daab75930291a9	ok
3	main-gcc-stock	syscall	6.044	355.30	2415919104	5	42cec926ae99b5b2c0da4cf14907627c80ca32cc217e17c9c968a87a3f8695f2	ok
3	D-gcc-tc	syscall	5.952	360.82	2415919104	5	42cec926ae99b5b2c0da4cf14907627c80ca32cc217e17c9c968a87a3f8695f2	ok
3	H2-inline100	syscall	5.924	362.50	2415919104	5	42cec926ae99b5b2c0da4cf14907627c80ca32cc217e17c9c968a87a3f8695f2	ok
3	H5-inline100-pre1	syscall	5.839	367.77	2415919104	5	42cec926ae99b5b2c0da4cf14907627c80ca32cc217e17c9c968a87a3f8695f2	ok
3	D-clang-tc	syscall	5.623	381.89	2415919104	5	42cec926ae99b5b2c0da4cf14907627c80ca32cc217e17c9c968a87a3f8695f2	ok
3	main-gcc-stock	fp	2.458	873.77	2415919104	5	906dd97cb18890335374e13f06f11d3462076edd39a916310cd65dd5aafb45b7	ok
3	D-gcc-tc	fp	2.454	875.01	2415919104	5	906dd97cb18890335374e13f06f11d3462076edd39a916310cd65dd5aafb45b7	ok
3	H2-inline100	fp	2.473	868.44	2415919104	5	906dd97cb18890335374e13f06f11d3462076edd39a916310cd65dd5aafb45b7	ok
3	H5-inline100-pre1	fp	2.512	854.92	2415919104	5	906dd97cb18890335374e13f06f11d3462076edd39a916310cd65dd5aafb45b7	ok
3	D-clang-tc	fp	2.374	904.68	2415919104	5	906dd97cb18890335374e13f06f11d3462076edd39a916310cd65dd5aafb45b7	ok
3	main-gcc-stock	nop	1.278	1680.15	2415919104	5	da57556b7bc3bfb3034f0e46a44731597514065f16bb82552863d1f9e3d8922b	ok
3	D-gcc-tc	nop	1.314	1634.67	2415919104	5	da57556b7bc3bfb3034f0e46a44731597514065f16bb82552863d1f9e3d8922b	ok
3	H2-inline100	nop	1.220	1760.60	2415919104	5	da57556b7bc3bfb3034f0e46a44731597514065f16bb82552863d1f9e3d8922b	ok
3	H5-inline100-pre1	nop	1.165	1843.74	2415919104	5	da57556b7bc3bfb3034f0e46a44731597514065f16bb82552863d1f9e3d8922b	ok
3	D-clang-tc	nop	1.030	2085.57	2415919104	5	da57556b7bc3bfb3034f0e46a44731597514065f16bb82552863d1f9e3d8922b	ok
3	main-gcc-stock	regs	1.763	1217.95	2415919104	5	8046902ef45b574fa0d049b88f703123dc1dc6906940453019f5439d19dea791	ok
3	D-gcc-tc	regs	1.807	1188.74	2415919104	5	8046902ef45b574fa0d049b88f703123dc1dc6906940453019f5439d19dea791	ok
3	H2-inline100	regs	1.598	1343.57	2415919104	5	8046902ef45b574fa0d049b88f703123dc1dc6906940453019f5439d19dea791	ok
3	H5-inline100-pre1	regs	1.609	1334.29	2415919104	5	8046902ef45b574fa0d049b88f703123dc1dc6906940453019f5439d19dea791	ok
3	D-clang-tc	regs	1.526	1407.49	2415919104	5	8046902ef45b574fa0d049b88f703123dc1dc6906940453019f5439d19dea791	ok
3	main-gcc-stock	cpu	3.543	606.09	2415919104	5	eb324f1c6c0ea8e673c7ec829a4f55d0c80fd4c2ac098b6823a35cde5682c4a5	ok
3	D-gcc-tc	cpu	3.499	613.81	2415919104	5	eb324f1c6c0ea8e673c7ec829a4f55d0c80fd4c2ac098b6823a35cde5682c4a5	ok
3	H2-inline100	cpu	3.513	611.35	2415919104	5	eb324f1c6c0ea8e673c7ec829a4f55d0c80fd4c2ac098b6823a35cde5682c4a5	ok
3	H5-inline100-pre1	cpu	3.486	615.98	2415919104	5	eb324f1c6c0ea8e673c7ec829a4f55d0c80fd4c2ac098b6823a35cde5682c4a5	ok
3	D-clang-tc	cpu	3.321	646.63	2415919104	5	eb324f1c6c0ea8e673c7ec829a4f55d0c80fd4c2ac098b6823a35cde5682c4a5	ok
3	main-gcc-stock	crypt	2.938	730.93	2415919104	5	075ad5f3bef8aaa9bd8daae921884aff4a4c30187ed0bdb9fd30959f75e2709b	ok
3	D-gcc-tc	crypt	3.116	689.21	2415919104	5	075ad5f3bef8aaa9bd8daae921884aff4a4c30187ed0bdb9fd30959f75e2709b	ok
3	H2-inline100	crypt	3.157	680.25	2415919104	5	075ad5f3bef8aaa9bd8daae921884aff4a4c30187ed0bdb9fd30959f75e2709b	ok
3	H5-inline100-pre1	crypt	3.261	658.43	2415919104	5	075ad5f3bef8aaa9bd8daae921884aff4a4c30187ed0bdb9fd30959f75e2709b	ok
3	D-clang-tc	crypt	2.774	774.15	2415919104	5	075ad5f3bef8aaa9bd8daae921884aff4a4c30187ed0bdb9fd30959f75e2709b	ok
3	main-gcc-stock	memcpy	2.229	963.61	2415919104	5	958a3598adc13ecab81628febb41a80775a56c2227b74cbf0a455c0d064f6dd2	ok
3	D-gcc-tc	memcpy	2.238	959.42	2415919104	5	958a3598adc13ecab81628febb41a80775a56c2227b74cbf0a455c0d064f6dd2	ok
3	H2-inline100	memcpy	2.221	966.83	2415919104	5	958a3598adc13ecab81628febb41a80775a56c2227b74cbf0a455c0d064f6dd2	ok
3	H5-inline100-pre1	memcpy	2.414	889.58	2415919104	5	958a3598adc13ecab81628febb41a80775a56c2227b74cbf0a455c0d064f6dd2	ok
3	D-clang-tc	memcpy	2.217	968.66	2415919104	5	958a3598adc13ecab81628febb41a80775a56c2227b74cbf0a455c0d064f6dd2	ok
3	main-gcc-stock	branch	2.261	950.00	2415919104	5	3bb926ddc35a9ca8bdc7f6dfe2c84757cc27a07ceb7ed7637ddd3e5969b40e8c	ok
3	D-gcc-tc	branch	2.324	923.85	2415919104	5	3bb926ddc35a9ca8bdc7f6dfe2c84757cc27a07ceb7ed7637ddd3e5969b40e8c	ok
3	H2-inline100	branch	2.234	961.27	2415919104	5	3bb926ddc35a9ca8bdc7f6dfe2c84757cc27a07ceb7ed7637ddd3e5969b40e8c	ok
3	H5-inline100-pre1	branch	2.226	964.54	2415919104	5	3bb926ddc35a9ca8bdc7f6dfe2c84757cc27a07ceb7ed7637ddd3e5969b40e8c	ok
3	D-clang-tc	branch	2.101	1022.05	2415919104	5	3bb926ddc35a9ca8bdc7f6dfe2c84757cc27a07ceb7ed7637ddd3e5969b40e8c	ok
3	main-gcc-stock	heapsort	2.474	868.04	2415919104	5	a01ab4e7ef8c8decb06055977002f5b5da8aeb3fa95049718b71a92d1d517adf	ok
3	D-gcc-tc	heapsort	2.504	857.73	2415919104	5	a01ab4e7ef8c8decb06055977002f5b5da8aeb3fa95049718b71a92d1d517adf	ok
3	H2-inline100	heapsort	2.480	865.86	2415919104	5	a01ab4e7ef8c8decb06055977002f5b5da8aeb3fa95049718b71a92d1d517adf	ok
3	H5-inline100-pre1	heapsort	2.580	832.30	2415919104	5	a01ab4e7ef8c8decb06055977002f5b5da8aeb3fa95049718b71a92d1d517adf	ok
3	D-clang-tc	heapsort	2.436	881.66	2415919104	5	a01ab4e7ef8c8decb06055977002f5b5da8aeb3fa95049718b71a92d1d517adf	ok
3	main-gcc-stock	tsearch	3.896	551.22	2415919104	5	35451ee71307997f2b1b494651a5fbd4257517350c84a0a993817a6e38fc713b	ok
3	D-gcc-tc	tsearch	4.009	535.61	2415919104	5	35451ee71307997f2b1b494651a5fbd4257517350c84a0a993817a6e38fc713b	ok
3	H2-inline100	tsearch	4.053	529.86	2415919104	5	35451ee71307997f2b1b494651a5fbd4257517350c84a0a993817a6e38fc713b	ok
3	H5-inline100-pre1	tsearch	4.104	523.21	2415919104	5	35451ee71307997f2b1b494651a5fbd4257517350c84a0a993817a6e38fc713b	ok
3	D-clang-tc	tsearch	3.787	567.05	2415919104	5	35451ee71307997f2b1b494651a5fbd4257517350c84a0a993817a6e38fc713b	ok
3	main-gcc-stock	matrix-3d	9.304	230.81	2415919104	5	e0bb44ec0b8c878093bff8307da03316a00c102a16babcbc42ceb8ca6e4cf0fe	ok
3	D-gcc-tc	matrix-3d	9.395	228.57	2415919104	5	e0bb44ec0b8c878093bff8307da03316a00c102a16babcbc42ceb8ca6e4cf0fe	ok
3	H2-inline100	matrix-3d	9.849	218.05	2415919104	5	e0bb44ec0b8c878093bff8307da03316a00c102a16babcbc42ceb8ca6e4cf0fe	ok
3	H5-inline100-pre1	matrix-3d	10.275	208.99	2415919104	5	e0bb44ec0b8c878093bff8307da03316a00c102a16babcbc42ceb8ca6e4cf0fe	ok
3	D-clang-tc	matrix-3d	9.685	221.74	2415919104	5	e0bb44ec0b8c878093bff8307da03316a00c102a16babcbc42ceb8ca6e4cf0fe	ok
3	main-gcc-stock	tree	4.277	502.06	2415919104	5	aaacf4808d9da670176f52ce3fa35924ce51d90d4fb24440308902b6302f92d4	ok
3	D-gcc-tc	tree	4.382	490.06	2415919104	5	aaacf4808d9da670176f52ce3fa35924ce51d90d4fb24440308902b6302f92d4	ok
3	H2-inline100	tree	4.406	487.35	2415919104	5	aaacf4808d9da670176f52ce3fa35924ce51d90d4fb24440308902b6302f92d4	ok
3	H5-inline100-pre1	tree	4.430	484.73	2415919104	5	aaacf4808d9da670176f52ce3fa35924ce51d90d4fb24440308902b6302f92d4	ok
3	D-clang-tc	tree	4.166	515.53	2415919104	5	aaacf4808d9da670176f52ce3fa35924ce51d90d4fb24440308902b6302f92d4	ok
3	main-gcc-stock	malloc	7.082	303.23	2415919104	5	bc106f77f0341f5e4be9c92901b33c15b5007cb13195b0f0c68d678b1ed2a2cf	ok
3	D-gcc-tc	malloc	7.338	292.66	2415919104	5	bc106f77f0341f5e4be9c92901b33c15b5007cb13195b0f0c68d678b1ed2a2cf	ok
3	H2-inline100	malloc	7.354	292.03	2415919104	5	bc106f77f0341f5e4be9c92901b33c15b5007cb13195b0f0c68d678b1ed2a2cf	ok
3	H5-inline100-pre1	malloc	7.309	293.83	2415919104	5	bc106f77f0341f5e4be9c92901b33c15b5007cb13195b0f0c68d678b1ed2a2cf	ok
3	D-clang-tc	malloc	6.945	309.23	2415919104	5	bc106f77f0341f5e4be9c92901b33c15b5007cb13195b0f0c68d678b1ed2a2cf	ok
3	main-gcc-stock	randlist	3.724	576.70	2415919104	5	ff2547c8dfc9c90e5eb6f65e14b3feda61f3dd85b0d465e351788800a850fd4a	ok
3	D-gcc-tc	randlist	3.799	565.29	2415919104	5	ff2547c8dfc9c90e5eb6f65e14b3feda61f3dd85b0d465e351788800a850fd4a	ok
3	H2-inline100	randlist	3.864	555.71	2415919104	5	ff2547c8dfc9c90e5eb6f65e14b3feda61f3dd85b0d465e351788800a850fd4a	ok
3	H5-inline100-pre1	randlist	3.886	552.56	2415919104	5	ff2547c8dfc9c90e5eb6f65e14b3feda61f3dd85b0d465e351788800a850fd4a	ok
3	D-clang-tc	randlist	3.744	573.55	2415919104	5	ff2547c8dfc9c90e5eb6f65e14b3feda61f3dd85b0d465e351788800a850fd4a	ok
1	main-gcc-stock	qsort	2.664	806.06	2415919104	5	daad9b63b2013449fba5d90591787dff8817c65d0d9bc57a0d814d2ef4c712ab	ok
1	D-gcc-tc	qsort	2.679	801.47	2415919104	5	daad9b63b2013449fba5d90591787dff8817c65d0d9bc57a0d814d2ef4c712ab	ok
1	I1-gcc-tc-noattr	qsort	2.641	813.02	2415919104	5	daad9b63b2013449fba5d90591787dff8817c65d0d9bc57a0d814d2ef4c712ab	ok
1	main-gcc-stock	zlib	2.685	799.83	2415919104	5	be1e876889828625d023972c3bfc8e07f4fece5144eca0fec4b8468571920b5a	ok
1	D-gcc-tc	zlib	2.640	813.45	2415919104	5	be1e876889828625d023972c3bfc8e07f4fece5144eca0fec4b8468571920b5a	ok
1	I1-gcc-tc-noattr	zlib	2.608	823.30	2415919104	5	be1e876889828625d023972c3bfc8e07f4fece5144eca0fec4b8468571920b5a	ok
1	main-gcc-stock	hash	2.341	917.40	2415919104	5	7faadb95a5025daebfcb19715b698c3263c38de7907e186ca1daab75930291a9	ok
1	D-gcc-tc	hash	2.359	910.26	2415919104	5	7faadb95a5025daebfcb19715b698c3263c38de7907e186ca1daab75930291a9	ok
1	I1-gcc-tc-noattr	hash	2.346	915.47	2415919104	5	7faadb95a5025daebfcb19715b698c3263c38de7907e186ca1daab75930291a9	ok
1	main-gcc-stock	syscall	6.001	357.85	2415919104	5	42cec926ae99b5b2c0da4cf14907627c80ca32cc217e17c9c968a87a3f8695f2	ok
1	D-gcc-tc	syscall	5.923	362.55	2415919104	5	42cec926ae99b5b2c0da4cf14907627c80ca32cc217e17c9c968a87a3f8695f2	ok
1	I1-gcc-tc-noattr	syscall	5.829	368.41	2415919104	5	42cec926ae99b5b2c0da4cf14907627c80ca32cc217e17c9c968a87a3f8695f2	ok
1	main-gcc-stock	fp	2.457	874.15	2415919104	5	906dd97cb18890335374e13f06f11d3462076edd39a916310cd65dd5aafb45b7	ok
1	D-gcc-tc	fp	2.443	879.05	2415919104	5	906dd97cb18890335374e13f06f11d3462076edd39a916310cd65dd5aafb45b7	ok
1	I1-gcc-tc-noattr	fp	2.444	878.73	2415919104	5	906dd97cb18890335374e13f06f11d3462076edd39a916310cd65dd5aafb45b7	ok
1	main-gcc-stock	nop	1.275	1683.98	2415919104	5	da57556b7bc3bfb3034f0e46a44731597514065f16bb82552863d1f9e3d8922b	ok
1	D-gcc-tc	nop	1.313	1635.30	2415919104	5	da57556b7bc3bfb3034f0e46a44731597514065f16bb82552863d1f9e3d8922b	ok
1	I1-gcc-tc-noattr	nop	1.300	1652.12	2415919104	5	da57556b7bc3bfb3034f0e46a44731597514065f16bb82552863d1f9e3d8922b	ok
1	main-gcc-stock	regs	1.760	1220.09	2415919104	5	8046902ef45b574fa0d049b88f703123dc1dc6906940453019f5439d19dea791	ok
1	D-gcc-tc	regs	1.804	1190.14	2415919104	5	8046902ef45b574fa0d049b88f703123dc1dc6906940453019f5439d19dea791	ok
1	I1-gcc-tc-noattr	regs	1.787	1201.65	2415919104	5	8046902ef45b574fa0d049b88f703123dc1dc6906940453019f5439d19dea791	ok
1	main-gcc-stock	cpu	3.552	604.63	2415919104	5	eb324f1c6c0ea8e673c7ec829a4f55d0c80fd4c2ac098b6823a35cde5682c4a5	ok
1	D-gcc-tc	cpu	3.483	616.55	2415919104	5	eb324f1c6c0ea8e673c7ec829a4f55d0c80fd4c2ac098b6823a35cde5682c4a5	ok
1	I1-gcc-tc-noattr	cpu	3.493	614.78	2415919104	5	eb324f1c6c0ea8e673c7ec829a4f55d0c80fd4c2ac098b6823a35cde5682c4a5	ok
1	main-gcc-stock	crypt	2.930	732.93	2415919104	5	075ad5f3bef8aaa9bd8daae921884aff4a4c30187ed0bdb9fd30959f75e2709b	ok
1	D-gcc-tc	crypt	3.111	690.32	2415919104	5	075ad5f3bef8aaa9bd8daae921884aff4a4c30187ed0bdb9fd30959f75e2709b	ok
1	I1-gcc-tc-noattr	crypt	3.204	670.30	2415919104	5	075ad5f3bef8aaa9bd8daae921884aff4a4c30187ed0bdb9fd30959f75e2709b	ok
1	main-gcc-stock	memcpy	2.234	961.19	2415919104	5	958a3598adc13ecab81628febb41a80775a56c2227b74cbf0a455c0d064f6dd2	ok
1	D-gcc-tc	memcpy	2.235	960.70	2415919104	5	958a3598adc13ecab81628febb41a80775a56c2227b74cbf0a455c0d064f6dd2	ok
1	I1-gcc-tc-noattr	memcpy	2.228	964.01	2415919104	5	958a3598adc13ecab81628febb41a80775a56c2227b74cbf0a455c0d064f6dd2	ok
1	main-gcc-stock	branch	2.283	940.45	2415919104	5	3bb926ddc35a9ca8bdc7f6dfe2c84757cc27a07ceb7ed7637ddd3e5969b40e8c	ok
1	D-gcc-tc	branch	2.330	921.81	2415919104	5	3bb926ddc35a9ca8bdc7f6dfe2c84757cc27a07ceb7ed7637ddd3e5969b40e8c	ok
1	I1-gcc-tc-noattr	branch	2.231	962.59	2415919104	5	3bb926ddc35a9ca8bdc7f6dfe2c84757cc27a07ceb7ed7637ddd3e5969b40e8c	ok
1	main-gcc-stock	heapsort	2.476	867.47	2415919104	5	a01ab4e7ef8c8decb06055977002f5b5da8aeb3fa95049718b71a92d1d517adf	ok
1	D-gcc-tc	heapsort	2.500	859.15	2415919104	5	a01ab4e7ef8c8decb06055977002f5b5da8aeb3fa95049718b71a92d1d517adf	ok
1	I1-gcc-tc-noattr	heapsort	2.462	872.10	2415919104	5	a01ab4e7ef8c8decb06055977002f5b5da8aeb3fa95049718b71a92d1d517adf	ok
1	main-gcc-stock	tsearch	3.904	550.02	2415919104	5	35451ee71307997f2b1b494651a5fbd4257517350c84a0a993817a6e38fc713b	ok
1	D-gcc-tc	tsearch	3.996	537.43	2415919104	5	35451ee71307997f2b1b494651a5fbd4257517350c84a0a993817a6e38fc713b	ok
1	I1-gcc-tc-noattr	tsearch	3.993	537.77	2415919104	5	35451ee71307997f2b1b494651a5fbd4257517350c84a0a993817a6e38fc713b	ok
1	main-gcc-stock	matrix-3d	9.284	231.30	2415919104	5	e0bb44ec0b8c878093bff8307da03316a00c102a16babcbc42ceb8ca6e4cf0fe	ok
1	D-gcc-tc	matrix-3d	9.395	228.57	2415919104	5	e0bb44ec0b8c878093bff8307da03316a00c102a16babcbc42ceb8ca6e4cf0fe	ok
1	I1-gcc-tc-noattr	matrix-3d	9.518	225.62	2415919104	5	e0bb44ec0b8c878093bff8307da03316a00c102a16babcbc42ceb8ca6e4cf0fe	ok
1	main-gcc-stock	tree	4.260	504.15	2415919104	5	aaacf4808d9da670176f52ce3fa35924ce51d90d4fb24440308902b6302f92d4	ok
1	D-gcc-tc	tree	4.376	490.76	2415919104	5	aaacf4808d9da670176f52ce3fa35924ce51d90d4fb24440308902b6302f92d4	ok
1	I1-gcc-tc-noattr	tree	4.279	501.88	2415919104	5	aaacf4808d9da670176f52ce3fa35924ce51d90d4fb24440308902b6302f92d4	ok
1	main-gcc-stock	malloc	7.245	296.43	2415919104	5	bc106f77f0341f5e4be9c92901b33c15b5007cb13195b0f0c68d678b1ed2a2cf	ok
1	D-gcc-tc	malloc	7.515	285.75	2415919104	5	bc106f77f0341f5e4be9c92901b33c15b5007cb13195b0f0c68d678b1ed2a2cf	ok
1	I1-gcc-tc-noattr	malloc	7.226	297.18	2415919104	5	bc106f77f0341f5e4be9c92901b33c15b5007cb13195b0f0c68d678b1ed2a2cf	ok
1	main-gcc-stock	randlist	3.742	573.91	2415919104	5	ff2547c8dfc9c90e5eb6f65e14b3feda61f3dd85b0d465e351788800a850fd4a	ok
1	D-gcc-tc	randlist	3.805	564.32	2415919104	5	ff2547c8dfc9c90e5eb6f65e14b3feda61f3dd85b0d465e351788800a850fd4a	ok
1	I1-gcc-tc-noattr	randlist	3.815	562.97	2415919104	5	ff2547c8dfc9c90e5eb6f65e14b3feda61f3dd85b0d465e351788800a850fd4a	ok
2	main-gcc-stock	qsort	2.670	804.39	2415919104	5	daad9b63b2013449fba5d90591787dff8817c65d0d9bc57a0d814d2ef4c712ab	ok
2	D-gcc-tc	qsort	2.702	794.66	2415919104	5	daad9b63b2013449fba5d90591787dff8817c65d0d9bc57a0d814d2ef4c712ab	ok
2	I1-gcc-tc-noattr	qsort	2.648	810.99	2415919104	5	daad9b63b2013449fba5d90591787dff8817c65d0d9bc57a0d814d2ef4c712ab	ok
2	main-gcc-stock	zlib	2.688	798.95	2415919104	5	be1e876889828625d023972c3bfc8e07f4fece5144eca0fec4b8468571920b5a	ok
2	D-gcc-tc	zlib	2.651	810.18	2415919104	5	be1e876889828625d023972c3bfc8e07f4fece5144eca0fec4b8468571920b5a	ok
2	I1-gcc-tc-noattr	zlib	2.629	816.77	2415919104	5	be1e876889828625d023972c3bfc8e07f4fece5144eca0fec4b8468571920b5a	ok
2	main-gcc-stock	hash	2.344	915.97	2415919104	5	7faadb95a5025daebfcb19715b698c3263c38de7907e186ca1daab75930291a9	ok
2	D-gcc-tc	hash	2.352	913.09	2415919104	5	7faadb95a5025daebfcb19715b698c3263c38de7907e186ca1daab75930291a9	ok
2	I1-gcc-tc-noattr	hash	2.346	915.28	2415919104	5	7faadb95a5025daebfcb19715b698c3263c38de7907e186ca1daab75930291a9	ok
2	main-gcc-stock	syscall	6.065	354.09	2415919104	5	42cec926ae99b5b2c0da4cf14907627c80ca32cc217e17c9c968a87a3f8695f2	ok
2	D-gcc-tc	syscall	6.002	357.78	2415919104	5	42cec926ae99b5b2c0da4cf14907627c80ca32cc217e17c9c968a87a3f8695f2	ok
2	I1-gcc-tc-noattr	syscall	5.877	365.43	2415919104	5	42cec926ae99b5b2c0da4cf14907627c80ca32cc217e17c9c968a87a3f8695f2	ok
2	main-gcc-stock	fp	2.456	874.53	2415919104	5	906dd97cb18890335374e13f06f11d3462076edd39a916310cd65dd5aafb45b7	ok
2	D-gcc-tc	fp	2.454	875.21	2415919104	5	906dd97cb18890335374e13f06f11d3462076edd39a916310cd65dd5aafb45b7	ok
2	I1-gcc-tc-noattr	fp	2.442	879.45	2415919104	5	906dd97cb18890335374e13f06f11d3462076edd39a916310cd65dd5aafb45b7	ok
2	main-gcc-stock	nop	1.278	1679.80	2415919104	5	da57556b7bc3bfb3034f0e46a44731597514065f16bb82552863d1f9e3d8922b	ok
2	D-gcc-tc	nop	1.314	1634.54	2415919104	5	da57556b7bc3bfb3034f0e46a44731597514065f16bb82552863d1f9e3d8922b	ok
2	I1-gcc-tc-noattr	nop	1.302	1648.89	2415919104	5	da57556b7bc3bfb3034f0e46a44731597514065f16bb82552863d1f9e3d8922b	ok
2	main-gcc-stock	regs	1.765	1216.90	2415919104	5	8046902ef45b574fa0d049b88f703123dc1dc6906940453019f5439d19dea791	ok
2	D-gcc-tc	regs	1.808	1187.69	2415919104	5	8046902ef45b574fa0d049b88f703123dc1dc6906940453019f5439d19dea791	ok
2	I1-gcc-tc-noattr	regs	1.787	1201.96	2415919104	5	8046902ef45b574fa0d049b88f703123dc1dc6906940453019f5439d19dea791	ok
2	main-gcc-stock	cpu	3.521	609.92	2415919104	5	eb324f1c6c0ea8e673c7ec829a4f55d0c80fd4c2ac098b6823a35cde5682c4a5	ok
2	D-gcc-tc	cpu	3.486	616.11	2415919104	5	eb324f1c6c0ea8e673c7ec829a4f55d0c80fd4c2ac098b6823a35cde5682c4a5	ok
2	I1-gcc-tc-noattr	cpu	3.504	612.80	2415919104	5	eb324f1c6c0ea8e673c7ec829a4f55d0c80fd4c2ac098b6823a35cde5682c4a5	ok
2	main-gcc-stock	crypt	2.921	735.26	2415919104	5	075ad5f3bef8aaa9bd8daae921884aff4a4c30187ed0bdb9fd30959f75e2709b	ok
2	D-gcc-tc	crypt	3.110	690.49	2415919104	5	075ad5f3bef8aaa9bd8daae921884aff4a4c30187ed0bdb9fd30959f75e2709b	ok
2	I1-gcc-tc-noattr	crypt	3.216	667.66	2415919104	5	075ad5f3bef8aaa9bd8daae921884aff4a4c30187ed0bdb9fd30959f75e2709b	ok
2	main-gcc-stock	memcpy	2.226	964.83	2415919104	5	958a3598adc13ecab81628febb41a80775a56c2227b74cbf0a455c0d064f6dd2	ok
2	D-gcc-tc	memcpy	2.235	960.88	2415919104	5	958a3598adc13ecab81628febb41a80775a56c2227b74cbf0a455c0d064f6dd2	ok
2	I1-gcc-tc-noattr	memcpy	2.221	966.97	2415919104	5	958a3598adc13ecab81628febb41a80775a56c2227b74cbf0a455c0d064f6dd2	ok
2	main-gcc-stock	branch	2.261	949.71	2415919104	5	3bb926ddc35a9ca8bdc7f6dfe2c84757cc27a07ceb7ed7637ddd3e5969b40e8c	ok
2	D-gcc-tc	branch	2.327	922.68	2415919104	5	3bb926ddc35a9ca8bdc7f6dfe2c84757cc27a07ceb7ed7637ddd3e5969b40e8c	ok
2	I1-gcc-tc-noattr	branch	2.228	963.66	2415919104	5	3bb926ddc35a9ca8bdc7f6dfe2c84757cc27a07ceb7ed7637ddd3e5969b40e8c	ok
2	main-gcc-stock	heapsort	2.472	868.87	2415919104	5	a01ab4e7ef8c8decb06055977002f5b5da8aeb3fa95049718b71a92d1d517adf	ok
2	D-gcc-tc	heapsort	2.497	860.00	2415919104	5	a01ab4e7ef8c8decb06055977002f5b5da8aeb3fa95049718b71a92d1d517adf	ok
2	I1-gcc-tc-noattr	heapsort	2.475	867.67	2415919104	5	a01ab4e7ef8c8decb06055977002f5b5da8aeb3fa95049718b71a92d1d517adf	ok
2	main-gcc-stock	tsearch	3.891	551.95	2415919104	5	35451ee71307997f2b1b494651a5fbd4257517350c84a0a993817a6e38fc713b	ok
2	D-gcc-tc	tsearch	3.991	538.09	2415919104	5	35451ee71307997f2b1b494651a5fbd4257517350c84a0a993817a6e38fc713b	ok
2	I1-gcc-tc-noattr	tsearch	3.989	538.29	2415919104	5	35451ee71307997f2b1b494651a5fbd4257517350c84a0a993817a6e38fc713b	ok
2	main-gcc-stock	matrix-3d	9.281	231.37	2415919104	5	e0bb44ec0b8c878093bff8307da03316a00c102a16babcbc42ceb8ca6e4cf0fe	ok
2	D-gcc-tc	matrix-3d	9.418	228.02	2415919104	5	e0bb44ec0b8c878093bff8307da03316a00c102a16babcbc42ceb8ca6e4cf0fe	ok
2	I1-gcc-tc-noattr	matrix-3d	9.527	225.40	2415919104	5	e0bb44ec0b8c878093bff8307da03316a00c102a16babcbc42ceb8ca6e4cf0fe	ok
2	main-gcc-stock	tree	4.270	502.92	2415919104	5	aaacf4808d9da670176f52ce3fa35924ce51d90d4fb24440308902b6302f92d4	ok
2	D-gcc-tc	tree	4.378	490.49	2415919104	5	aaacf4808d9da670176f52ce3fa35924ce51d90d4fb24440308902b6302f92d4	ok
2	I1-gcc-tc-noattr	tree	4.259	504.20	2415919104	5	aaacf4808d9da670176f52ce3fa35924ce51d90d4fb24440308902b6302f92d4	ok
2	main-gcc-stock	malloc	7.089	302.92	2415919104	5	bc106f77f0341f5e4be9c92901b33c15b5007cb13195b0f0c68d678b1ed2a2cf	ok
2	D-gcc-tc	malloc	7.329	293.00	2415919104	5	bc106f77f0341f5e4be9c92901b33c15b5007cb13195b0f0c68d678b1ed2a2cf	ok
2	I1-gcc-tc-noattr	malloc	7.240	296.62	2415919104	5	bc106f77f0341f5e4be9c92901b33c15b5007cb13195b0f0c68d678b1ed2a2cf	ok
2	main-gcc-stock	randlist	3.726	576.29	2415919104	5	ff2547c8dfc9c90e5eb6f65e14b3feda61f3dd85b0d465e351788800a850fd4a	ok
2	D-gcc-tc	randlist	3.795	565.83	2415919104	5	ff2547c8dfc9c90e5eb6f65e14b3feda61f3dd85b0d465e351788800a850fd4a	ok
2	I1-gcc-tc-noattr	randlist	3.800	565.14	2415919104	5	ff2547c8dfc9c90e5eb6f65e14b3feda61f3dd85b0d465e351788800a850fd4a	ok
3	main-gcc-stock	qsort	2.715	790.99	2415919104	5	daad9b63b2013449fba5d90591787dff8817c65d0d9bc57a0d814d2ef4c712ab	ok
3	D-gcc-tc	qsort	2.687	799.07	2415919104	5	daad9b63b2013449fba5d90591787dff8817c65d0d9bc57a0d814d2ef4c712ab	ok
3	I1-gcc-tc-noattr	qsort	2.640	813.32	2415919104	5	daad9b63b2013449fba5d90591787dff8817c65d0d9bc57a0d814d2ef4c712ab	ok
3	main-gcc-stock	zlib	2.687	799.33	2415919104	5	be1e876889828625d023972c3bfc8e07f4fece5144eca0fec4b8468571920b5a	ok
3	D-gcc-tc	zlib	2.677	802.31	2415919104	5	be1e876889828625d023972c3bfc8e07f4fece5144eca0fec4b8468571920b5a	ok
3	I1-gcc-tc-noattr	zlib	2.629	816.73	2415919104	5	be1e876889828625d023972c3bfc8e07f4fece5144eca0fec4b8468571920b5a	ok
3	main-gcc-stock	hash	2.343	916.74	2415919104	5	7faadb95a5025daebfcb19715b698c3263c38de7907e186ca1daab75930291a9	ok
3	D-gcc-tc	hash	2.350	913.76	2415919104	5	7faadb95a5025daebfcb19715b698c3263c38de7907e186ca1daab75930291a9	ok
3	I1-gcc-tc-noattr	hash	2.346	915.44	2415919104	5	7faadb95a5025daebfcb19715b698c3263c38de7907e186ca1daab75930291a9	ok
3	main-gcc-stock	syscall	6.006	357.55	2415919104	5	42cec926ae99b5b2c0da4cf14907627c80ca32cc217e17c9c968a87a3f8695f2	ok
3	D-gcc-tc	syscall	5.914	363.10	2415919104	5	42cec926ae99b5b2c0da4cf14907627c80ca32cc217e17c9c968a87a3f8695f2	ok
3	I1-gcc-tc-noattr	syscall	5.824	368.76	2415919104	5	42cec926ae99b5b2c0da4cf14907627c80ca32cc217e17c9c968a87a3f8695f2	ok
3	main-gcc-stock	fp	2.460	873.11	2415919104	5	906dd97cb18890335374e13f06f11d3462076edd39a916310cd65dd5aafb45b7	ok
3	D-gcc-tc	fp	2.454	875.01	2415919104	5	906dd97cb18890335374e13f06f11d3462076edd39a916310cd65dd5aafb45b7	ok
3	I1-gcc-tc-noattr	fp	2.446	877.83	2415919104	5	906dd97cb18890335374e13f06f11d3462076edd39a916310cd65dd5aafb45b7	ok
3	main-gcc-stock	nop	1.276	1683.55	2415919104	5	da57556b7bc3bfb3034f0e46a44731597514065f16bb82552863d1f9e3d8922b	ok
3	D-gcc-tc	nop	1.313	1635.50	2415919104	5	da57556b7bc3bfb3034f0e46a44731597514065f16bb82552863d1f9e3d8922b	ok
3	I1-gcc-tc-noattr	nop	1.303	1648.20	2415919104	5	da57556b7bc3bfb3034f0e46a44731597514065f16bb82552863d1f9e3d8922b	ok
3	main-gcc-stock	regs	1.761	1219.32	2415919104	5	8046902ef45b574fa0d049b88f703123dc1dc6906940453019f5439d19dea791	ok
3	D-gcc-tc	regs	1.809	1187.36	2415919104	5	8046902ef45b574fa0d049b88f703123dc1dc6906940453019f5439d19dea791	ok
3	I1-gcc-tc-noattr	regs	1.788	1200.91	2415919104	5	8046902ef45b574fa0d049b88f703123dc1dc6906940453019f5439d19dea791	ok
3	main-gcc-stock	cpu	3.527	608.82	2415919104	5	eb324f1c6c0ea8e673c7ec829a4f55d0c80fd4c2ac098b6823a35cde5682c4a5	ok
3	D-gcc-tc	cpu	3.492	614.96	2415919104	5	eb324f1c6c0ea8e673c7ec829a4f55d0c80fd4c2ac098b6823a35cde5682c4a5	ok
3	I1-gcc-tc-noattr	cpu	3.522	609.72	2415919104	5	eb324f1c6c0ea8e673c7ec829a4f55d0c80fd4c2ac098b6823a35cde5682c4a5	ok
3	main-gcc-stock	crypt	2.930	733.01	2415919104	5	075ad5f3bef8aaa9bd8daae921884aff4a4c30187ed0bdb9fd30959f75e2709b	ok
3	D-gcc-tc	crypt	3.119	688.54	2415919104	5	075ad5f3bef8aaa9bd8daae921884aff4a4c30187ed0bdb9fd30959f75e2709b	ok
3	I1-gcc-tc-noattr	crypt	3.205	670.00	2415919104	5	075ad5f3bef8aaa9bd8daae921884aff4a4c30187ed0bdb9fd30959f75e2709b	ok
3	main-gcc-stock	memcpy	2.227	964.19	2415919104	5	958a3598adc13ecab81628febb41a80775a56c2227b74cbf0a455c0d064f6dd2	ok
3	D-gcc-tc	memcpy	2.246	956.20	2415919104	5	958a3598adc13ecab81628febb41a80775a56c2227b74cbf0a455c0d064f6dd2	ok
3	I1-gcc-tc-noattr	memcpy	2.224	965.39	2415919104	5	958a3598adc13ecab81628febb41a80775a56c2227b74cbf0a455c0d064f6dd2	ok
3	main-gcc-stock	branch	2.260	950.30	2415919104	5	3bb926ddc35a9ca8bdc7f6dfe2c84757cc27a07ceb7ed7637ddd3e5969b40e8c	ok
3	D-gcc-tc	branch	2.347	914.92	2415919104	5	3bb926ddc35a9ca8bdc7f6dfe2c84757cc27a07ceb7ed7637ddd3e5969b40e8c	ok
3	I1-gcc-tc-noattr	branch	2.239	959.02	2415919104	5	3bb926ddc35a9ca8bdc7f6dfe2c84757cc27a07ceb7ed7637ddd3e5969b40e8c	ok
3	main-gcc-stock	heapsort	2.470	869.38	2415919104	5	a01ab4e7ef8c8decb06055977002f5b5da8aeb3fa95049718b71a92d1d517adf	ok
3	D-gcc-tc	heapsort	2.524	850.67	2415919104	5	a01ab4e7ef8c8decb06055977002f5b5da8aeb3fa95049718b71a92d1d517adf	ok
3	I1-gcc-tc-noattr	heapsort	2.465	871.26	2415919104	5	a01ab4e7ef8c8decb06055977002f5b5da8aeb3fa95049718b71a92d1d517adf	ok
3	main-gcc-stock	tsearch	3.953	543.31	2415919104	5	35451ee71307997f2b1b494651a5fbd4257517350c84a0a993817a6e38fc713b	ok
3	D-gcc-tc	tsearch	4.002	536.65	2415919104	5	35451ee71307997f2b1b494651a5fbd4257517350c84a0a993817a6e38fc713b	ok
3	I1-gcc-tc-noattr	tsearch	4.016	534.78	2415919104	5	35451ee71307997f2b1b494651a5fbd4257517350c84a0a993817a6e38fc713b	ok
3	main-gcc-stock	matrix-3d	9.264	231.81	2415919104	5	e0bb44ec0b8c878093bff8307da03316a00c102a16babcbc42ceb8ca6e4cf0fe	ok
3	D-gcc-tc	matrix-3d	9.408	228.26	2415919104	5	e0bb44ec0b8c878093bff8307da03316a00c102a16babcbc42ceb8ca6e4cf0fe	ok
3	I1-gcc-tc-noattr	matrix-3d	9.495	226.18	2415919104	5	e0bb44ec0b8c878093bff8307da03316a00c102a16babcbc42ceb8ca6e4cf0fe	ok
3	main-gcc-stock	tree	4.285	501.16	2415919104	5	aaacf4808d9da670176f52ce3fa35924ce51d90d4fb24440308902b6302f92d4	ok
3	D-gcc-tc	tree	4.432	484.52	2415919104	5	aaacf4808d9da670176f52ce3fa35924ce51d90d4fb24440308902b6302f92d4	ok
3	I1-gcc-tc-noattr	tree	4.261	503.99	2415919104	5	aaacf4808d9da670176f52ce3fa35924ce51d90d4fb24440308902b6302f92d4	ok
3	main-gcc-stock	malloc	7.058	304.25	2415919104	5	bc106f77f0341f5e4be9c92901b33c15b5007cb13195b0f0c68d678b1ed2a2cf	ok
3	D-gcc-tc	malloc	7.327	293.11	2415919104	5	bc106f77f0341f5e4be9c92901b33c15b5007cb13195b0f0c68d678b1ed2a2cf	ok
3	I1-gcc-tc-noattr	malloc	7.076	303.50	2415919104	5	bc106f77f0341f5e4be9c92901b33c15b5007cb13195b0f0c68d678b1ed2a2cf	ok
3	main-gcc-stock	randlist	3.725	576.51	2415919104	5	ff2547c8dfc9c90e5eb6f65e14b3feda61f3dd85b0d465e351788800a850fd4a	ok
3	D-gcc-tc	randlist	3.811	563.57	2415919104	5	ff2547c8dfc9c90e5eb6f65e14b3feda61f3dd85b0d465e351788800a850fd4a	ok
3	I1-gcc-tc-noattr	randlist	3.806	564.29	2415919104	5	ff2547c8dfc9c90e5eb6f65e14b3feda61f3dd85b0d465e351788800a850fd4a	ok
1	main-gcc-stock	qsort	2.662	806.57	2415919104	5	daad9b63b2013449fba5d90591787dff8817c65d0d9bc57a0d814d2ef4c712ab	ok
1	main-clang-stock	qsort	2.710	792.55	2415919104	5	daad9b63b2013449fba5d90591787dff8817c65d0d9bc57a0d814d2ef4c712ab	ok
1	J-gcc-stock	qsort	2.686	799.58	2415919104	5	daad9b63b2013449fba5d90591787dff8817c65d0d9bc57a0d814d2ef4c712ab	ok
1	J-gcc-tc	qsort	2.639	813.65	2415919104	5	daad9b63b2013449fba5d90591787dff8817c65d0d9bc57a0d814d2ef4c712ab	ok
1	J-clang-tc	qsort	2.579	832.69	2415919104	5	daad9b63b2013449fba5d90591787dff8817c65d0d9bc57a0d814d2ef4c712ab	ok
1	main-gcc-stock	zlib	2.662	806.69	2415919104	5	be1e876889828625d023972c3bfc8e07f4fece5144eca0fec4b8468571920b5a	ok
1	main-clang-stock	zlib	2.778	773.17	2415919104	5	be1e876889828625d023972c3bfc8e07f4fece5144eca0fec4b8468571920b5a	ok
1	J-gcc-stock	zlib	2.738	784.27	2415919104	5	be1e876889828625d023972c3bfc8e07f4fece5144eca0fec4b8468571920b5a	ok
1	J-gcc-tc	zlib	2.630	816.49	2415919104	5	be1e876889828625d023972c3bfc8e07f4fece5144eca0fec4b8468571920b5a	ok
1	J-clang-tc	zlib	2.658	807.91	2415919104	5	be1e876889828625d023972c3bfc8e07f4fece5144eca0fec4b8468571920b5a	ok
1	main-gcc-stock	hash	2.350	913.95	2415919104	5	7faadb95a5025daebfcb19715b698c3263c38de7907e186ca1daab75930291a9	ok
1	main-clang-stock	hash	2.678	801.81	2415919104	5	7faadb95a5025daebfcb19715b698c3263c38de7907e186ca1daab75930291a9	ok
1	J-gcc-stock	hash	2.509	855.93	2415919104	5	7faadb95a5025daebfcb19715b698c3263c38de7907e186ca1daab75930291a9	ok
1	J-gcc-tc	hash	2.347	915.11	2415919104	5	7faadb95a5025daebfcb19715b698c3263c38de7907e186ca1daab75930291a9	ok
1	J-clang-tc	hash	2.331	921.15	2415919104	5	7faadb95a5025daebfcb19715b698c3263c38de7907e186ca1daab75930291a9	ok
1	main-gcc-stock	syscall	6.062	354.26	2415919104	5	42cec926ae99b5b2c0da4cf14907627c80ca32cc217e17c9c968a87a3f8695f2	ok
1	main-clang-stock	syscall	6.081	353.15	2415919104	5	42cec926ae99b5b2c0da4cf14907627c80ca32cc217e17c9c968a87a3f8695f2	ok
1	J-gcc-stock	syscall	6.287	341.58	2415919104	5	42cec926ae99b5b2c0da4cf14907627c80ca32cc217e17c9c968a87a3f8695f2	ok
1	J-gcc-tc	syscall	5.880	365.21	2415919104	5	42cec926ae99b5b2c0da4cf14907627c80ca32cc217e17c9c968a87a3f8695f2	ok
1	J-clang-tc	syscall	5.680	378.05	2415919104	5	42cec926ae99b5b2c0da4cf14907627c80ca32cc217e17c9c968a87a3f8695f2	ok
1	main-gcc-stock	fp	2.430	883.63	2415919104	5	906dd97cb18890335374e13f06f11d3462076edd39a916310cd65dd5aafb45b7	ok
1	main-clang-stock	fp	2.795	768.35	2415919104	5	906dd97cb18890335374e13f06f11d3462076edd39a916310cd65dd5aafb45b7	ok
1	J-gcc-stock	fp	2.690	798.33	2415919104	5	906dd97cb18890335374e13f06f11d3462076edd39a916310cd65dd5aafb45b7	ok
1	J-gcc-tc	fp	2.431	883.49	2415919104	5	906dd97cb18890335374e13f06f11d3462076edd39a916310cd65dd5aafb45b7	ok
1	J-clang-tc	fp	2.385	900.40	2415919104	5	906dd97cb18890335374e13f06f11d3462076edd39a916310cd65dd5aafb45b7	ok
1	main-gcc-stock	nop	1.279	1679.65	2415919104	5	da57556b7bc3bfb3034f0e46a44731597514065f16bb82552863d1f9e3d8922b	ok
1	main-clang-stock	nop	1.324	1622.09	2415919104	5	da57556b7bc3bfb3034f0e46a44731597514065f16bb82552863d1f9e3d8922b	ok
1	J-gcc-stock	nop	1.354	1586.05	2415919104	5	da57556b7bc3bfb3034f0e46a44731597514065f16bb82552863d1f9e3d8922b	ok
1	J-gcc-tc	nop	1.303	1648.44	2415919104	5	da57556b7bc3bfb3034f0e46a44731597514065f16bb82552863d1f9e3d8922b	ok
1	J-clang-tc	nop	1.030	2085.39	2415919104	5	da57556b7bc3bfb3034f0e46a44731597514065f16bb82552863d1f9e3d8922b	ok
1	main-gcc-stock	regs	1.761	1219.77	2415919104	5	8046902ef45b574fa0d049b88f703123dc1dc6906940453019f5439d19dea791	ok
1	main-clang-stock	regs	1.821	1179.43	2415919104	5	8046902ef45b574fa0d049b88f703123dc1dc6906940453019f5439d19dea791	ok
1	J-gcc-stock	regs	1.803	1191.22	2415919104	5	8046902ef45b574fa0d049b88f703123dc1dc6906940453019f5439d19dea791	ok
1	J-gcc-tc	regs	1.785	1202.95	2415919104	5	8046902ef45b574fa0d049b88f703123dc1dc6906940453019f5439d19dea791	ok
1	J-clang-tc	regs	1.527	1406.42	2415919104	5	8046902ef45b574fa0d049b88f703123dc1dc6906940453019f5439d19dea791	ok
1	main-gcc-stock	cpu	3.522	609.79	2415919104	5	eb324f1c6c0ea8e673c7ec829a4f55d0c80fd4c2ac098b6823a35cde5682c4a5	ok
1	main-clang-stock	cpu	3.751	572.44	2415919104	5	eb324f1c6c0ea8e673c7ec829a4f55d0c80fd4c2ac098b6823a35cde5682c4a5	ok
1	J-gcc-stock	cpu	3.701	580.20	2415919104	5	eb324f1c6c0ea8e673c7ec829a4f55d0c80fd4c2ac098b6823a35cde5682c4a5	ok
1	J-gcc-tc	cpu	3.518	610.49	2415919104	5	eb324f1c6c0ea8e673c7ec829a4f55d0c80fd4c2ac098b6823a35cde5682c4a5	ok
1	J-clang-tc	cpu	3.309	648.89	2415919104	5	eb324f1c6c0ea8e673c7ec829a4f55d0c80fd4c2ac098b6823a35cde5682c4a5	ok
1	main-gcc-stock	crypt	2.935	731.69	2415919104	5	075ad5f3bef8aaa9bd8daae921884aff4a4c30187ed0bdb9fd30959f75e2709b	ok
1	main-clang-stock	crypt	3.141	683.67	2415919104	5	075ad5f3bef8aaa9bd8daae921884aff4a4c30187ed0bdb9fd30959f75e2709b	ok
1	J-gcc-stock	crypt	3.040	706.45	2415919104	5	075ad5f3bef8aaa9bd8daae921884aff4a4c30187ed0bdb9fd30959f75e2709b	ok
1	J-gcc-tc	crypt	3.225	665.88	2415919104	5	075ad5f3bef8aaa9bd8daae921884aff4a4c30187ed0bdb9fd30959f75e2709b	ok
1	J-clang-tc	crypt	2.784	771.43	2415919104	5	075ad5f3bef8aaa9bd8daae921884aff4a4c30187ed0bdb9fd30959f75e2709b	ok
1	main-gcc-stock	memcpy	2.225	965.11	2415919104	5	958a3598adc13ecab81628febb41a80775a56c2227b74cbf0a455c0d064f6dd2	ok
1	main-clang-stock	memcpy	2.237	960.00	2415919104	5	958a3598adc13ecab81628febb41a80775a56c2227b74cbf0a455c0d064f6dd2	ok
1	J-gcc-stock	memcpy	2.236	960.39	2415919104	5	958a3598adc13ecab81628febb41a80775a56c2227b74cbf0a455c0d064f6dd2	ok
1	J-gcc-tc	memcpy	2.263	948.94	2415919104	5	958a3598adc13ecab81628febb41a80775a56c2227b74cbf0a455c0d064f6dd2	ok
1	J-clang-tc	memcpy	2.216	968.97	2415919104	5	958a3598adc13ecab81628febb41a80775a56c2227b74cbf0a455c0d064f6dd2	ok
1	main-gcc-stock	branch	2.271	945.68	2415919104	5	3bb926ddc35a9ca8bdc7f6dfe2c84757cc27a07ceb7ed7637ddd3e5969b40e8c	ok
1	main-clang-stock	branch	2.579	832.62	2415919104	5	3bb926ddc35a9ca8bdc7f6dfe2c84757cc27a07ceb7ed7637ddd3e5969b40e8c	ok
1	J-gcc-stock	branch	2.359	910.30	2415919104	5	3bb926ddc35a9ca8bdc7f6dfe2c84757cc27a07ceb7ed7637ddd3e5969b40e8c	ok
1	J-gcc-tc	branch	2.238	959.35	2415919104	5	3bb926ddc35a9ca8bdc7f6dfe2c84757cc27a07ceb7ed7637ddd3e5969b40e8c	ok
1	J-clang-tc	branch	2.104	1020.45	2415919104	5	3bb926ddc35a9ca8bdc7f6dfe2c84757cc27a07ceb7ed7637ddd3e5969b40e8c	ok
1	main-gcc-stock	heapsort	2.468	870.09	2415919104	5	a01ab4e7ef8c8decb06055977002f5b5da8aeb3fa95049718b71a92d1d517adf	ok
1	main-clang-stock	heapsort	2.559	839.27	2415919104	5	a01ab4e7ef8c8decb06055977002f5b5da8aeb3fa95049718b71a92d1d517adf	ok
1	J-gcc-stock	heapsort	2.693	797.40	2415919104	5	a01ab4e7ef8c8decb06055977002f5b5da8aeb3fa95049718b71a92d1d517adf	ok
1	J-gcc-tc	heapsort	2.463	871.89	2415919104	5	a01ab4e7ef8c8decb06055977002f5b5da8aeb3fa95049718b71a92d1d517adf	ok
1	J-clang-tc	heapsort	2.435	881.82	2415919104	5	a01ab4e7ef8c8decb06055977002f5b5da8aeb3fa95049718b71a92d1d517adf	ok
1	main-gcc-stock	tsearch	3.893	551.61	2415919104	5	35451ee71307997f2b1b494651a5fbd4257517350c84a0a993817a6e38fc713b	ok
1	main-clang-stock	tsearch	3.997	537.24	2415919104	5	35451ee71307997f2b1b494651a5fbd4257517350c84a0a993817a6e38fc713b	ok
1	J-gcc-stock	tsearch	4.049	530.35	2415919104	5	35451ee71307997f2b1b494651a5fbd4257517350c84a0a993817a6e38fc713b	ok
1	J-gcc-tc	tsearch	3.979	539.74	2415919104	5	35451ee71307997f2b1b494651a5fbd4257517350c84a0a993817a6e38fc713b	ok
1	J-clang-tc	tsearch	3.794	565.98	2415919104	5	35451ee71307997f2b1b494651a5fbd4257517350c84a0a993817a6e38fc713b	ok
1	main-gcc-stock	matrix-3d	9.272	231.60	2415919104	5	e0bb44ec0b8c878093bff8307da03316a00c102a16babcbc42ceb8ca6e4cf0fe	ok
1	main-clang-stock	matrix-3d	9.674	221.98	2415919104	5	e0bb44ec0b8c878093bff8307da03316a00c102a16babcbc42ceb8ca6e4cf0fe	ok
1	J-gcc-stock	matrix-3d	9.677	221.92	2415919104	5	e0bb44ec0b8c878093bff8307da03316a00c102a16babcbc42ceb8ca6e4cf0fe	ok
1	J-gcc-tc	matrix-3d	9.510	225.81	2415919104	5	e0bb44ec0b8c878093bff8307da03316a00c102a16babcbc42ceb8ca6e4cf0fe	ok
1	J-clang-tc	matrix-3d	9.705	221.27	2415919104	5	e0bb44ec0b8c878093bff8307da03316a00c102a16babcbc42ceb8ca6e4cf0fe	ok
1	main-gcc-stock	tree	4.280	501.73	2415919104	5	aaacf4808d9da670176f52ce3fa35924ce51d90d4fb24440308902b6302f92d4	ok
1	main-clang-stock	tree	4.294	500.15	2415919104	5	aaacf4808d9da670176f52ce3fa35924ce51d90d4fb24440308902b6302f92d4	ok
1	J-gcc-stock	tree	4.396	488.53	2415919104	5	aaacf4808d9da670176f52ce3fa35924ce51d90d4fb24440308902b6302f92d4	ok
1	J-gcc-tc	tree	4.273	502.57	2415919104	5	aaacf4808d9da670176f52ce3fa35924ce51d90d4fb24440308902b6302f92d4	ok
1	J-clang-tc	tree	4.167	515.41	2415919104	5	aaacf4808d9da670176f52ce3fa35924ce51d90d4fb24440308902b6302f92d4	ok
1	main-gcc-stock	malloc	7.224	297.29	2415919104	5	bc106f77f0341f5e4be9c92901b33c15b5007cb13195b0f0c68d678b1ed2a2cf	ok
1	main-clang-stock	malloc	7.194	298.50	2415919104	5	bc106f77f0341f5e4be9c92901b33c15b5007cb13195b0f0c68d678b1ed2a2cf	ok
1	J-gcc-stock	malloc	7.527	285.30	2415919104	5	bc106f77f0341f5e4be9c92901b33c15b5007cb13195b0f0c68d678b1ed2a2cf	ok
1	J-gcc-tc	malloc	7.120	301.63	2415919104	5	bc106f77f0341f5e4be9c92901b33c15b5007cb13195b0f0c68d678b1ed2a2cf	ok
1	J-clang-tc	malloc	7.090	302.91	2415919104	5	bc106f77f0341f5e4be9c92901b33c15b5007cb13195b0f0c68d678b1ed2a2cf	ok
1	main-gcc-stock	randlist	3.726	576.33	2415919104	5	ff2547c8dfc9c90e5eb6f65e14b3feda61f3dd85b0d465e351788800a850fd4a	ok
1	main-clang-stock	randlist	4.187	512.95	2415919104	5	ff2547c8dfc9c90e5eb6f65e14b3feda61f3dd85b0d465e351788800a850fd4a	ok
1	J-gcc-stock	randlist	4.206	510.55	2415919104	5	ff2547c8dfc9c90e5eb6f65e14b3feda61f3dd85b0d465e351788800a850fd4a	ok
1	J-gcc-tc	randlist	3.800	565.15	2415919104	5	ff2547c8dfc9c90e5eb6f65e14b3feda61f3dd85b0d465e351788800a850fd4a	ok
1	J-clang-tc	randlist	3.738	574.48	2415919104	5	ff2547c8dfc9c90e5eb6f65e14b3feda61f3dd85b0d465e351788800a850fd4a	ok
2	main-gcc-stock	qsort	2.706	793.74	2415919104	5	daad9b63b2013449fba5d90591787dff8817c65d0d9bc57a0d814d2ef4c712ab	ok
2	main-clang-stock	qsort	2.721	789.33	2415919104	5	daad9b63b2013449fba5d90591787dff8817c65d0d9bc57a0d814d2ef4c712ab	ok
2	J-gcc-stock	qsort	2.683	800.54	2415919104	5	daad9b63b2013449fba5d90591787dff8817c65d0d9bc57a0d814d2ef4c712ab	ok
2	J-gcc-tc	qsort	2.642	812.82	2415919104	5	daad9b63b2013449fba5d90591787dff8817c65d0d9bc57a0d814d2ef4c712ab	ok
2	J-clang-tc	qsort	2.585	830.80	2415919104	5	daad9b63b2013449fba5d90591787dff8817c65d0d9bc57a0d814d2ef4c712ab	ok
2	main-gcc-stock	zlib	2.666	805.54	2415919104	5	be1e876889828625d023972c3bfc8e07f4fece5144eca0fec4b8468571920b5a	ok
2	main-clang-stock	zlib	2.786	770.85	2415919104	5	be1e876889828625d023972c3bfc8e07f4fece5144eca0fec4b8468571920b5a	ok
2	J-gcc-stock	zlib	2.733	785.71	2415919104	5	be1e876889828625d023972c3bfc8e07f4fece5144eca0fec4b8468571920b5a	ok
2	J-gcc-tc	zlib	2.610	822.75	2415919104	5	be1e876889828625d023972c3bfc8e07f4fece5144eca0fec4b8468571920b5a	ok
2	J-clang-tc	zlib	2.658	807.99	2415919104	5	be1e876889828625d023972c3bfc8e07f4fece5144eca0fec4b8468571920b5a	ok
2	main-gcc-stock	hash	2.343	916.68	2415919104	5	7faadb95a5025daebfcb19715b698c3263c38de7907e186ca1daab75930291a9	ok
2	main-clang-stock	hash	2.677	802.28	2415919104	5	7faadb95a5025daebfcb19715b698c3263c38de7907e186ca1daab75930291a9	ok
2	J-gcc-stock	hash	2.504	857.71	2415919104	5	7faadb95a5025daebfcb19715b698c3263c38de7907e186ca1daab75930291a9	ok
2	J-gcc-tc	hash	2.346	915.36	2415919104	5	7faadb95a5025daebfcb19715b698c3263c38de7907e186ca1daab75930291a9	ok
2	J-clang-tc	hash	2.333	920.55	2415919104	5	7faadb95a5025daebfcb19715b698c3263c38de7907e186ca1daab75930291a9	ok
2	main-gcc-stock	syscall	6.046	355.17	2415919104	5	42cec926ae99b5b2c0da4cf14907627c80ca32cc217e17c9c968a87a3f8695f2	ok
2	main-clang-stock	syscall	6.075	353.52	2415919104	5	42cec926ae99b5b2c0da4cf14907627c80ca32cc217e17c9c968a87a3f8695f2	ok
2	J-gcc-stock	syscall	6.214	345.60	2415919104	5	42cec926ae99b5b2c0da4cf14907627c80ca32cc217e17c9c968a87a3f8695f2	ok
2	J-gcc-tc	syscall	5.814	369.36	2415919104	5	42cec926ae99b5b2c0da4cf14907627c80ca32cc217e17c9c968a87a3f8695f2	ok
2	J-clang-tc	syscall	5.610	382.80	2415919104	5	42cec926ae99b5b2c0da4cf14907627c80ca32cc217e17c9c968a87a3f8695f2	ok
2	main-gcc-stock	fp	2.437	881.35	2415919104	5	906dd97cb18890335374e13f06f11d3462076edd39a916310cd65dd5aafb45b7	ok
2	main-clang-stock	fp	2.810	764.17	2415919104	5	906dd97cb18890335374e13f06f11d3462076edd39a916310cd65dd5aafb45b7	ok
2	J-gcc-stock	fp	2.662	806.74	2415919104	5	906dd97cb18890335374e13f06f11d3462076edd39a916310cd65dd5aafb45b7	ok
2	J-gcc-tc	fp	2.445	878.38	2415919104	5	906dd97cb18890335374e13f06f11d3462076edd39a916310cd65dd5aafb45b7	ok
2	J-clang-tc	fp	2.380	902.39	2415919104	5	906dd97cb18890335374e13f06f11d3462076edd39a916310cd65dd5aafb45b7	ok
2	main-gcc-stock	nop	1.278	1679.81	2415919104	5	da57556b7bc3bfb3034f0e46a44731597514065f16bb82552863d1f9e3d8922b	ok
2	main-clang-stock	nop	1.323	1622.58	2415919104	5	da57556b7bc3bfb3034f0e46a44731597514065f16bb82552863d1f9e3d8922b	ok
2	J-gcc-stock	nop	1.354	1585.53	2415919104	5	da57556b7bc3bfb3034f0e46a44731597514065f16bb82552863d1f9e3d8922b	ok
2	J-gcc-tc	nop	1.303	1647.90	2415919104	5	da57556b7bc3bfb3034f0e46a44731597514065f16bb82552863d1f9e3d8922b	ok
2	J-clang-tc	nop	1.030	2085.08	2415919104	5	da57556b7bc3bfb3034f0e46a44731597514065f16bb82552863d1f9e3d8922b	ok
2	main-gcc-stock	regs	1.762	1218.83	2415919104	5	8046902ef45b574fa0d049b88f703123dc1dc6906940453019f5439d19dea791	ok
2	main-clang-stock	regs	1.821	1179.57	2415919104	5	8046902ef45b574fa0d049b88f703123dc1dc6906940453019f5439d19dea791	ok
2	J-gcc-stock	regs	1.803	1190.75	2415919104	5	8046902ef45b574fa0d049b88f703123dc1dc6906940453019f5439d19dea791	ok
2	J-gcc-tc	regs	1.786	1202.38	2415919104	5	8046902ef45b574fa0d049b88f703123dc1dc6906940453019f5439d19dea791	ok
2	J-clang-tc	regs	1.527	1406.11	2415919104	5	8046902ef45b574fa0d049b88f703123dc1dc6906940453019f5439d19dea791	ok
2	main-gcc-stock	cpu	3.559	603.40	2415919104	5	eb324f1c6c0ea8e673c7ec829a4f55d0c80fd4c2ac098b6823a35cde5682c4a5	ok
2	main-clang-stock	cpu	3.757	571.61	2415919104	5	eb324f1c6c0ea8e673c7ec829a4f55d0c80fd4c2ac098b6823a35cde5682c4a5	ok
2	J-gcc-stock	cpu	3.697	580.88	2415919104	5	eb324f1c6c0ea8e673c7ec829a4f55d0c80fd4c2ac098b6823a35cde5682c4a5	ok
2	J-gcc-tc	cpu	3.510	611.87	2415919104	5	eb324f1c6c0ea8e673c7ec829a4f55d0c80fd4c2ac098b6823a35cde5682c4a5	ok
2	J-clang-tc	cpu	3.315	647.88	2415919104	5	eb324f1c6c0ea8e673c7ec829a4f55d0c80fd4c2ac098b6823a35cde5682c4a5	ok
2	main-gcc-stock	crypt	2.930	732.97	2415919104	5	075ad5f3bef8aaa9bd8daae921884aff4a4c30187ed0bdb9fd30959f75e2709b	ok
2	main-clang-stock	crypt	3.145	682.88	2415919104	5	075ad5f3bef8aaa9bd8daae921884aff4a4c30187ed0bdb9fd30959f75e2709b	ok
2	J-gcc-stock	crypt	3.037	707.19	2415919104	5	075ad5f3bef8aaa9bd8daae921884aff4a4c30187ed0bdb9fd30959f75e2709b	ok
2	J-gcc-tc	crypt	3.207	669.63	2415919104	5	075ad5f3bef8aaa9bd8daae921884aff4a4c30187ed0bdb9fd30959f75e2709b	ok
2	J-clang-tc	crypt	2.784	771.23	2415919104	5	075ad5f3bef8aaa9bd8daae921884aff4a4c30187ed0bdb9fd30959f75e2709b	ok
2	main-gcc-stock	memcpy	2.227	964.42	2415919104	5	958a3598adc13ecab81628febb41a80775a56c2227b74cbf0a455c0d064f6dd2	ok
2	main-clang-stock	memcpy	2.236	960.34	2415919104	5	958a3598adc13ecab81628febb41a80775a56c2227b74cbf0a455c0d064f6dd2	ok
2	J-gcc-stock	memcpy	2.237	960.18	2415919104	5	958a3598adc13ecab81628febb41a80775a56c2227b74cbf0a455c0d064f6dd2	ok
2	J-gcc-tc	memcpy	2.225	965.28	2415919104	5	958a3598adc13ecab81628febb41a80775a56c2227b74cbf0a455c0d064f6dd2	ok
2	J-clang-tc	memcpy	2.224	965.46	2415919104	5	958a3598adc13ecab81628febb41a80775a56c2227b74cbf0a455c0d064f6dd2	ok
2	main-gcc-stock	branch	2.274	944.52	2415919104	5	3bb926ddc35a9ca8bdc7f6dfe2c84757cc27a07ceb7ed7637ddd3e5969b40e8c	ok
2	main-clang-stock	branch	2.582	831.80	2415919104	5	3bb926ddc35a9ca8bdc7f6dfe2c84757cc27a07ceb7ed7637ddd3e5969b40e8c	ok
2	J-gcc-stock	branch	2.351	913.47	2415919104	5	3bb926ddc35a9ca8bdc7f6dfe2c84757cc27a07ceb7ed7637ddd3e5969b40e8c	ok
2	J-gcc-tc	branch	2.233	961.81	2415919104	5	3bb926ddc35a9ca8bdc7f6dfe2c84757cc27a07ceb7ed7637ddd3e5969b40e8c	ok
2	J-clang-tc	branch	2.102	1021.79	2415919104	5	3bb926ddc35a9ca8bdc7f6dfe2c84757cc27a07ceb7ed7637ddd3e5969b40e8c	ok
2	main-gcc-stock	heapsort	2.480	865.86	2415919104	5	a01ab4e7ef8c8decb06055977002f5b5da8aeb3fa95049718b71a92d1d517adf	ok
2	main-clang-stock	heapsort	2.559	839.13	2415919104	5	a01ab4e7ef8c8decb06055977002f5b5da8aeb3fa95049718b71a92d1d517adf	ok
2	J-gcc-stock	heapsort	2.515	853.76	2415919104	5	a01ab4e7ef8c8decb06055977002f5b5da8aeb3fa95049718b71a92d1d517adf	ok
2	J-gcc-tc	heapsort	2.461	872.62	2415919104	5	a01ab4e7ef8c8decb06055977002f5b5da8aeb3fa95049718b71a92d1d517adf	ok
2	J-clang-tc	heapsort	2.436	881.53	2415919104	5	a01ab4e7ef8c8decb06055977002f5b5da8aeb3fa95049718b71a92d1d517adf	ok
2	main-gcc-stock	tsearch	3.897	551.06	2415919104	5	35451ee71307997f2b1b494651a5fbd4257517350c84a0a993817a6e38fc713b	ok
2	main-clang-stock	tsearch	3.999	536.95	2415919104	5	35451ee71307997f2b1b494651a5fbd4257517350c84a0a993817a6e38fc713b	ok
2	J-gcc-stock	tsearch	4.027	533.33	2415919104	5	35451ee71307997f2b1b494651a5fbd4257517350c84a0a993817a6e38fc713b	ok
2	J-gcc-tc	tsearch	3.985	538.93	2415919104	5	35451ee71307997f2b1b494651a5fbd4257517350c84a0a993817a6e38fc713b	ok
2	J-clang-tc	tsearch	3.783	567.61	2415919104	5	35451ee71307997f2b1b494651a5fbd4257517350c84a0a993817a6e38fc713b	ok
2	main-gcc-stock	matrix-3d	9.318	230.46	2415919104	5	e0bb44ec0b8c878093bff8307da03316a00c102a16babcbc42ceb8ca6e4cf0fe	ok
2	main-clang-stock	matrix-3d	11.267	190.61	2415919104	5	e0bb44ec0b8c878093bff8307da03316a00c102a16babcbc42ceb8ca6e4cf0fe	ok
2	J-gcc-stock	matrix-3d	9.642	222.71	2415919104	5	e0bb44ec0b8c878093bff8307da03316a00c102a16babcbc42ceb8ca6e4cf0fe	ok
2	J-gcc-tc	matrix-3d	9.528	225.40	2415919104	5	e0bb44ec0b8c878093bff8307da03316a00c102a16babcbc42ceb8ca6e4cf0fe	ok
2	J-clang-tc	matrix-3d	9.690	221.62	2415919104	5	e0bb44ec0b8c878093bff8307da03316a00c102a16babcbc42ceb8ca6e4cf0fe	ok
2	main-gcc-stock	tree	4.265	503.49	2415919104	5	aaacf4808d9da670176f52ce3fa35924ce51d90d4fb24440308902b6302f92d4	ok
2	main-clang-stock	tree	4.287	500.99	2415919104	5	aaacf4808d9da670176f52ce3fa35924ce51d90d4fb24440308902b6302f92d4	ok
2	J-gcc-stock	tree	4.405	487.56	2415919104	5	aaacf4808d9da670176f52ce3fa35924ce51d90d4fb24440308902b6302f92d4	ok
2	J-gcc-tc	tree	4.267	503.31	2415919104	5	aaacf4808d9da670176f52ce3fa35924ce51d90d4fb24440308902b6302f92d4	ok
2	J-clang-tc	tree	4.166	515.46	2415919104	5	aaacf4808d9da670176f52ce3fa35924ce51d90d4fb24440308902b6302f92d4	ok
2	main-gcc-stock	malloc	7.110	302.03	2415919104	5	bc106f77f0341f5e4be9c92901b33c15b5007cb13195b0f0c68d678b1ed2a2cf	ok
2	main-clang-stock	malloc	7.232	296.94	2415919104	5	bc106f77f0341f5e4be9c92901b33c15b5007cb13195b0f0c68d678b1ed2a2cf	ok
2	J-gcc-stock	malloc	7.581	283.29	2415919104	5	bc106f77f0341f5e4be9c92901b33c15b5007cb13195b0f0c68d678b1ed2a2cf	ok
2	J-gcc-tc	malloc	7.244	296.46	2415919104	5	bc106f77f0341f5e4be9c92901b33c15b5007cb13195b0f0c68d678b1ed2a2cf	ok
2	J-clang-tc	malloc	7.098	302.56	2415919104	5	bc106f77f0341f5e4be9c92901b33c15b5007cb13195b0f0c68d678b1ed2a2cf	ok
2	main-gcc-stock	randlist	3.736	574.74	2415919104	5	ff2547c8dfc9c90e5eb6f65e14b3feda61f3dd85b0d465e351788800a850fd4a	ok
2	main-clang-stock	randlist	4.170	515.01	2415919104	5	ff2547c8dfc9c90e5eb6f65e14b3feda61f3dd85b0d465e351788800a850fd4a	ok
2	J-gcc-stock	randlist	4.195	511.90	2415919104	5	ff2547c8dfc9c90e5eb6f65e14b3feda61f3dd85b0d465e351788800a850fd4a	ok
2	J-gcc-tc	randlist	3.806	564.22	2415919104	5	ff2547c8dfc9c90e5eb6f65e14b3feda61f3dd85b0d465e351788800a850fd4a	ok
2	J-clang-tc	randlist	3.779	568.23	2415919104	5	ff2547c8dfc9c90e5eb6f65e14b3feda61f3dd85b0d465e351788800a850fd4a	ok
3	main-gcc-stock	qsort	2.673	803.31	2415919104	5	daad9b63b2013449fba5d90591787dff8817c65d0d9bc57a0d814d2ef4c712ab	ok
3	main-clang-stock	qsort	2.716	790.65	2415919104	5	daad9b63b2013449fba5d90591787dff8817c65d0d9bc57a0d814d2ef4c712ab	ok
3	J-gcc-stock	qsort	2.845	754.76	2415919104	5	daad9b63b2013449fba5d90591787dff8817c65d0d9bc57a0d814d2ef4c712ab	ok
3	J-gcc-tc	qsort	2.638	814.06	2415919104	5	daad9b63b2013449fba5d90591787dff8817c65d0d9bc57a0d814d2ef4c712ab	ok
3	J-clang-tc	qsort	2.586	830.39	2415919104	5	daad9b63b2013449fba5d90591787dff8817c65d0d9bc57a0d814d2ef4c712ab	ok
3	main-gcc-stock	zlib	2.686	799.42	2415919104	5	be1e876889828625d023972c3bfc8e07f4fece5144eca0fec4b8468571920b5a	ok
3	main-clang-stock	zlib	2.787	770.58	2415919104	5	be1e876889828625d023972c3bfc8e07f4fece5144eca0fec4b8468571920b5a	ok
3	J-gcc-stock	zlib	2.733	785.64	2415919104	5	be1e876889828625d023972c3bfc8e07f4fece5144eca0fec4b8468571920b5a	ok
3	J-gcc-tc	zlib	2.610	822.93	2415919104	5	be1e876889828625d023972c3bfc8e07f4fece5144eca0fec4b8468571920b5a	ok
3	J-clang-tc	zlib	2.642	812.71	2415919104	5	be1e876889828625d023972c3bfc8e07f4fece5144eca0fec4b8468571920b5a	ok
3	main-gcc-stock	hash	2.346	915.25	2415919104	5	7faadb95a5025daebfcb19715b698c3263c38de7907e186ca1daab75930291a9	ok
3	main-clang-stock	hash	2.676	802.38	2415919104	5	7faadb95a5025daebfcb19715b698c3263c38de7907e186ca1daab75930291a9	ok
3	J-gcc-stock	hash	2.503	858.07	2415919104	5	7faadb95a5025daebfcb19715b698c3263c38de7907e186ca1daab75930291a9	ok
3	J-gcc-tc	hash	2.347	915.01	2415919104	5	7faadb95a5025daebfcb19715b698c3263c38de7907e186ca1daab75930291a9	ok
3	J-clang-tc	hash	2.330	921.77	2415919104	5	7faadb95a5025daebfcb19715b698c3263c38de7907e186ca1daab75930291a9	ok
3	main-gcc-stock	syscall	6.073	353.60	2415919104	5	42cec926ae99b5b2c0da4cf14907627c80ca32cc217e17c9c968a87a3f8695f2	ok
3	main-clang-stock	syscall	6.062	354.25	2415919104	5	42cec926ae99b5b2c0da4cf14907627c80ca32cc217e17c9c968a87a3f8695f2	ok
3	J-gcc-stock	syscall	6.263	342.91	2415919104	5	42cec926ae99b5b2c0da4cf14907627c80ca32cc217e17c9c968a87a3f8695f2	ok
3	J-gcc-tc	syscall	5.874	365.58	2415919104	5	42cec926ae99b5b2c0da4cf14907627c80ca32cc217e17c9c968a87a3f8695f2	ok
3	J-clang-tc	syscall	5.610	382.79	2415919104	5	42cec926ae99b5b2c0da4cf14907627c80ca32cc217e17c9c968a87a3f8695f2	ok
3	main-gcc-stock	fp	2.457	874.20	2415919104	5	906dd97cb18890335374e13f06f11d3462076edd39a916310cd65dd5aafb45b7	ok
3	main-clang-stock	fp	2.804	765.79	2415919104	5	906dd97cb18890335374e13f06f11d3462076edd39a916310cd65dd5aafb45b7	ok
3	J-gcc-stock	fp	2.671	803.93	2415919104	5	906dd97cb18890335374e13f06f11d3462076edd39a916310cd65dd5aafb45b7	ok
3	J-gcc-tc	fp	2.430	883.75	2415919104	5	906dd97cb18890335374e13f06f11d3462076edd39a916310cd65dd5aafb45b7	ok
3	J-clang-tc	fp	2.378	902.97	2415919104	5	906dd97cb18890335374e13f06f11d3462076edd39a916310cd65dd5aafb45b7	ok
3	main-gcc-stock	nop	1.278	1680.05	2415919104	5	da57556b7bc3bfb3034f0e46a44731597514065f16bb82552863d1f9e3d8922b	ok
3	main-clang-stock	nop	1.325	1620.73	2415919104	5	da57556b7bc3bfb3034f0e46a44731597514065f16bb82552863d1f9e3d8922b	ok
3	J-gcc-stock	nop	1.354	1585.72	2415919104	5	da57556b7bc3bfb3034f0e46a44731597514065f16bb82552863d1f9e3d8922b	ok
3	J-gcc-tc	nop	1.303	1648.27	2415919104	5	da57556b7bc3bfb3034f0e46a44731597514065f16bb82552863d1f9e3d8922b	ok
3	J-clang-tc	nop	1.030	2084.99	2415919104	5	da57556b7bc3bfb3034f0e46a44731597514065f16bb82552863d1f9e3d8922b	ok
3	main-gcc-stock	regs	1.762	1218.79	2415919104	5	8046902ef45b574fa0d049b88f703123dc1dc6906940453019f5439d19dea791	ok
3	main-clang-stock	regs	1.822	1178.35	2415919104	5	8046902ef45b574fa0d049b88f703123dc1dc6906940453019f5439d19dea791	ok
3	J-gcc-stock	regs	1.805	1189.96	2415919104	5	8046902ef45b574fa0d049b88f703123dc1dc6906940453019f5439d19dea791	ok
3	J-gcc-tc	regs	1.787	1201.67	2415919104	5	8046902ef45b574fa0d049b88f703123dc1dc6906940453019f5439d19dea791	ok
3	J-clang-tc	regs	1.526	1406.94	2415919104	5	8046902ef45b574fa0d049b88f703123dc1dc6906940453019f5439d19dea791	ok
3	main-gcc-stock	cpu	3.548	605.21	2415919104	5	eb324f1c6c0ea8e673c7ec829a4f55d0c80fd4c2ac098b6823a35cde5682c4a5	ok
3	main-clang-stock	cpu	3.748	572.98	2415919104	5	eb324f1c6c0ea8e673c7ec829a4f55d0c80fd4c2ac098b6823a35cde5682c4a5	ok
3	J-gcc-stock	cpu	3.704	579.71	2415919104	5	eb324f1c6c0ea8e673c7ec829a4f55d0c80fd4c2ac098b6823a35cde5682c4a5	ok
3	J-gcc-tc	cpu	3.517	610.58	2415919104	5	eb324f1c6c0ea8e673c7ec829a4f55d0c80fd4c2ac098b6823a35cde5682c4a5	ok
3	J-clang-tc	cpu	3.309	648.93	2415919104	5	eb324f1c6c0ea8e673c7ec829a4f55d0c80fd4c2ac098b6823a35cde5682c4a5	ok
3	main-gcc-stock	crypt	2.925	734.11	2415919104	5	075ad5f3bef8aaa9bd8daae921884aff4a4c30187ed0bdb9fd30959f75e2709b	ok
3	main-clang-stock	crypt	3.137	684.55	2415919104	5	075ad5f3bef8aaa9bd8daae921884aff4a4c30187ed0bdb9fd30959f75e2709b	ok
3	J-gcc-stock	crypt	3.039	706.59	2415919104	5	075ad5f3bef8aaa9bd8daae921884aff4a4c30187ed0bdb9fd30959f75e2709b	ok
3	J-gcc-tc	crypt	3.213	668.36	2415919104	5	075ad5f3bef8aaa9bd8daae921884aff4a4c30187ed0bdb9fd30959f75e2709b	ok
3	J-clang-tc	crypt	2.788	770.39	2415919104	5	075ad5f3bef8aaa9bd8daae921884aff4a4c30187ed0bdb9fd30959f75e2709b	ok
3	main-gcc-stock	memcpy	2.226	964.85	2415919104	5	958a3598adc13ecab81628febb41a80775a56c2227b74cbf0a455c0d064f6dd2	ok
3	main-clang-stock	memcpy	2.229	963.57	2415919104	5	958a3598adc13ecab81628febb41a80775a56c2227b74cbf0a455c0d064f6dd2	ok
3	J-gcc-stock	memcpy	2.240	958.86	2415919104	5	958a3598adc13ecab81628febb41a80775a56c2227b74cbf0a455c0d064f6dd2	ok
3	J-gcc-tc	memcpy	2.226	964.90	2415919104	5	958a3598adc13ecab81628febb41a80775a56c2227b74cbf0a455c0d064f6dd2	ok
3	J-clang-tc	memcpy	2.216	969.12	2415919104	5	958a3598adc13ecab81628febb41a80775a56c2227b74cbf0a455c0d064f6dd2	ok
3	main-gcc-stock	branch	2.259	950.69	2415919104	5	3bb926ddc35a9ca8bdc7f6dfe2c84757cc27a07ceb7ed7637ddd3e5969b40e8c	ok
3	main-clang-stock	branch	2.578	832.87	2415919104	5	3bb926ddc35a9ca8bdc7f6dfe2c84757cc27a07ceb7ed7637ddd3e5969b40e8c	ok
3	J-gcc-stock	branch	2.368	906.77	2415919104	5	3bb926ddc35a9ca8bdc7f6dfe2c84757cc27a07ceb7ed7637ddd3e5969b40e8c	ok
3	J-gcc-tc	branch	2.239	958.99	2415919104	5	3bb926ddc35a9ca8bdc7f6dfe2c84757cc27a07ceb7ed7637ddd3e5969b40e8c	ok
3	J-clang-tc	branch	2.101	1021.94	2415919104	5	3bb926ddc35a9ca8bdc7f6dfe2c84757cc27a07ceb7ed7637ddd3e5969b40e8c	ok
3	main-gcc-stock	heapsort	2.473	868.21	2415919104	5	a01ab4e7ef8c8decb06055977002f5b5da8aeb3fa95049718b71a92d1d517adf	ok
3	main-clang-stock	heapsort	2.560	838.77	2415919104	5	a01ab4e7ef8c8decb06055977002f5b5da8aeb3fa95049718b71a92d1d517adf	ok
3	J-gcc-stock	heapsort	2.520	852.02	2415919104	5	a01ab4e7ef8c8decb06055977002f5b5da8aeb3fa95049718b71a92d1d517adf	ok
3	J-gcc-tc	heapsort	2.463	872.00	2415919104	5	a01ab4e7ef8c8decb06055977002f5b5da8aeb3fa95049718b71a92d1d517adf	ok
3	J-clang-tc	heapsort	2.441	879.58	2415919104	5	a01ab4e7ef8c8decb06055977002f5b5da8aeb3fa95049718b71a92d1d517adf	ok
3	main-gcc-stock	tsearch	3.910	549.24	2415919104	5	35451ee71307997f2b1b494651a5fbd4257517350c84a0a993817a6e38fc713b	ok
3	main-clang-stock	tsearch	4.000	536.83	2415919104	5	35451ee71307997f2b1b494651a5fbd4257517350c84a0a993817a6e38fc713b	ok
3	J-gcc-stock	tsearch	4.037	531.90	2415919104	5	35451ee71307997f2b1b494651a5fbd4257517350c84a0a993817a6e38fc713b	ok
3	J-gcc-tc	tsearch	3.992	537.91	2415919104	5	35451ee71307997f2b1b494651a5fbd4257517350c84a0a993817a6e38fc713b	ok
3	J-clang-tc	tsearch	3.797	565.50	2415919104	5	35451ee71307997f2b1b494651a5fbd4257517350c84a0a993817a6e38fc713b	ok
3	main-gcc-stock	matrix-3d	9.299	230.95	2415919104	5	e0bb44ec0b8c878093bff8307da03316a00c102a16babcbc42ceb8ca6e4cf0fe	ok
3	main-clang-stock	matrix-3d	9.696	221.48	2415919104	5	e0bb44ec0b8c878093bff8307da03316a00c102a16babcbc42ceb8ca6e4cf0fe	ok
3	J-gcc-stock	matrix-3d	9.688	221.65	2415919104	5	e0bb44ec0b8c878093bff8307da03316a00c102a16babcbc42ceb8ca6e4cf0fe	ok
3	J-gcc-tc	matrix-3d	9.530	225.33	2415919104	5	e0bb44ec0b8c878093bff8307da03316a00c102a16babcbc42ceb8ca6e4cf0fe	ok
3	J-clang-tc	matrix-3d	9.698	221.43	2415919104	5	e0bb44ec0b8c878093bff8307da03316a00c102a16babcbc42ceb8ca6e4cf0fe	ok
3	main-gcc-stock	tree	4.265	503.46	2415919104	5	aaacf4808d9da670176f52ce3fa35924ce51d90d4fb24440308902b6302f92d4	ok
3	main-clang-stock	tree	4.330	495.90	2415919104	5	aaacf4808d9da670176f52ce3fa35924ce51d90d4fb24440308902b6302f92d4	ok
3	J-gcc-stock	tree	4.376	490.69	2415919104	5	aaacf4808d9da670176f52ce3fa35924ce51d90d4fb24440308902b6302f92d4	ok
3	J-gcc-tc	tree	4.285	501.17	2415919104	5	aaacf4808d9da670176f52ce3fa35924ce51d90d4fb24440308902b6302f92d4	ok
3	J-clang-tc	tree	4.160	516.22	2415919104	5	aaacf4808d9da670176f52ce3fa35924ce51d90d4fb24440308902b6302f92d4	ok
3	main-gcc-stock	malloc	7.256	295.95	2415919104	5	bc106f77f0341f5e4be9c92901b33c15b5007cb13195b0f0c68d678b1ed2a2cf	ok
3	main-clang-stock	malloc	7.207	297.95	2415919104	5	bc106f77f0341f5e4be9c92901b33c15b5007cb13195b0f0c68d678b1ed2a2cf	ok
3	J-gcc-stock	malloc	7.481	287.07	2415919104	5	bc106f77f0341f5e4be9c92901b33c15b5007cb13195b0f0c68d678b1ed2a2cf	ok
3	J-gcc-tc	malloc	7.236	296.76	2415919104	5	bc106f77f0341f5e4be9c92901b33c15b5007cb13195b0f0c68d678b1ed2a2cf	ok
3	J-clang-tc	malloc	7.129	301.23	2415919104	5	bc106f77f0341f5e4be9c92901b33c15b5007cb13195b0f0c68d678b1ed2a2cf	ok
3	main-gcc-stock	randlist	3.724	576.68	2415919104	5	ff2547c8dfc9c90e5eb6f65e14b3feda61f3dd85b0d465e351788800a850fd4a	ok
3	main-clang-stock	randlist	4.163	515.81	2415919104	5	ff2547c8dfc9c90e5eb6f65e14b3feda61f3dd85b0d465e351788800a850fd4a	ok
3	J-gcc-stock	randlist	4.198	511.59	2415919104	5	ff2547c8dfc9c90e5eb6f65e14b3feda61f3dd85b0d465e351788800a850fd4a	ok
3	J-gcc-tc	randlist	3.816	562.79	2415919104	5	ff2547c8dfc9c90e5eb6f65e14b3feda61f3dd85b0d465e351788800a850fd4a	ok
3	J-clang-tc	randlist	3.738	574.52	2415919104	5	ff2547c8dfc9c90e5eb6f65e14b3feda61f3dd85b0d465e351788800a850fd4a	ok
1	main-gcc-stock	qsort	2.674	803.24	2415919104	5	daad9b63b2013449fba5d90591787dff8817c65d0d9bc57a0d814d2ef4c712ab	ok
1	J-gcc-tc	qsort	2.636	814.68	2415919104	5	daad9b63b2013449fba5d90591787dff8817c65d0d9bc57a0d814d2ef4c712ab	ok
1	K2-preload	qsort	2.717	790.29	2415919104	5	daad9b63b2013449fba5d90591787dff8817c65d0d9bc57a0d814d2ef4c712ab	ok
1	main-gcc-stock	zlib	2.666	805.65	2415919104	5	be1e876889828625d023972c3bfc8e07f4fece5144eca0fec4b8468571920b5a	ok
1	J-gcc-tc	zlib	2.608	823.32	2415919104	5	be1e876889828625d023972c3bfc8e07f4fece5144eca0fec4b8468571920b5a	ok
1	K2-preload	zlib	2.668	805.04	2415919104	5	be1e876889828625d023972c3bfc8e07f4fece5144eca0fec4b8468571920b5a	ok
1	main-gcc-stock	hash	2.345	915.73	2415919104	5	7faadb95a5025daebfcb19715b698c3263c38de7907e186ca1daab75930291a9	ok
1	J-gcc-tc	hash	2.350	913.91	2415919104	5	7faadb95a5025daebfcb19715b698c3263c38de7907e186ca1daab75930291a9	ok
1	K2-preload	hash	2.422	886.57	2415919104	5	7faadb95a5025daebfcb19715b698c3263c38de7907e186ca1daab75930291a9	ok
1	main-gcc-stock	syscall	6.017	356.89	2415919104	5	42cec926ae99b5b2c0da4cf14907627c80ca32cc217e17c9c968a87a3f8695f2	ok
1	J-gcc-tc	syscall	5.879	365.30	2415919104	5	42cec926ae99b5b2c0da4cf14907627c80ca32cc217e17c9c968a87a3f8695f2	ok
1	K2-preload	syscall	5.794	370.62	2415919104	5	42cec926ae99b5b2c0da4cf14907627c80ca32cc217e17c9c968a87a3f8695f2	ok
1	main-gcc-stock	fp	2.435	881.89	2415919104	5	906dd97cb18890335374e13f06f11d3462076edd39a916310cd65dd5aafb45b7	ok
1	J-gcc-tc	fp	2.431	883.37	2415919104	5	906dd97cb18890335374e13f06f11d3462076edd39a916310cd65dd5aafb45b7	ok
1	K2-preload	fp	2.504	857.60	2415919104	5	906dd97cb18890335374e13f06f11d3462076edd39a916310cd65dd5aafb45b7	ok
1	main-gcc-stock	nop	1.278	1680.20	2415919104	5	da57556b7bc3bfb3034f0e46a44731597514065f16bb82552863d1f9e3d8922b	ok
1	J-gcc-tc	nop	1.303	1648.57	2415919104	5	da57556b7bc3bfb3034f0e46a44731597514065f16bb82552863d1f9e3d8922b	ok
1	K2-preload	nop	1.032	2079.89	2415919104	5	da57556b7bc3bfb3034f0e46a44731597514065f16bb82552863d1f9e3d8922b	ok
1	main-gcc-stock	regs	1.760	1220.44	2415919104	5	8046902ef45b574fa0d049b88f703123dc1dc6906940453019f5439d19dea791	ok
1	J-gcc-tc	regs	1.782	1204.87	2415919104	5	8046902ef45b574fa0d049b88f703123dc1dc6906940453019f5439d19dea791	ok
1	K2-preload	regs	1.608	1335.38	2415919104	5	8046902ef45b574fa0d049b88f703123dc1dc6906940453019f5439d19dea791	ok
1	main-gcc-stock	cpu	3.549	605.08	2415919104	5	eb324f1c6c0ea8e673c7ec829a4f55d0c80fd4c2ac098b6823a35cde5682c4a5	ok
1	J-gcc-tc	cpu	3.514	611.05	2415919104	5	eb324f1c6c0ea8e673c7ec829a4f55d0c80fd4c2ac098b6823a35cde5682c4a5	ok
1	K2-preload	cpu	3.489	615.49	2415919104	5	eb324f1c6c0ea8e673c7ec829a4f55d0c80fd4c2ac098b6823a35cde5682c4a5	ok
1	main-gcc-stock	crypt	2.929	733.20	2415919104	5	075ad5f3bef8aaa9bd8daae921884aff4a4c30187ed0bdb9fd30959f75e2709b	ok
1	J-gcc-tc	crypt	3.285	653.72	2415919104	5	075ad5f3bef8aaa9bd8daae921884aff4a4c30187ed0bdb9fd30959f75e2709b	ok
1	K2-preload	crypt	3.181	675.00	2415919104	5	075ad5f3bef8aaa9bd8daae921884aff4a4c30187ed0bdb9fd30959f75e2709b	ok
1	main-gcc-stock	memcpy	2.224	965.46	2415919104	5	958a3598adc13ecab81628febb41a80775a56c2227b74cbf0a455c0d064f6dd2	ok
1	J-gcc-tc	memcpy	2.220	967.16	2415919104	5	958a3598adc13ecab81628febb41a80775a56c2227b74cbf0a455c0d064f6dd2	ok
1	K2-preload	memcpy	2.380	902.45	2415919104	5	958a3598adc13ecab81628febb41a80775a56c2227b74cbf0a455c0d064f6dd2	ok
1	main-gcc-stock	branch	2.269	946.35	2415919104	5	3bb926ddc35a9ca8bdc7f6dfe2c84757cc27a07ceb7ed7637ddd3e5969b40e8c	ok
1	J-gcc-tc	branch	2.239	959.24	2415919104	5	3bb926ddc35a9ca8bdc7f6dfe2c84757cc27a07ceb7ed7637ddd3e5969b40e8c	ok
1	K2-preload	branch	2.225	965.15	2415919104	5	3bb926ddc35a9ca8bdc7f6dfe2c84757cc27a07ceb7ed7637ddd3e5969b40e8c	ok
1	main-gcc-stock	heapsort	2.490	862.33	2415919104	5	a01ab4e7ef8c8decb06055977002f5b5da8aeb3fa95049718b71a92d1d517adf	ok
1	J-gcc-tc	heapsort	2.466	870.88	2415919104	5	a01ab4e7ef8c8decb06055977002f5b5da8aeb3fa95049718b71a92d1d517adf	ok
1	K2-preload	heapsort	2.528	849.38	2415919104	5	a01ab4e7ef8c8decb06055977002f5b5da8aeb3fa95049718b71a92d1d517adf	ok
1	main-gcc-stock	tsearch	3.949	543.86	2415919104	5	35451ee71307997f2b1b494651a5fbd4257517350c84a0a993817a6e38fc713b	ok
1	J-gcc-tc	tsearch	3.993	537.84	2415919104	5	35451ee71307997f2b1b494651a5fbd4257517350c84a0a993817a6e38fc713b	ok
1	K2-preload	tsearch	4.018	534.49	2415919104	5	35451ee71307997f2b1b494651a5fbd4257517350c84a0a993817a6e38fc713b	ok
1	main-gcc-stock	matrix-3d	9.285	231.29	2415919104	5	e0bb44ec0b8c878093bff8307da03316a00c102a16babcbc42ceb8ca6e4cf0fe	ok
1	J-gcc-tc	matrix-3d	9.505	225.94	2415919104	5	e0bb44ec0b8c878093bff8307da03316a00c102a16babcbc42ceb8ca6e4cf0fe	ok
1	K2-preload	matrix-3d	9.690	221.61	2415919104	5	e0bb44ec0b8c878093bff8307da03316a00c102a16babcbc42ceb8ca6e4cf0fe	ok
1	main-gcc-stock	tree	4.275	502.29	2415919104	5	aaacf4808d9da670176f52ce3fa35924ce51d90d4fb24440308902b6302f92d4	ok
1	J-gcc-tc	tree	4.283	501.42	2415919104	5	aaacf4808d9da670176f52ce3fa35924ce51d90d4fb24440308902b6302f92d4	ok
1	K2-preload	tree	4.298	499.68	2415919104	5	aaacf4808d9da670176f52ce3fa35924ce51d90d4fb24440308902b6302f92d4	ok
1	main-gcc-stock	malloc	7.258	295.87	2415919104	5	bc106f77f0341f5e4be9c92901b33c15b5007cb13195b0f0c68d678b1ed2a2cf	ok
1	J-gcc-tc	malloc	7.276	295.14	2415919104	5	bc106f77f0341f5e4be9c92901b33c15b5007cb13195b0f0c68d678b1ed2a2cf	ok
1	K2-preload	malloc	7.330	292.96	2415919104	5	bc106f77f0341f5e4be9c92901b33c15b5007cb13195b0f0c68d678b1ed2a2cf	ok
1	main-gcc-stock	randlist	3.732	575.44	2415919104	5	ff2547c8dfc9c90e5eb6f65e14b3feda61f3dd85b0d465e351788800a850fd4a	ok
1	J-gcc-tc	randlist	3.816	562.77	2415919104	5	ff2547c8dfc9c90e5eb6f65e14b3feda61f3dd85b0d465e351788800a850fd4a	ok
1	K2-preload	randlist	3.815	562.86	2415919104	5	ff2547c8dfc9c90e5eb6f65e14b3feda61f3dd85b0d465e351788800a850fd4a	ok
2	main-gcc-stock	qsort	2.671	804.06	2415919104	5	daad9b63b2013449fba5d90591787dff8817c65d0d9bc57a0d814d2ef4c712ab	ok
2	J-gcc-tc	qsort	2.638	813.92	2415919104	5	daad9b63b2013449fba5d90591787dff8817c65d0d9bc57a0d814d2ef4c712ab	ok
2	K2-preload	qsort	2.719	789.77	2415919104	5	daad9b63b2013449fba5d90591787dff8817c65d0d9bc57a0d814d2ef4c712ab	ok
2	main-gcc-stock	zlib	2.662	806.69	2415919104	5	be1e876889828625d023972c3bfc8e07f4fece5144eca0fec4b8468571920b5a	ok
2	J-gcc-tc	zlib	2.630	816.63	2415919104	5	be1e876889828625d023972c3bfc8e07f4fece5144eca0fec4b8468571920b5a	ok
2	K2-preload	zlib	2.665	805.82	2415919104	5	be1e876889828625d023972c3bfc8e07f4fece5144eca0fec4b8468571920b5a	ok
2	main-gcc-stock	hash	2.343	916.44	2415919104	5	7faadb95a5025daebfcb19715b698c3263c38de7907e186ca1daab75930291a9	ok
2	J-gcc-tc	hash	2.345	915.69	2415919104	5	7faadb95a5025daebfcb19715b698c3263c38de7907e186ca1daab75930291a9	ok
2	K2-preload	hash	2.422	886.60	2415919104	5	7faadb95a5025daebfcb19715b698c3263c38de7907e186ca1daab75930291a9	ok
2	main-gcc-stock	syscall	6.016	356.95	2415919104	5	42cec926ae99b5b2c0da4cf14907627c80ca32cc217e17c9c968a87a3f8695f2	ok
2	J-gcc-tc	syscall	5.847	367.27	2415919104	5	42cec926ae99b5b2c0da4cf14907627c80ca32cc217e17c9c968a87a3f8695f2	ok
2	K2-preload	syscall	5.813	369.43	2415919104	5	42cec926ae99b5b2c0da4cf14907627c80ca32cc217e17c9c968a87a3f8695f2	ok
2	main-gcc-stock	fp	2.455	874.59	2415919104	5	906dd97cb18890335374e13f06f11d3462076edd39a916310cd65dd5aafb45b7	ok
2	J-gcc-tc	fp	2.447	877.62	2415919104	5	906dd97cb18890335374e13f06f11d3462076edd39a916310cd65dd5aafb45b7	ok
2	K2-preload	fp	2.538	846.14	2415919104	5	906dd97cb18890335374e13f06f11d3462076edd39a916310cd65dd5aafb45b7	ok
2	main-gcc-stock	nop	1.279	1679.45	2415919104	5	da57556b7bc3bfb3034f0e46a44731597514065f16bb82552863d1f9e3d8922b	ok
2	J-gcc-tc	nop	1.303	1648.42	2415919104	5	da57556b7bc3bfb3034f0e46a44731597514065f16bb82552863d1f9e3d8922b	ok
2	K2-preload	nop	1.033	2077.98	2415919104	5	da57556b7bc3bfb3034f0e46a44731597514065f16bb82552863d1f9e3d8922b	ok
2	main-gcc-stock	regs	1.761	1219.17	2415919104	5	8046902ef45b574fa0d049b88f703123dc1dc6906940453019f5439d19dea791	ok
2	J-gcc-tc	regs	1.787	1201.82	2415919104	5	8046902ef45b574fa0d049b88f703123dc1dc6906940453019f5439d19dea791	ok
2	K2-preload	regs	1.608	1335.69	2415919104	5	8046902ef45b574fa0d049b88f703123dc1dc6906940453019f5439d19dea791	ok
2	main-gcc-stock	cpu	3.535	607.56	2415919104	5	eb324f1c6c0ea8e673c7ec829a4f55d0c80fd4c2ac098b6823a35cde5682c4a5	ok
2	J-gcc-tc	cpu	3.504	612.91	2415919104	5	eb324f1c6c0ea8e673c7ec829a4f55d0c80fd4c2ac098b6823a35cde5682c4a5	ok
2	K2-preload	cpu	3.496	614.32	2415919104	5	eb324f1c6c0ea8e673c7ec829a4f55d0c80fd4c2ac098b6823a35cde5682c4a5	ok
2	main-gcc-stock	crypt	3.090	694.93	2415919104	5	075ad5f3bef8aaa9bd8daae921884aff4a4c30187ed0bdb9fd30959f75e2709b	ok
2	J-gcc-tc	crypt	3.213	668.47	2415919104	5	075ad5f3bef8aaa9bd8daae921884aff4a4c30187ed0bdb9fd30959f75e2709b	ok
2	K2-preload	crypt	3.164	678.75	2415919104	5	075ad5f3bef8aaa9bd8daae921884aff4a4c30187ed0bdb9fd30959f75e2709b	ok
2	main-gcc-stock	memcpy	2.242	957.78	2415919104	5	958a3598adc13ecab81628febb41a80775a56c2227b74cbf0a455c0d064f6dd2	ok
2	J-gcc-tc	memcpy	2.232	962.28	2415919104	5	958a3598adc13ecab81628febb41a80775a56c2227b74cbf0a455c0d064f6dd2	ok
2	K2-preload	memcpy	2.381	901.99	2415919104	5	958a3598adc13ecab81628febb41a80775a56c2227b74cbf0a455c0d064f6dd2	ok
2	main-gcc-stock	branch	2.260	950.26	2415919104	5	3bb926ddc35a9ca8bdc7f6dfe2c84757cc27a07ceb7ed7637ddd3e5969b40e8c	ok
2	J-gcc-tc	branch	2.239	959.13	2415919104	5	3bb926ddc35a9ca8bdc7f6dfe2c84757cc27a07ceb7ed7637ddd3e5969b40e8c	ok
2	K2-preload	branch	2.218	968.03	2415919104	5	3bb926ddc35a9ca8bdc7f6dfe2c84757cc27a07ceb7ed7637ddd3e5969b40e8c	ok
2	main-gcc-stock	heapsort	2.472	868.73	2415919104	5	a01ab4e7ef8c8decb06055977002f5b5da8aeb3fa95049718b71a92d1d517adf	ok
2	J-gcc-tc	heapsort	2.478	866.75	2415919104	5	a01ab4e7ef8c8decb06055977002f5b5da8aeb3fa95049718b71a92d1d517adf	ok
2	K2-preload	heapsort	2.529	848.99	2415919104	5	a01ab4e7ef8c8decb06055977002f5b5da8aeb3fa95049718b71a92d1d517adf	ok
2	main-gcc-stock	tsearch	3.901	550.50	2415919104	5	35451ee71307997f2b1b494651a5fbd4257517350c84a0a993817a6e38fc713b	ok
2	J-gcc-tc	tsearch	3.973	540.56	2415919104	5	35451ee71307997f2b1b494651a5fbd4257517350c84a0a993817a6e38fc713b	ok
2	K2-preload	tsearch	4.094	524.59	2415919104	5	35451ee71307997f2b1b494651a5fbd4257517350c84a0a993817a6e38fc713b	ok
2	main-gcc-stock	matrix-3d	9.274	231.57	2415919104	5	e0bb44ec0b8c878093bff8307da03316a00c102a16babcbc42ceb8ca6e4cf0fe	ok
2	J-gcc-tc	matrix-3d	9.505	225.93	2415919104	5	e0bb44ec0b8c878093bff8307da03316a00c102a16babcbc42ceb8ca6e4cf0fe	ok
2	K2-preload	matrix-3d	9.668	222.12	2415919104	5	e0bb44ec0b8c878093bff8307da03316a00c102a16babcbc42ceb8ca6e4cf0fe	ok
2	main-gcc-stock	tree	4.257	504.46	2415919104	5	aaacf4808d9da670176f52ce3fa35924ce51d90d4fb24440308902b6302f92d4	ok
2	J-gcc-tc	tree	4.272	502.73	2415919104	5	aaacf4808d9da670176f52ce3fa35924ce51d90d4fb24440308902b6302f92d4	ok
2	K2-preload	tree	4.298	499.62	2415919104	5	aaacf4808d9da670176f52ce3fa35924ce51d90d4fb24440308902b6302f92d4	ok
2	main-gcc-stock	malloc	7.250	296.21	2415919104	5	bc106f77f0341f5e4be9c92901b33c15b5007cb13195b0f0c68d678b1ed2a2cf	ok
2	J-gcc-tc	malloc	7.277	295.09	2415919104	5	bc106f77f0341f5e4be9c92901b33c15b5007cb13195b0f0c68d678b1ed2a2cf	ok
2	K2-preload	malloc	7.371	291.35	2415919104	5	bc106f77f0341f5e4be9c92901b33c15b5007cb13195b0f0c68d678b1ed2a2cf	ok
2	main-gcc-stock	randlist	3.723	576.81	2415919104	5	ff2547c8dfc9c90e5eb6f65e14b3feda61f3dd85b0d465e351788800a850fd4a	ok
2	J-gcc-tc	randlist	3.802	564.84	2415919104	5	ff2547c8dfc9c90e5eb6f65e14b3feda61f3dd85b0d465e351788800a850fd4a	ok
2	K2-preload	randlist	3.790	566.58	2415919104	5	ff2547c8dfc9c90e5eb6f65e14b3feda61f3dd85b0d465e351788800a850fd4a	ok
3	main-gcc-stock	qsort	2.670	804.28	2415919104	5	daad9b63b2013449fba5d90591787dff8817c65d0d9bc57a0d814d2ef4c712ab	ok
3	J-gcc-tc	qsort	2.638	814.09	2415919104	5	daad9b63b2013449fba5d90591787dff8817c65d0d9bc57a0d814d2ef4c712ab	ok
3	K2-preload	qsort	2.700	795.27	2415919104	5	daad9b63b2013449fba5d90591787dff8817c65d0d9bc57a0d814d2ef4c712ab	ok
3	main-gcc-stock	zlib	2.689	798.61	2415919104	5	be1e876889828625d023972c3bfc8e07f4fece5144eca0fec4b8468571920b5a	ok
3	J-gcc-tc	zlib	2.631	816.28	2415919104	5	be1e876889828625d023972c3bfc8e07f4fece5144eca0fec4b8468571920b5a	ok
3	K2-preload	zlib	2.660	807.34	2415919104	5	be1e876889828625d023972c3bfc8e07f4fece5144eca0fec4b8468571920b5a	ok
3	main-gcc-stock	hash	2.348	914.79	2415919104	5	7faadb95a5025daebfcb19715b698c3263c38de7907e186ca1daab75930291a9	ok
3	J-gcc-tc	hash	2.350	913.88	2415919104	5	7faadb95a5025daebfcb19715b698c3263c38de7907e186ca1daab75930291a9	ok
3	K2-preload	hash	2.421	887.01	2415919104	5	7faadb95a5025daebfcb19715b698c3263c38de7907e186ca1daab75930291a9	ok
3	main-gcc-stock	syscall	6.073	353.61	2415919104	5	42cec926ae99b5b2c0da4cf14907627c80ca32cc217e17c9c968a87a3f8695f2	ok
3	J-gcc-tc	syscall	5.881	365.16	2415919104	5	42cec926ae99b5b2c0da4cf14907627c80ca32cc217e17c9c968a87a3f8695f2	ok
3	K2-preload	syscall	5.748	373.63	2415919104	5	42cec926ae99b5b2c0da4cf14907627c80ca32cc217e17c9c968a87a3f8695f2	ok
3	main-gcc-stock	fp	2.461	872.58	2415919104	5	906dd97cb18890335374e13f06f11d3462076edd39a916310cd65dd5aafb45b7	ok
3	J-gcc-tc	fp	2.435	882.10	2415919104	5	906dd97cb18890335374e13f06f11d3462076edd39a916310cd65dd5aafb45b7	ok
3	K2-preload	fp	2.527	849.86	2415919104	5	906dd97cb18890335374e13f06f11d3462076edd39a916310cd65dd5aafb45b7	ok
3	main-gcc-stock	nop	1.278	1679.91	2415919104	5	da57556b7bc3bfb3034f0e46a44731597514065f16bb82552863d1f9e3d8922b	ok
3	J-gcc-tc	nop	1.303	1647.88	2415919104	5	da57556b7bc3bfb3034f0e46a44731597514065f16bb82552863d1f9e3d8922b	ok
3	K2-preload	nop	1.033	2079.66	2415919104	5	da57556b7bc3bfb3034f0e46a44731597514065f16bb82552863d1f9e3d8922b	ok
3	main-gcc-stock	regs	1.763	1217.83	2415919104	5	8046902ef45b574fa0d049b88f703123dc1dc6906940453019f5439d19dea791	ok
3	J-gcc-tc	regs	1.782	1204.80	2415919104	5	8046902ef45b574fa0d049b88f703123dc1dc6906940453019f5439d19dea791	ok
3	K2-preload	regs	1.606	1337.51	2415919104	5	8046902ef45b574fa0d049b88f703123dc1dc6906940453019f5439d19dea791	ok
3	main-gcc-stock	cpu	3.525	609.16	2415919104	5	eb324f1c6c0ea8e673c7ec829a4f55d0c80fd4c2ac098b6823a35cde5682c4a5	ok
3	J-gcc-tc	cpu	3.522	609.68	2415919104	5	eb324f1c6c0ea8e673c7ec829a4f55d0c80fd4c2ac098b6823a35cde5682c4a5	ok
3	K2-preload	cpu	3.496	614.29	2415919104	5	eb324f1c6c0ea8e673c7ec829a4f55d0c80fd4c2ac098b6823a35cde5682c4a5	ok
3	main-gcc-stock	crypt	2.928	733.52	2415919104	5	075ad5f3bef8aaa9bd8daae921884aff4a4c30187ed0bdb9fd30959f75e2709b	ok
3	J-gcc-tc	crypt	3.214	668.24	2415919104	5	075ad5f3bef8aaa9bd8daae921884aff4a4c30187ed0bdb9fd30959f75e2709b	ok
3	K2-preload	crypt	3.174	676.69	2415919104	5	075ad5f3bef8aaa9bd8daae921884aff4a4c30187ed0bdb9fd30959f75e2709b	ok
3	main-gcc-stock	memcpy	2.249	955.03	2415919104	5	958a3598adc13ecab81628febb41a80775a56c2227b74cbf0a455c0d064f6dd2	ok
3	J-gcc-tc	memcpy	2.222	966.50	2415919104	5	958a3598adc13ecab81628febb41a80775a56c2227b74cbf0a455c0d064f6dd2	ok
3	K2-preload	memcpy	2.377	903.51	2415919104	5	958a3598adc13ecab81628febb41a80775a56c2227b74cbf0a455c0d064f6dd2	ok
3	main-gcc-stock	branch	2.259	950.46	2415919104	5	3bb926ddc35a9ca8bdc7f6dfe2c84757cc27a07ceb7ed7637ddd3e5969b40e8c	ok
3	J-gcc-tc	branch	2.227	964.33	2415919104	5	3bb926ddc35a9ca8bdc7f6dfe2c84757cc27a07ceb7ed7637ddd3e5969b40e8c	ok
3	K2-preload	branch	2.209	972.20	2415919104	5	3bb926ddc35a9ca8bdc7f6dfe2c84757cc27a07ceb7ed7637ddd3e5969b40e8c	ok
3	main-gcc-stock	heapsort	2.471	869.08	2415919104	5	a01ab4e7ef8c8decb06055977002f5b5da8aeb3fa95049718b71a92d1d517adf	ok
3	J-gcc-tc	heapsort	2.466	870.69	2415919104	5	a01ab4e7ef8c8decb06055977002f5b5da8aeb3fa95049718b71a92d1d517adf	ok
3	K2-preload	heapsort	2.529	849.31	2415919104	5	a01ab4e7ef8c8decb06055977002f5b5da8aeb3fa95049718b71a92d1d517adf	ok
3	main-gcc-stock	tsearch	3.912	548.94	2415919104	5	35451ee71307997f2b1b494651a5fbd4257517350c84a0a993817a6e38fc713b	ok
3	J-gcc-tc	tsearch	4.018	534.46	2415919104	5	35451ee71307997f2b1b494651a5fbd4257517350c84a0a993817a6e38fc713b	ok
3	K2-preload	tsearch	4.034	532.39	2415919104	5	35451ee71307997f2b1b494651a5fbd4257517350c84a0a993817a6e38fc713b	ok
3	main-gcc-stock	matrix-3d	9.258	231.95	2415919104	5	e0bb44ec0b8c878093bff8307da03316a00c102a16babcbc42ceb8ca6e4cf0fe	ok
3	J-gcc-tc	matrix-3d	9.497	226.13	2415919104	5	e0bb44ec0b8c878093bff8307da03316a00c102a16babcbc42ceb8ca6e4cf0fe	ok
3	K2-preload	matrix-3d	9.651	222.52	2415919104	5	e0bb44ec0b8c878093bff8307da03316a00c102a16babcbc42ceb8ca6e4cf0fe	ok
3	main-gcc-stock	tree	4.264	503.67	2415919104	5	aaacf4808d9da670176f52ce3fa35924ce51d90d4fb24440308902b6302f92d4	ok
3	J-gcc-tc	tree	4.255	504.75	2415919104	5	aaacf4808d9da670176f52ce3fa35924ce51d90d4fb24440308902b6302f92d4	ok
3	K2-preload	tree	4.316	497.55	2415919104	5	aaacf4808d9da670176f52ce3fa35924ce51d90d4fb24440308902b6302f92d4	ok
3	main-gcc-stock	malloc	7.106	302.20	2415919104	5	bc106f77f0341f5e4be9c92901b33c15b5007cb13195b0f0c68d678b1ed2a2cf	ok
3	J-gcc-tc	malloc	7.243	296.48	2415919104	5	bc106f77f0341f5e4be9c92901b33c15b5007cb13195b0f0c68d678b1ed2a2cf	ok
3	K2-preload	malloc	7.320	293.39	2415919104	5	bc106f77f0341f5e4be9c92901b33c15b5007cb13195b0f0c68d678b1ed2a2cf	ok
3	main-gcc-stock	randlist	3.730	575.79	2415919104	5	ff2547c8dfc9c90e5eb6f65e14b3feda61f3dd85b0d465e351788800a850fd4a	ok
3	J-gcc-tc	randlist	3.855	557.07	2415919104	5	ff2547c8dfc9c90e5eb6f65e14b3feda61f3dd85b0d465e351788800a850fd4a	ok
3	K2-preload	randlist	3.818	562.39	2415919104	5	ff2547c8dfc9c90e5eb6f65e14b3feda61f3dd85b0d465e351788800a850fd4a	ok
1	main-clang-stock	qsort	2.719	789.86	2415919104	5	daad9b63b2013449fba5d90591787dff8817c65d0d9bc57a0d814d2ef4c712ab	ok
1	clang-stock	qsort	2.663	806.45	2415919104	5	daad9b63b2013449fba5d90591787dff8817c65d0d9bc57a0d814d2ef4c712ab	ok
1	clang-tc	qsort	2.735	785.18	2415919104	5	daad9b63b2013449fba5d90591787dff8817c65d0d9bc57a0d814d2ef4c712ab	ok
1	clang-tc-nopre	qsort	2.637	814.38	2415919104	5	daad9b63b2013449fba5d90591787dff8817c65d0d9bc57a0d814d2ef4c712ab	ok
1	clang-tc-nossp	qsort	2.648	811.13	2415919104	5	daad9b63b2013449fba5d90591787dff8817c65d0d9bc57a0d814d2ef4c712ab	ok
1	clang-tc-nossp-nopre	qsort	2.577	833.43	2415919104	5	daad9b63b2013449fba5d90591787dff8817c65d0d9bc57a0d814d2ef4c712ab	ok
1	main-gcc-stock	qsort	2.668	804.89	2415919104	5	daad9b63b2013449fba5d90591787dff8817c65d0d9bc57a0d814d2ef4c712ab	ok
1	gcc-stock	qsort	3.961	542.22	2415919104	5	daad9b63b2013449fba5d90591787dff8817c65d0d9bc57a0d814d2ef4c712ab	ok
1	gcc-tc	qsort	2.643	812.59	2415919104	5	daad9b63b2013449fba5d90591787dff8817c65d0d9bc57a0d814d2ef4c712ab	ok
1	gcc-tc-pinned	qsort	2.892	742.57	2415919104	5	daad9b63b2013449fba5d90591787dff8817c65d0d9bc57a0d814d2ef4c712ab	ok
1	main-clang-stock	zlib	2.778	772.96	2415919104	5	be1e876889828625d023972c3bfc8e07f4fece5144eca0fec4b8468571920b5a	ok
1	clang-stock	zlib	2.687	799.25	2415919104	5	be1e876889828625d023972c3bfc8e07f4fece5144eca0fec4b8468571920b5a	ok
1	clang-tc	zlib	2.849	753.76	2415919104	5	be1e876889828625d023972c3bfc8e07f4fece5144eca0fec4b8468571920b5a	ok
1	clang-tc-nopre	zlib	2.736	784.96	2415919104	5	be1e876889828625d023972c3bfc8e07f4fece5144eca0fec4b8468571920b5a	ok
1	clang-tc-nossp	zlib	2.784	771.31	2415919104	5	be1e876889828625d023972c3bfc8e07f4fece5144eca0fec4b8468571920b5a	ok
1	clang-tc-nossp-nopre	zlib	2.632	815.87	2415919104	5	be1e876889828625d023972c3bfc8e07f4fece5144eca0fec4b8468571920b5a	ok
1	main-gcc-stock	zlib	2.667	805.33	2415919104	5	be1e876889828625d023972c3bfc8e07f4fece5144eca0fec4b8468571920b5a	ok
1	gcc-stock	zlib	3.534	607.73	2415919104	5	be1e876889828625d023972c3bfc8e07f4fece5144eca0fec4b8468571920b5a	ok
1	gcc-tc	zlib	2.609	822.99	2415919104	5	be1e876889828625d023972c3bfc8e07f4fece5144eca0fec4b8468571920b5a	ok
1	gcc-tc-pinned	zlib	2.837	756.99	2415919104	5	be1e876889828625d023972c3bfc8e07f4fece5144eca0fec4b8468571920b5a	ok
1	main-clang-stock	hash	2.673	803.37	2415919104	5	7faadb95a5025daebfcb19715b698c3263c38de7907e186ca1daab75930291a9	ok
1	clang-stock	hash	2.471	869.25	2415919104	5	7faadb95a5025daebfcb19715b698c3263c38de7907e186ca1daab75930291a9	ok
1	clang-tc	hash	2.492	861.73	2415919104	5	7faadb95a5025daebfcb19715b698c3263c38de7907e186ca1daab75930291a9	ok
1	clang-tc-nopre	hash	2.362	909.35	2415919104	5	7faadb95a5025daebfcb19715b698c3263c38de7907e186ca1daab75930291a9	ok
1	clang-tc-nossp	hash	2.449	876.74	2415919104	5	7faadb95a5025daebfcb19715b698c3263c38de7907e186ca1daab75930291a9	ok
1	clang-tc-nossp-nopre	hash	2.344	916.20	2415919104	5	7faadb95a5025daebfcb19715b698c3263c38de7907e186ca1daab75930291a9	ok
1	main-gcc-stock	hash	2.353	912.75	2415919104	5	7faadb95a5025daebfcb19715b698c3263c38de7907e186ca1daab75930291a9	ok
1	gcc-stock	hash	3.372	636.87	2415919104	5	7faadb95a5025daebfcb19715b698c3263c38de7907e186ca1daab75930291a9	ok
1	gcc-tc	hash	2.350	913.90	2415919104	5	7faadb95a5025daebfcb19715b698c3263c38de7907e186ca1daab75930291a9	ok
1	gcc-tc-pinned	hash	2.621	819.41	2415919104	5	7faadb95a5025daebfcb19715b698c3263c38de7907e186ca1daab75930291a9	ok
1	main-clang-stock	syscall	6.036	355.77	2415919104	5	42cec926ae99b5b2c0da4cf14907627c80ca32cc217e17c9c968a87a3f8695f2	ok
1	clang-stock	syscall	5.957	360.52	2415919104	5	42cec926ae99b5b2c0da4cf14907627c80ca32cc217e17c9c968a87a3f8695f2	ok
1	clang-tc	syscall	5.895	364.30	2415919104	5	42cec926ae99b5b2c0da4cf14907627c80ca32cc217e17c9c968a87a3f8695f2	ok
1	clang-tc-nopre	syscall	6.077	353.35	2415919104	5	42cec926ae99b5b2c0da4cf14907627c80ca32cc217e17c9c968a87a3f8695f2	ok
1	clang-tc-nossp	syscall	5.827	368.57	2415919104	5	42cec926ae99b5b2c0da4cf14907627c80ca32cc217e17c9c968a87a3f8695f2	ok
1	clang-tc-nossp-nopre	syscall	5.986	358.75	2415919104	5	42cec926ae99b5b2c0da4cf14907627c80ca32cc217e17c9c968a87a3f8695f2	ok
1	main-gcc-stock	syscall	6.026	356.35	2415919104	5	42cec926ae99b5b2c0da4cf14907627c80ca32cc217e17c9c968a87a3f8695f2	ok
1	gcc-stock	syscall	7.473	287.38	2415919104	5	42cec926ae99b5b2c0da4cf14907627c80ca32cc217e17c9c968a87a3f8695f2	ok
1	gcc-tc	syscall	5.841	367.65	2415919104	5	42cec926ae99b5b2c0da4cf14907627c80ca32cc217e17c9c968a87a3f8695f2	ok
1	gcc-tc-pinned	syscall	5.999	357.98	2415919104	5	42cec926ae99b5b2c0da4cf14907627c80ca32cc217e17c9c968a87a3f8695f2	ok
1	main-clang-stock	fp	2.803	766.10	2415919104	5	906dd97cb18890335374e13f06f11d3462076edd39a916310cd65dd5aafb45b7	ok
1	clang-stock	fp	2.648	811.13	2415919104	5	906dd97cb18890335374e13f06f11d3462076edd39a916310cd65dd5aafb45b7	ok
1	clang-tc	fp	2.610	822.91	2415919104	5	906dd97cb18890335374e13f06f11d3462076edd39a916310cd65dd5aafb45b7	ok
1	clang-tc-nopre	fp	2.419	887.83	2415919104	5	906dd97cb18890335374e13f06f11d3462076edd39a916310cd65dd5aafb45b7	ok
1	clang-tc-nossp	fp	2.578	832.96	2415919104	5	906dd97cb18890335374e13f06f11d3462076edd39a916310cd65dd5aafb45b7	ok
1	clang-tc-nossp-nopre	fp	2.375	904.02	2415919104	5	906dd97cb18890335374e13f06f11d3462076edd39a916310cd65dd5aafb45b7	ok
1	main-gcc-stock	fp	2.441	879.89	2415919104	5	906dd97cb18890335374e13f06f11d3462076edd39a916310cd65dd5aafb45b7	ok
1	gcc-stock	fp	3.559	603.46	2415919104	5	906dd97cb18890335374e13f06f11d3462076edd39a916310cd65dd5aafb45b7	ok
1	gcc-tc	fp	2.453	875.43	2415919104	5	906dd97cb18890335374e13f06f11d3462076edd39a916310cd65dd5aafb45b7	ok
1	gcc-tc-pinned	fp	2.622	819.08	2415919104	5	906dd97cb18890335374e13f06f11d3462076edd39a916310cd65dd5aafb45b7	ok
1	main-clang-stock	nop	1.322	1624.46	2415919104	5	da57556b7bc3bfb3034f0e46a44731597514065f16bb82552863d1f9e3d8922b	ok
1	clang-stock	nop	1.327	1618.38	2415919104	5	da57556b7bc3bfb3034f0e46a44731597514065f16bb82552863d1f9e3d8922b	ok
1	clang-tc	nop	1.220	1760.47	2415919104	5	da57556b7bc3bfb3034f0e46a44731597514065f16bb82552863d1f9e3d8922b	ok
1	clang-tc-nopre	nop	1.212	1772.29	2415919104	5	da57556b7bc3bfb3034f0e46a44731597514065f16bb82552863d1f9e3d8922b	ok
1	clang-tc-nossp	nop	1.067	2011.77	2415919104	5	da57556b7bc3bfb3034f0e46a44731597514065f16bb82552863d1f9e3d8922b	ok
1	clang-tc-nossp-nopre	nop	1.057	2032.21	2415919104	5	da57556b7bc3bfb3034f0e46a44731597514065f16bb82552863d1f9e3d8922b	ok
1	main-gcc-stock	nop	1.277	1681.64	2415919104	5	da57556b7bc3bfb3034f0e46a44731597514065f16bb82552863d1f9e3d8922b	ok
1	gcc-stock	nop	1.642	1308.17	2415919104	5	da57556b7bc3bfb3034f0e46a44731597514065f16bb82552863d1f9e3d8922b	ok
1	gcc-tc	nop	1.300	1652.11	2415919104	5	da57556b7bc3bfb3034f0e46a44731597514065f16bb82552863d1f9e3d8922b	ok
1	gcc-tc-pinned	nop	1.271	1689.98	2415919104	5	da57556b7bc3bfb3034f0e46a44731597514065f16bb82552863d1f9e3d8922b	ok
1	main-clang-stock	regs	1.820	1179.63	2415919104	5	8046902ef45b574fa0d049b88f703123dc1dc6906940453019f5439d19dea791	ok
1	clang-stock	regs	1.722	1247.06	2415919104	5	8046902ef45b574fa0d049b88f703123dc1dc6906940453019f5439d19dea791	ok
1	clang-tc	regs	1.595	1346.56	2415919104	5	8046902ef45b574fa0d049b88f703123dc1dc6906940453019f5439d19dea791	ok
1	clang-tc-nopre	regs	1.558	1378.37	2415919104	5	8046902ef45b574fa0d049b88f703123dc1dc6906940453019f5439d19dea791	ok
1	clang-tc-nossp	regs	1.554	1382.25	2415919104	5	8046902ef45b574fa0d049b88f703123dc1dc6906940453019f5439d19dea791	ok
1	clang-tc-nossp-nopre	regs	1.547	1388.44	2415919104	5	8046902ef45b574fa0d049b88f703123dc1dc6906940453019f5439d19dea791	ok
1	main-gcc-stock	regs	1.759	1220.95	2415919104	5	8046902ef45b574fa0d049b88f703123dc1dc6906940453019f5439d19dea791	ok
1	gcc-stock	regs	2.957	726.12	2415919104	5	8046902ef45b574fa0d049b88f703123dc1dc6906940453019f5439d19dea791	ok
1	gcc-tc	regs	1.785	1203.35	2415919104	5	8046902ef45b574fa0d049b88f703123dc1dc6906940453019f5439d19dea791	ok
1	gcc-tc-pinned	regs	1.829	1173.98	2415919104	5	8046902ef45b574fa0d049b88f703123dc1dc6906940453019f5439d19dea791	ok
1	main-clang-stock	cpu	3.746	573.29	2415919104	5	eb324f1c6c0ea8e673c7ec829a4f55d0c80fd4c2ac098b6823a35cde5682c4a5	ok
1	clang-stock	cpu	3.584	599.11	2415919104	5	eb324f1c6c0ea8e673c7ec829a4f55d0c80fd4c2ac098b6823a35cde5682c4a5	ok
1	clang-tc	cpu	3.536	607.36	2415919104	5	eb324f1c6c0ea8e673c7ec829a4f55d0c80fd4c2ac098b6823a35cde5682c4a5	ok
1	clang-tc-nopre	cpu	3.454	621.81	2415919104	5	eb324f1c6c0ea8e673c7ec829a4f55d0c80fd4c2ac098b6823a35cde5682c4a5	ok
1	clang-tc-nossp	cpu	3.531	608.24	2415919104	5	eb324f1c6c0ea8e673c7ec829a4f55d0c80fd4c2ac098b6823a35cde5682c4a5	ok
1	clang-tc-nossp-nopre	cpu	3.431	625.85	2415919104	5	eb324f1c6c0ea8e673c7ec829a4f55d0c80fd4c2ac098b6823a35cde5682c4a5	ok
1	main-gcc-stock	cpu	3.523	609.51	2415919104	5	eb324f1c6c0ea8e673c7ec829a4f55d0c80fd4c2ac098b6823a35cde5682c4a5	ok
1	gcc-stock	cpu	4.582	468.67	2415919104	5	eb324f1c6c0ea8e673c7ec829a4f55d0c80fd4c2ac098b6823a35cde5682c4a5	ok
1	gcc-tc	cpu	3.499	613.79	2415919104	5	eb324f1c6c0ea8e673c7ec829a4f55d0c80fd4c2ac098b6823a35cde5682c4a5	ok
1	gcc-tc-pinned	cpu	3.657	587.28	2415919104	5	eb324f1c6c0ea8e673c7ec829a4f55d0c80fd4c2ac098b6823a35cde5682c4a5	ok
1	main-clang-stock	crypt	3.190	673.11	2415919104	5	075ad5f3bef8aaa9bd8daae921884aff4a4c30187ed0bdb9fd30959f75e2709b	ok
1	clang-stock	crypt	2.939	730.79	2415919104	5	075ad5f3bef8aaa9bd8daae921884aff4a4c30187ed0bdb9fd30959f75e2709b	ok
1	clang-tc	crypt	2.913	737.19	2415919104	5	075ad5f3bef8aaa9bd8daae921884aff4a4c30187ed0bdb9fd30959f75e2709b	ok
1	clang-tc-nopre	crypt	2.834	757.73	2415919104	5	075ad5f3bef8aaa9bd8daae921884aff4a4c30187ed0bdb9fd30959f75e2709b	ok
1	clang-tc-nossp	crypt	2.949	728.21	2415919104	5	075ad5f3bef8aaa9bd8daae921884aff4a4c30187ed0bdb9fd30959f75e2709b	ok
1	clang-tc-nossp-nopre	crypt	2.843	755.43	2415919104	5	075ad5f3bef8aaa9bd8daae921884aff4a4c30187ed0bdb9fd30959f75e2709b	ok
1	main-gcc-stock	crypt	2.933	732.29	2415919104	5	075ad5f3bef8aaa9bd8daae921884aff4a4c30187ed0bdb9fd30959f75e2709b	ok
1	gcc-stock	crypt	3.812	563.33	2415919104	5	075ad5f3bef8aaa9bd8daae921884aff4a4c30187ed0bdb9fd30959f75e2709b	ok
1	gcc-tc	crypt	3.198	671.59	2415919104	5	075ad5f3bef8aaa9bd8daae921884aff4a4c30187ed0bdb9fd30959f75e2709b	ok
1	gcc-tc-pinned	crypt	3.244	662.06	2415919104	5	075ad5f3bef8aaa9bd8daae921884aff4a4c30187ed0bdb9fd30959f75e2709b	ok
1	main-clang-stock	memcpy	2.227	964.33	2415919104	5	958a3598adc13ecab81628febb41a80775a56c2227b74cbf0a455c0d064f6dd2	ok
1	clang-stock	memcpy	2.189	981.15	2415919104	5	958a3598adc13ecab81628febb41a80775a56c2227b74cbf0a455c0d064f6dd2	ok
1	clang-tc	memcpy	2.391	898.34	2415919104	5	958a3598adc13ecab81628febb41a80775a56c2227b74cbf0a455c0d064f6dd2	ok
1	clang-tc-nopre	memcpy	2.175	987.49	2415919104	5	958a3598adc13ecab81628febb41a80775a56c2227b74cbf0a455c0d064f6dd2	ok
1	clang-tc-nossp	memcpy	2.300	933.77	2415919104	5	958a3598adc13ecab81628febb41a80775a56c2227b74cbf0a455c0d064f6dd2	ok
1	clang-tc-nossp-nopre	memcpy	2.139	1004.12	2415919104	5	958a3598adc13ecab81628febb41a80775a56c2227b74cbf0a455c0d064f6dd2	ok
1	main-gcc-stock	memcpy	2.262	949.24	2415919104	5	958a3598adc13ecab81628febb41a80775a56c2227b74cbf0a455c0d064f6dd2	ok
1	gcc-stock	memcpy	3.059	702.03	2415919104	5	958a3598adc13ecab81628febb41a80775a56c2227b74cbf0a455c0d064f6dd2	ok
1	gcc-tc	memcpy	2.239	959.01	2415919104	5	958a3598adc13ecab81628febb41a80775a56c2227b74cbf0a455c0d064f6dd2	ok
1	gcc-tc-pinned	memcpy	2.572	835.07	2415919104	5	958a3598adc13ecab81628febb41a80775a56c2227b74cbf0a455c0d064f6dd2	ok
1	main-clang-stock	branch	2.577	833.38	2415919104	5	3bb926ddc35a9ca8bdc7f6dfe2c84757cc27a07ceb7ed7637ddd3e5969b40e8c	ok
1	clang-stock	branch	2.241	958.39	2415919104	5	3bb926ddc35a9ca8bdc7f6dfe2c84757cc27a07ceb7ed7637ddd3e5969b40e8c	ok
1	clang-tc	branch	2.203	974.99	2415919104	5	3bb926ddc35a9ca8bdc7f6dfe2c84757cc27a07ceb7ed7637ddd3e5969b40e8c	ok
1	clang-tc-nopre	branch	2.138	1004.54	2415919104	5	3bb926ddc35a9ca8bdc7f6dfe2c84757cc27a07ceb7ed7637ddd3e5969b40e8c	ok
1	clang-tc-nossp	branch	2.210	971.64	2415919104	5	3bb926ddc35a9ca8bdc7f6dfe2c84757cc27a07ceb7ed7637ddd3e5969b40e8c	ok
1	clang-tc-nossp-nopre	branch	2.215	969.65	2415919104	5	3bb926ddc35a9ca8bdc7f6dfe2c84757cc27a07ceb7ed7637ddd3e5969b40e8c	ok
1	main-gcc-stock	branch	2.260	950.07	2415919104	5	3bb926ddc35a9ca8bdc7f6dfe2c84757cc27a07ceb7ed7637ddd3e5969b40e8c	ok
1	gcc-stock	branch	3.150	681.75	2415919104	5	3bb926ddc35a9ca8bdc7f6dfe2c84757cc27a07ceb7ed7637ddd3e5969b40e8c	ok
1	gcc-tc	branch	2.229	963.48	2415919104	5	3bb926ddc35a9ca8bdc7f6dfe2c84757cc27a07ceb7ed7637ddd3e5969b40e8c	ok
1	gcc-tc-pinned	branch	2.303	932.34	2415919104	5	3bb926ddc35a9ca8bdc7f6dfe2c84757cc27a07ceb7ed7637ddd3e5969b40e8c	ok
1	main-clang-stock	heapsort	2.559	839.23	2415919104	5	a01ab4e7ef8c8decb06055977002f5b5da8aeb3fa95049718b71a92d1d517adf	ok
1	clang-stock	heapsort	2.438	880.87	2415919104	5	a01ab4e7ef8c8decb06055977002f5b5da8aeb3fa95049718b71a92d1d517adf	ok
1	clang-tc	heapsort	2.577	833.40	2415919104	5	a01ab4e7ef8c8decb06055977002f5b5da8aeb3fa95049718b71a92d1d517adf	ok
1	clang-tc-nopre	heapsort	2.459	873.20	2415919104	5	a01ab4e7ef8c8decb06055977002f5b5da8aeb3fa95049718b71a92d1d517adf	ok
1	clang-tc-nossp	heapsort	2.537	846.58	2415919104	5	a01ab4e7ef8c8decb06055977002f5b5da8aeb3fa95049718b71a92d1d517adf	ok
1	clang-tc-nossp-nopre	heapsort	2.461	872.46	2415919104	5	a01ab4e7ef8c8decb06055977002f5b5da8aeb3fa95049718b71a92d1d517adf	ok
1	main-gcc-stock	heapsort	2.470	869.55	2415919104	5	a01ab4e7ef8c8decb06055977002f5b5da8aeb3fa95049718b71a92d1d517adf	ok
1	gcc-stock	heapsort	4.725	454.51	2415919104	5	a01ab4e7ef8c8decb06055977002f5b5da8aeb3fa95049718b71a92d1d517adf	ok
1	gcc-tc	heapsort	2.471	868.94	2415919104	5	a01ab4e7ef8c8decb06055977002f5b5da8aeb3fa95049718b71a92d1d517adf	ok
1	gcc-tc-pinned	heapsort	2.783	771.71	2415919104	5	a01ab4e7ef8c8decb06055977002f5b5da8aeb3fa95049718b71a92d1d517adf	ok
1	main-clang-stock	tsearch	3.997	537.22	2415919104	5	35451ee71307997f2b1b494651a5fbd4257517350c84a0a993817a6e38fc713b	ok
1	clang-stock	tsearch	4.049	530.37	2415919104	5	35451ee71307997f2b1b494651a5fbd4257517350c84a0a993817a6e38fc713b	ok
1	clang-tc	tsearch	4.190	512.55	2415919104	5	35451ee71307997f2b1b494651a5fbd4257517350c84a0a993817a6e38fc713b	ok
1	clang-tc-nopre	tsearch	4.065	528.34	2415919104	5	35451ee71307997f2b1b494651a5fbd4257517350c84a0a993817a6e38fc713b	ok
1	clang-tc-nossp	tsearch	3.982	539.33	2415919104	5	35451ee71307997f2b1b494651a5fbd4257517350c84a0a993817a6e38fc713b	ok
1	clang-tc-nossp-nopre	tsearch	4.028	533.12	2415919104	5	35451ee71307997f2b1b494651a5fbd4257517350c84a0a993817a6e38fc713b	ok
1	main-gcc-stock	tsearch	4.074	527.06	2415919104	5	35451ee71307997f2b1b494651a5fbd4257517350c84a0a993817a6e38fc713b	ok
1	gcc-stock	tsearch	5.239	409.91	2415919104	5	35451ee71307997f2b1b494651a5fbd4257517350c84a0a993817a6e38fc713b	ok
1	gcc-tc	tsearch	4.034	532.30	2415919104	5	35451ee71307997f2b1b494651a5fbd4257517350c84a0a993817a6e38fc713b	ok
1	gcc-tc-pinned	tsearch	4.379	490.38	2415919104	5	35451ee71307997f2b1b494651a5fbd4257517350c84a0a993817a6e38fc713b	ok
1	main-clang-stock	matrix-3d	10.263	209.25	2415919104	5	e0bb44ec0b8c878093bff8307da03316a00c102a16babcbc42ceb8ca6e4cf0fe	ok
1	clang-stock	matrix-3d	9.824	218.60	2415919104	5	e0bb44ec0b8c878093bff8307da03316a00c102a16babcbc42ceb8ca6e4cf0fe	ok
1	clang-tc	matrix-3d	10.350	207.49	2415919104	5	e0bb44ec0b8c878093bff8307da03316a00c102a16babcbc42ceb8ca6e4cf0fe	ok
1	clang-tc-nopre	matrix-3d	10.509	204.35	2415919104	5	e0bb44ec0b8c878093bff8307da03316a00c102a16babcbc42ceb8ca6e4cf0fe	ok
1	clang-tc-nossp	matrix-3d	9.920	216.48	2415919104	5	e0bb44ec0b8c878093bff8307da03316a00c102a16babcbc42ceb8ca6e4cf0fe	ok
1	clang-tc-nossp-nopre	matrix-3d	9.676	221.94	2415919104	5	e0bb44ec0b8c878093bff8307da03316a00c102a16babcbc42ceb8ca6e4cf0fe	ok
1	main-gcc-stock	matrix-3d	9.294	231.06	2415919104	5	e0bb44ec0b8c878093bff8307da03316a00c102a16babcbc42ceb8ca6e4cf0fe	ok
1	gcc-stock	matrix-3d	10.028	214.16	2415919104	5	e0bb44ec0b8c878093bff8307da03316a00c102a16babcbc42ceb8ca6e4cf0fe	ok
1	gcc-tc	matrix-3d	9.515	225.70	2415919104	5	e0bb44ec0b8c878093bff8307da03316a00c102a16babcbc42ceb8ca6e4cf0fe	ok
1	gcc-tc-pinned	matrix-3d	10.079	213.06	2415919104	5	e0bb44ec0b8c878093bff8307da03316a00c102a16babcbc42ceb8ca6e4cf0fe	ok
1	main-clang-stock	tree	4.290	500.56	2415919104	5	aaacf4808d9da670176f52ce3fa35924ce51d90d4fb24440308902b6302f92d4	ok
1	clang-stock	tree	4.264	503.58	2415919104	5	aaacf4808d9da670176f52ce3fa35924ce51d90d4fb24440308902b6302f92d4	ok
1	clang-tc	tree	4.362	492.29	2415919104	5	aaacf4808d9da670176f52ce3fa35924ce51d90d4fb24440308902b6302f92d4	ok
1	clang-tc-nopre	tree	4.336	495.23	2415919104	5	aaacf4808d9da670176f52ce3fa35924ce51d90d4fb24440308902b6302f92d4	ok
1	clang-tc-nossp	tree	4.357	492.93	2415919104	5	aaacf4808d9da670176f52ce3fa35924ce51d90d4fb24440308902b6302f92d4	ok
1	clang-tc-nossp-nopre	tree	4.252	505.04	2415919104	5	aaacf4808d9da670176f52ce3fa35924ce51d90d4fb24440308902b6302f92d4	ok
1	main-gcc-stock	tree	4.286	501.03	2415919104	5	aaacf4808d9da670176f52ce3fa35924ce51d90d4fb24440308902b6302f92d4	ok
1	gcc-stock	tree	5.568	385.65	2415919104	5	aaacf4808d9da670176f52ce3fa35924ce51d90d4fb24440308902b6302f92d4	ok
1	gcc-tc	tree	4.262	503.86	2415919104	5	aaacf4808d9da670176f52ce3fa35924ce51d90d4fb24440308902b6302f92d4	ok
1	gcc-tc-pinned	tree	4.504	476.83	2415919104	5	aaacf4808d9da670176f52ce3fa35924ce51d90d4fb24440308902b6302f92d4	ok
1	main-clang-stock	malloc	7.140	300.75	2415919104	5	bc106f77f0341f5e4be9c92901b33c15b5007cb13195b0f0c68d678b1ed2a2cf	ok
1	clang-stock	malloc	7.005	306.55	2415919104	5	bc106f77f0341f5e4be9c92901b33c15b5007cb13195b0f0c68d678b1ed2a2cf	ok
1	clang-tc	malloc	7.286	294.76	2415919104	5	bc106f77f0341f5e4be9c92901b33c15b5007cb13195b0f0c68d678b1ed2a2cf	ok
1	clang-tc-nopre	malloc	7.333	292.85	2415919104	5	bc106f77f0341f5e4be9c92901b33c15b5007cb13195b0f0c68d678b1ed2a2cf	ok
1	clang-tc-nossp	malloc	7.223	297.31	2415919104	5	bc106f77f0341f5e4be9c92901b33c15b5007cb13195b0f0c68d678b1ed2a2cf	ok
1	clang-tc-nossp-nopre	malloc	7.304	294.02	2415919104	5	bc106f77f0341f5e4be9c92901b33c15b5007cb13195b0f0c68d678b1ed2a2cf	ok
1	main-gcc-stock	malloc	7.083	303.18	2415919104	5	bc106f77f0341f5e4be9c92901b33c15b5007cb13195b0f0c68d678b1ed2a2cf	ok
1	gcc-stock	malloc	8.326	257.92	2415919104	5	bc106f77f0341f5e4be9c92901b33c15b5007cb13195b0f0c68d678b1ed2a2cf	ok
1	gcc-tc	malloc	7.112	301.96	2415919104	5	bc106f77f0341f5e4be9c92901b33c15b5007cb13195b0f0c68d678b1ed2a2cf	ok
1	gcc-tc-pinned	malloc	7.415	289.60	2415919104	5	bc106f77f0341f5e4be9c92901b33c15b5007cb13195b0f0c68d678b1ed2a2cf	ok
1	main-clang-stock	randlist	4.213	509.77	2415919104	5	ff2547c8dfc9c90e5eb6f65e14b3feda61f3dd85b0d465e351788800a850fd4a	ok
1	clang-stock	randlist	4.273	502.55	2415919104	5	ff2547c8dfc9c90e5eb6f65e14b3feda61f3dd85b0d465e351788800a850fd4a	ok
1	clang-tc	randlist	4.042	531.34	2415919104	5	ff2547c8dfc9c90e5eb6f65e14b3feda61f3dd85b0d465e351788800a850fd4a	ok
1	clang-tc-nopre	randlist	3.823	561.69	2415919104	5	ff2547c8dfc9c90e5eb6f65e14b3feda61f3dd85b0d465e351788800a850fd4a	ok
1	clang-tc-nossp	randlist	3.896	551.16	2415919104	5	ff2547c8dfc9c90e5eb6f65e14b3feda61f3dd85b0d465e351788800a850fd4a	ok
1	clang-tc-nossp-nopre	randlist	3.868	555.19	2415919104	5	ff2547c8dfc9c90e5eb6f65e14b3feda61f3dd85b0d465e351788800a850fd4a	ok
1	main-gcc-stock	randlist	3.733	575.30	2415919104	5	ff2547c8dfc9c90e5eb6f65e14b3feda61f3dd85b0d465e351788800a850fd4a	ok
1	gcc-stock	randlist	6.075	353.50	2415919104	5	ff2547c8dfc9c90e5eb6f65e14b3feda61f3dd85b0d465e351788800a850fd4a	ok
1	gcc-tc	randlist	3.809	563.85	2415919104	5	ff2547c8dfc9c90e5eb6f65e14b3feda61f3dd85b0d465e351788800a850fd4a	ok
1	gcc-tc-pinned	randlist	4.089	525.16	2415919104	5	ff2547c8dfc9c90e5eb6f65e14b3feda61f3dd85b0d465e351788800a850fd4a	ok
2	main-clang-stock	qsort	2.714	791.20	2415919104	5	daad9b63b2013449fba5d90591787dff8817c65d0d9bc57a0d814d2ef4c712ab	ok
2	clang-stock	qsort	2.667	805.29	2415919104	5	daad9b63b2013449fba5d90591787dff8817c65d0d9bc57a0d814d2ef4c712ab	ok
2	clang-tc	qsort	2.729	787.01	2415919104	5	daad9b63b2013449fba5d90591787dff8817c65d0d9bc57a0d814d2ef4c712ab	ok
2	clang-tc-nopre	qsort	2.640	813.51	2415919104	5	daad9b63b2013449fba5d90591787dff8817c65d0d9bc57a0d814d2ef4c712ab	ok
2	clang-tc-nossp	qsort	2.663	806.47	2415919104	5	daad9b63b2013449fba5d90591787dff8817c65d0d9bc57a0d814d2ef4c712ab	ok
2	clang-tc-nossp-nopre	qsort	2.586	830.35	2415919104	5	daad9b63b2013449fba5d90591787dff8817c65d0d9bc57a0d814d2ef4c712ab	ok
2	main-gcc-stock	qsort	2.668	804.91	2415919104	5	daad9b63b2013449fba5d90591787dff8817c65d0d9bc57a0d814d2ef4c712ab	ok
2	gcc-stock	qsort	3.974	540.38	2415919104	5	daad9b63b2013449fba5d90591787dff8817c65d0d9bc57a0d814d2ef4c712ab	ok
2	gcc-tc	qsort	2.639	813.71	2415919104	5	daad9b63b2013449fba5d90591787dff8817c65d0d9bc57a0d814d2ef4c712ab	ok
2	gcc-tc-pinned	qsort	2.898	741.09	2415919104	5	daad9b63b2013449fba5d90591787dff8817c65d0d9bc57a0d814d2ef4c712ab	ok
2	main-clang-stock	zlib	2.786	770.82	2415919104	5	be1e876889828625d023972c3bfc8e07f4fece5144eca0fec4b8468571920b5a	ok
2	clang-stock	zlib	2.702	794.69	2415919104	5	be1e876889828625d023972c3bfc8e07f4fece5144eca0fec4b8468571920b5a	ok
2	clang-tc	zlib	2.846	754.48	2415919104	5	be1e876889828625d023972c3bfc8e07f4fece5144eca0fec4b8468571920b5a	ok
2	clang-tc-nopre	zlib	2.733	785.66	2415919104	5	be1e876889828625d023972c3bfc8e07f4fece5144eca0fec4b8468571920b5a	ok
2	clang-tc-nossp	zlib	2.798	767.55	2415919104	5	be1e876889828625d023972c3bfc8e07f4fece5144eca0fec4b8468571920b5a	ok
2	clang-tc-nossp-nopre	zlib	2.638	814.04	2415919104	5	be1e876889828625d023972c3bfc8e07f4fece5144eca0fec4b8468571920b5a	ok
2	main-gcc-stock	zlib	2.684	799.97	2415919104	5	be1e876889828625d023972c3bfc8e07f4fece5144eca0fec4b8468571920b5a	ok
2	gcc-stock	zlib	3.537	607.20	2415919104	5	be1e876889828625d023972c3bfc8e07f4fece5144eca0fec4b8468571920b5a	ok
2	gcc-tc	zlib	2.611	822.43	2415919104	5	be1e876889828625d023972c3bfc8e07f4fece5144eca0fec4b8468571920b5a	ok
2	gcc-tc-pinned	zlib	2.844	754.97	2415919104	5	be1e876889828625d023972c3bfc8e07f4fece5144eca0fec4b8468571920b5a	ok
2	main-clang-stock	hash	2.675	802.65	2415919104	5	7faadb95a5025daebfcb19715b698c3263c38de7907e186ca1daab75930291a9	ok
2	clang-stock	hash	2.473	868.43	2415919104	5	7faadb95a5025daebfcb19715b698c3263c38de7907e186ca1daab75930291a9	ok
2	clang-tc	hash	2.498	859.71	2415919104	5	7faadb95a5025daebfcb19715b698c3263c38de7907e186ca1daab75930291a9	ok
2	clang-tc-nopre	hash	2.357	911.29	2415919104	5	7faadb95a5025daebfcb19715b698c3263c38de7907e186ca1daab75930291a9	ok
2	clang-tc-nossp	hash	2.442	879.29	2415919104	5	7faadb95a5025daebfcb19715b698c3263c38de7907e186ca1daab75930291a9	ok
2	clang-tc-nossp-nopre	hash	2.343	916.54	2415919104	5	7faadb95a5025daebfcb19715b698c3263c38de7907e186ca1daab75930291a9	ok
2	main-gcc-stock	hash	2.344	916.32	2415919104	5	7faadb95a5025daebfcb19715b698c3263c38de7907e186ca1daab75930291a9	ok
2	gcc-stock	hash	3.366	637.92	2415919104	5	7faadb95a5025daebfcb19715b698c3263c38de7907e186ca1daab75930291a9	ok
2	gcc-tc	hash	2.355	911.82	2415919104	5	7faadb95a5025daebfcb19715b698c3263c38de7907e186ca1daab75930291a9	ok
2	gcc-tc-pinned	hash	2.626	817.66	2415919104	5	7faadb95a5025daebfcb19715b698c3263c38de7907e186ca1daab75930291a9	ok
2	main-clang-stock	syscall	6.058	354.50	2415919104	5	42cec926ae99b5b2c0da4cf14907627c80ca32cc217e17c9c968a87a3f8695f2	ok
2	clang-stock	syscall	5.956	360.56	2415919104	5	42cec926ae99b5b2c0da4cf14907627c80ca32cc217e17c9c968a87a3f8695f2	ok
2	clang-tc	syscall	5.899	364.04	2415919104	5	42cec926ae99b5b2c0da4cf14907627c80ca32cc217e17c9c968a87a3f8695f2	ok
2	clang-tc-nopre	syscall	6.046	355.16	2415919104	5	42cec926ae99b5b2c0da4cf14907627c80ca32cc217e17c9c968a87a3f8695f2	ok
2	clang-tc-nossp	syscall	5.907	363.57	2415919104	5	42cec926ae99b5b2c0da4cf14907627c80ca32cc217e17c9c968a87a3f8695f2	ok
2	clang-tc-nossp-nopre	syscall	6.017	356.91	2415919104	5	42cec926ae99b5b2c0da4cf14907627c80ca32cc217e17c9c968a87a3f8695f2	ok
2	main-gcc-stock	syscall	6.047	355.14	2415919104	5	42cec926ae99b5b2c0da4cf14907627c80ca32cc217e17c9c968a87a3f8695f2	ok
2	gcc-stock	syscall	7.518	285.65	2415919104	5	42cec926ae99b5b2c0da4cf14907627c80ca32cc217e17c9c968a87a3f8695f2	ok
2	gcc-tc	syscall	5.867	366.04	2415919104	5	42cec926ae99b5b2c0da4cf14907627c80ca32cc217e17c9c968a87a3f8695f2	ok
2	gcc-tc-pinned	syscall	6.040	355.53	2415919104	5	42cec926ae99b5b2c0da4cf14907627c80ca32cc217e17c9c968a87a3f8695f2	ok
2	main-clang-stock	fp	2.804	765.89	2415919104	5	906dd97cb18890335374e13f06f11d3462076edd39a916310cd65dd5aafb45b7	ok
2	clang-stock	fp	2.647	811.20	2415919104	5	906dd97cb18890335374e13f06f11d3462076edd39a916310cd65dd5aafb45b7	ok
2	clang-tc	fp	2.597	827.04	2415919104	5	906dd97cb18890335374e13f06f11d3462076edd39a916310cd65dd5aafb45b7	ok
2	clang-tc-nopre	fp	2.421	886.96	2415919104	5	906dd97cb18890335374e13f06f11d3462076edd39a916310cd65dd5aafb45b7	ok
2	clang-tc-nossp	fp	2.560	838.98	2415919104	5	906dd97cb18890335374e13f06f11d3462076edd39a916310cd65dd5aafb45b7	ok
2	clang-tc-nossp-nopre	fp	2.380	902.33	2415919104	5	906dd97cb18890335374e13f06f11d3462076edd39a916310cd65dd5aafb45b7	ok
2	main-gcc-stock	fp	2.428	884.32	2415919104	5	906dd97cb18890335374e13f06f11d3462076edd39a916310cd65dd5aafb45b7	ok
2	gcc-stock	fp	3.584	599.12	2415919104	5	906dd97cb18890335374e13f06f11d3462076edd39a916310cd65dd5aafb45b7	ok
2	gcc-tc	fp	2.438	880.88	2415919104	5	906dd97cb18890335374e13f06f11d3462076edd39a916310cd65dd5aafb45b7	ok
2	gcc-tc-pinned	fp	2.621	819.45	2415919104	5	906dd97cb18890335374e13f06f11d3462076edd39a916310cd65dd5aafb45b7	ok
2	main-clang-stock	nop	1.322	1624.78	2415919104	5	da57556b7bc3bfb3034f0e46a44731597514065f16bb82552863d1f9e3d8922b	ok
2	clang-stock	nop	1.327	1617.86	2415919104	5	da57556b7bc3bfb3034f0e46a44731597514065f16bb82552863d1f9e3d8922b	ok
2	clang-tc	nop	1.218	1762.83	2415919104	5	da57556b7bc3bfb3034f0e46a44731597514065f16bb82552863d1f9e3d8922b	ok
2	clang-tc-nopre	nop	1.211	1773.01	2415919104	5	da57556b7bc3bfb3034f0e46a44731597514065f16bb82552863d1f9e3d8922b	ok
2	clang-tc-nossp	nop	1.064	2018.51	2415919104	5	da57556b7bc3bfb3034f0e46a44731597514065f16bb82552863d1f9e3d8922b	ok
2	clang-tc-nossp-nopre	nop	1.057	2031.62	2415919104	5	da57556b7bc3bfb3034f0e46a44731597514065f16bb82552863d1f9e3d8922b	ok
2	main-gcc-stock	nop	1.278	1680.26	2415919104	5	da57556b7bc3bfb3034f0e46a44731597514065f16bb82552863d1f9e3d8922b	ok
2	gcc-stock	nop	1.644	1306.16	2415919104	5	da57556b7bc3bfb3034f0e46a44731597514065f16bb82552863d1f9e3d8922b	ok
2	gcc-tc	nop	1.303	1648.19	2415919104	5	da57556b7bc3bfb3034f0e46a44731597514065f16bb82552863d1f9e3d8922b	ok
2	gcc-tc-pinned	nop	1.273	1687.18	2415919104	5	da57556b7bc3bfb3034f0e46a44731597514065f16bb82552863d1f9e3d8922b	ok
2	main-clang-stock	regs	1.822	1178.71	2415919104	5	8046902ef45b574fa0d049b88f703123dc1dc6906940453019f5439d19dea791	ok
2	clang-stock	regs	1.727	1243.62	2415919104	5	8046902ef45b574fa0d049b88f703123dc1dc6906940453019f5439d19dea791	ok
2	clang-tc	regs	1.595	1346.14	2415919104	5	8046902ef45b574fa0d049b88f703123dc1dc6906940453019f5439d19dea791	ok
2	clang-tc-nopre	regs	1.567	1370.09	2415919104	5	8046902ef45b574fa0d049b88f703123dc1dc6906940453019f5439d19dea791	ok
2	clang-tc-nossp	regs	1.555	1381.07	2415919104	5	8046902ef45b574fa0d049b88f703123dc1dc6906940453019f5439d19dea791	ok
2	clang-tc-nossp-nopre	regs	1.543	1391.87	2415919104	5	8046902ef45b574fa0d049b88f703123dc1dc6906940453019f5439d19dea791	ok
2	main-gcc-stock	regs	1.758	1221.30	2415919104	5	8046902ef45b574fa0d049b88f703123dc1dc6906940453019f5439d19dea791	ok
2	gcc-stock	regs	2.959	725.72	2415919104	5	8046902ef45b574fa0d049b88f703123dc1dc6906940453019f5439d19dea791	ok
2	gcc-tc	regs	1.783	1204.14	2415919104	5	8046902ef45b574fa0d049b88f703123dc1dc6906940453019f5439d19dea791	ok
2	gcc-tc-pinned	regs	1.830	1173.32	2415919104	5	8046902ef45b574fa0d049b88f703123dc1dc6906940453019f5439d19dea791	ok
2	main-clang-stock	cpu	3.750	572.62	2415919104	5	eb324f1c6c0ea8e673c7ec829a4f55d0c80fd4c2ac098b6823a35cde5682c4a5	ok
2	clang-stock	cpu	3.576	600.55	2415919104	5	eb324f1c6c0ea8e673c7ec829a4f55d0c80fd4c2ac098b6823a35cde5682c4a5	ok
2	clang-tc	cpu	3.524	609.35	2415919104	5	eb324f1c6c0ea8e673c7ec829a4f55d0c80fd4c2ac098b6823a35cde5682c4a5	ok
2	clang-tc-nopre	cpu	3.455	621.50	2415919104	5	eb324f1c6c0ea8e673c7ec829a4f55d0c80fd4c2ac098b6823a35cde5682c4a5	ok
2	clang-tc-nossp	cpu	3.543	606.13	2415919104	5	eb324f1c6c0ea8e673c7ec829a4f55d0c80fd4c2ac098b6823a35cde5682c4a5	ok
2	clang-tc-nossp-nopre	cpu	3.458	620.93	2415919104	5	eb324f1c6c0ea8e673c7ec829a4f55d0c80fd4c2ac098b6823a35cde5682c4a5	ok
2	main-gcc-stock	cpu	3.526	608.98	2415919104	5	eb324f1c6c0ea8e673c7ec829a4f55d0c80fd4c2ac098b6823a35cde5682c4a5	ok
2	gcc-stock	cpu	4.587	468.22	2415919104	5	eb324f1c6c0ea8e673c7ec829a4f55d0c80fd4c2ac098b6823a35cde5682c4a5	ok
2	gcc-tc	cpu	3.537	607.07	2415919104	5	eb324f1c6c0ea8e673c7ec829a4f55d0c80fd4c2ac098b6823a35cde5682c4a5	ok
2	gcc-tc-pinned	cpu	3.645	589.09	2415919104	5	eb324f1c6c0ea8e673c7ec829a4f55d0c80fd4c2ac098b6823a35cde5682c4a5	ok
2	main-clang-stock	crypt	3.138	684.30	2415919104	5	075ad5f3bef8aaa9bd8daae921884aff4a4c30187ed0bdb9fd30959f75e2709b	ok
2	clang-stock	crypt	2.853	752.65	2415919104	5	075ad5f3bef8aaa9bd8daae921884aff4a4c30187ed0bdb9fd30959f75e2709b	ok
2	clang-tc	crypt	2.915	736.58	2415919104	5	075ad5f3bef8aaa9bd8daae921884aff4a4c30187ed0bdb9fd30959f75e2709b	ok
2	clang-tc-nopre	crypt	2.830	758.87	2415919104	5	075ad5f3bef8aaa9bd8daae921884aff4a4c30187ed0bdb9fd30959f75e2709b	ok
2	clang-tc-nossp	crypt	2.953	727.26	2415919104	5	075ad5f3bef8aaa9bd8daae921884aff4a4c30187ed0bdb9fd30959f75e2709b	ok
2	clang-tc-nossp-nopre	crypt	2.850	753.42	2415919104	5	075ad5f3bef8aaa9bd8daae921884aff4a4c30187ed0bdb9fd30959f75e2709b	ok
2	main-gcc-stock	crypt	2.967	723.67	2415919104	5	075ad5f3bef8aaa9bd8daae921884aff4a4c30187ed0bdb9fd30959f75e2709b	ok
2	gcc-stock	crypt	3.818	562.45	2415919104	5	075ad5f3bef8aaa9bd8daae921884aff4a4c30187ed0bdb9fd30959f75e2709b	ok
2	gcc-tc	crypt	3.212	668.59	2415919104	5	075ad5f3bef8aaa9bd8daae921884aff4a4c30187ed0bdb9fd30959f75e2709b	ok
2	gcc-tc-pinned	crypt	3.263	658.12	2415919104	5	075ad5f3bef8aaa9bd8daae921884aff4a4c30187ed0bdb9fd30959f75e2709b	ok
2	main-clang-stock	memcpy	2.236	960.36	2415919104	5	958a3598adc13ecab81628febb41a80775a56c2227b74cbf0a455c0d064f6dd2	ok
2	clang-stock	memcpy	2.193	979.20	2415919104	5	958a3598adc13ecab81628febb41a80775a56c2227b74cbf0a455c0d064f6dd2	ok
2	clang-tc	memcpy	2.401	894.39	2415919104	5	958a3598adc13ecab81628febb41a80775a56c2227b74cbf0a455c0d064f6dd2	ok
2	clang-tc-nopre	memcpy	2.175	987.39	2415919104	5	958a3598adc13ecab81628febb41a80775a56c2227b74cbf0a455c0d064f6dd2	ok
2	clang-tc-nossp	memcpy	2.303	932.37	2415919104	5	958a3598adc13ecab81628febb41a80775a56c2227b74cbf0a455c0d064f6dd2	ok
2	clang-tc-nossp-nopre	memcpy	2.142	1002.57	2415919104	5	958a3598adc13ecab81628febb41a80775a56c2227b74cbf0a455c0d064f6dd2	ok
2	main-gcc-stock	memcpy	2.226	964.67	2415919104	5	958a3598adc13ecab81628febb41a80775a56c2227b74cbf0a455c0d064f6dd2	ok
2	gcc-stock	memcpy	3.047	704.77	2415919104	5	958a3598adc13ecab81628febb41a80775a56c2227b74cbf0a455c0d064f6dd2	ok
2	gcc-tc	memcpy	2.225	965.25	2415919104	5	958a3598adc13ecab81628febb41a80775a56c2227b74cbf0a455c0d064f6dd2	ok
2	gcc-tc-pinned	memcpy	2.581	831.89	2415919104	5	958a3598adc13ecab81628febb41a80775a56c2227b74cbf0a455c0d064f6dd2	ok
2	main-clang-stock	branch	2.582	831.84	2415919104	5	3bb926ddc35a9ca8bdc7f6dfe2c84757cc27a07ceb7ed7637ddd3e5969b40e8c	ok
2	clang-stock	branch	2.223	966.04	2415919104	5	3bb926ddc35a9ca8bdc7f6dfe2c84757cc27a07ceb7ed7637ddd3e5969b40e8c	ok
2	clang-tc	branch	2.216	969.13	2415919104	5	3bb926ddc35a9ca8bdc7f6dfe2c84757cc27a07ceb7ed7637ddd3e5969b40e8c	ok
2	clang-tc-nopre	branch	2.131	1007.71	2415919104	5	3bb926ddc35a9ca8bdc7f6dfe2c84757cc27a07ceb7ed7637ddd3e5969b40e8c	ok
2	clang-tc-nossp	branch	2.220	967.17	2415919104	5	3bb926ddc35a9ca8bdc7f6dfe2c84757cc27a07ceb7ed7637ddd3e5969b40e8c	ok
2	clang-tc-nossp-nopre	branch	2.227	964.09	2415919104	5	3bb926ddc35a9ca8bdc7f6dfe2c84757cc27a07ceb7ed7637ddd3e5969b40e8c	ok
2	main-gcc-stock	branch	2.297	935.09	2415919104	5	3bb926ddc35a9ca8bdc7f6dfe2c84757cc27a07ceb7ed7637ddd3e5969b40e8c	ok
2	gcc-stock	branch	3.152	681.32	2415919104	5	3bb926ddc35a9ca8bdc7f6dfe2c84757cc27a07ceb7ed7637ddd3e5969b40e8c	ok
2	gcc-tc	branch	2.229	963.33	2415919104	5	3bb926ddc35a9ca8bdc7f6dfe2c84757cc27a07ceb7ed7637ddd3e5969b40e8c	ok
2	gcc-tc-pinned	branch	2.317	926.96	2415919104	5	3bb926ddc35a9ca8bdc7f6dfe2c84757cc27a07ceb7ed7637ddd3e5969b40e8c	ok
2	main-clang-stock	heapsort	2.561	838.60	2415919104	5	a01ab4e7ef8c8decb06055977002f5b5da8aeb3fa95049718b71a92d1d517adf	ok
2	clang-stock	heapsort	2.441	879.81	2415919104	5	a01ab4e7ef8c8decb06055977002f5b5da8aeb3fa95049718b71a92d1d517adf	ok
2	clang-tc	heapsort	2.576	833.55	2415919104	5	a01ab4e7ef8c8decb06055977002f5b5da8aeb3fa95049718b71a92d1d517adf	ok
2	clang-tc-nopre	heapsort	2.472	868.65	2415919104	5	a01ab4e7ef8c8decb06055977002f5b5da8aeb3fa95049718b71a92d1d517adf	ok
2	clang-tc-nossp	heapsort	2.536	846.85	2415919104	5	a01ab4e7ef8c8decb06055977002f5b5da8aeb3fa95049718b71a92d1d517adf	ok
2	clang-tc-nossp-nopre	heapsort	2.460	872.81	2415919104	5	a01ab4e7ef8c8decb06055977002f5b5da8aeb3fa95049718b71a92d1d517adf	ok
2	main-gcc-stock	heapsort	2.473	868.22	2415919104	5	a01ab4e7ef8c8decb06055977002f5b5da8aeb3fa95049718b71a92d1d517adf	ok
2	gcc-stock	heapsort	4.637	463.09	2415919104	5	a01ab4e7ef8c8decb06055977002f5b5da8aeb3fa95049718b71a92d1d517adf	ok
2	gcc-tc	heapsort	2.463	871.90	2415919104	5	a01ab4e7ef8c8decb06055977002f5b5da8aeb3fa95049718b71a92d1d517adf	ok
2	gcc-tc-pinned	heapsort	2.775	773.91	2415919104	5	a01ab4e7ef8c8decb06055977002f5b5da8aeb3fa95049718b71a92d1d517adf	ok
2	main-clang-stock	tsearch	4.003	536.51	2415919104	5	35451ee71307997f2b1b494651a5fbd4257517350c84a0a993817a6e38fc713b	ok
2	clang-stock	tsearch	3.915	548.60	2415919104	5	35451ee71307997f2b1b494651a5fbd4257517350c84a0a993817a6e38fc713b	ok
2	clang-tc	tsearch	4.012	535.30	2415919104	5	35451ee71307997f2b1b494651a5fbd4257517350c84a0a993817a6e38fc713b	ok
2	clang-tc-nopre	tsearch	3.996	537.45	2415919104	5	35451ee71307997f2b1b494651a5fbd4257517350c84a0a993817a6e38fc713b	ok
2	clang-tc-nossp	tsearch	3.957	542.74	2415919104	5	35451ee71307997f2b1b494651a5fbd4257517350c84a0a993817a6e38fc713b	ok
2	clang-tc-nossp-nopre	tsearch	3.884	552.91	2415919104	5	35451ee71307997f2b1b494651a5fbd4257517350c84a0a993817a6e38fc713b	ok
2	main-gcc-stock	tsearch	3.932	546.20	2415919104	5	35451ee71307997f2b1b494651a5fbd4257517350c84a0a993817a6e38fc713b	ok
2	gcc-stock	tsearch	5.125	418.99	2415919104	5	35451ee71307997f2b1b494651a5fbd4257517350c84a0a993817a6e38fc713b	ok
2	gcc-tc	tsearch	4.024	533.63	2415919104	5	35451ee71307997f2b1b494651a5fbd4257517350c84a0a993817a6e38fc713b	ok
2	gcc-tc-pinned	tsearch	4.215	509.46	2415919104	5	35451ee71307997f2b1b494651a5fbd4257517350c84a0a993817a6e38fc713b	ok
2	main-clang-stock	matrix-3d	9.714	221.06	2415919104	5	e0bb44ec0b8c878093bff8307da03316a00c102a16babcbc42ceb8ca6e4cf0fe	ok
2	clang-stock	matrix-3d	9.782	219.53	2415919104	5	e0bb44ec0b8c878093bff8307da03316a00c102a16babcbc42ceb8ca6e4cf0fe	ok
2	clang-tc	matrix-3d	10.006	214.62	2415919104	5	e0bb44ec0b8c878093bff8307da03316a00c102a16babcbc42ceb8ca6e4cf0fe	ok
2	clang-tc-nopre	matrix-3d	9.815	218.80	2415919104	5	e0bb44ec0b8c878093bff8307da03316a00c102a16babcbc42ceb8ca6e4cf0fe	ok
2	clang-tc-nossp	matrix-3d	9.915	216.59	2415919104	5	e0bb44ec0b8c878093bff8307da03316a00c102a16babcbc42ceb8ca6e4cf0fe	ok
2	clang-tc-nossp-nopre	matrix-3d	9.665	222.18	2415919104	5	e0bb44ec0b8c878093bff8307da03316a00c102a16babcbc42ceb8ca6e4cf0fe	ok
2	main-gcc-stock	matrix-3d	9.254	232.06	2415919104	5	e0bb44ec0b8c878093bff8307da03316a00c102a16babcbc42ceb8ca6e4cf0fe	ok
2	gcc-stock	matrix-3d	10.015	214.43	2415919104	5	e0bb44ec0b8c878093bff8307da03316a00c102a16babcbc42ceb8ca6e4cf0fe	ok
2	gcc-tc	matrix-3d	9.524	225.48	2415919104	5	e0bb44ec0b8c878093bff8307da03316a00c102a16babcbc42ceb8ca6e4cf0fe	ok
2	gcc-tc-pinned	matrix-3d	10.081	213.02	2415919104	5	e0bb44ec0b8c878093bff8307da03316a00c102a16babcbc42ceb8ca6e4cf0fe	ok
2	main-clang-stock	tree	4.295	499.96	2415919104	5	aaacf4808d9da670176f52ce3fa35924ce51d90d4fb24440308902b6302f92d4	ok
2	clang-stock	tree	4.255	504.68	2415919104	5	aaacf4808d9da670176f52ce3fa35924ce51d90d4fb24440308902b6302f92d4	ok
2	clang-tc	tree	4.355	493.06	2415919104	5	aaacf4808d9da670176f52ce3fa35924ce51d90d4fb24440308902b6302f92d4	ok
2	clang-tc-nopre	tree	4.281	501.68	2415919104	5	aaacf4808d9da670176f52ce3fa35924ce51d90d4fb24440308902b6302f92d4	ok
2	clang-tc-nossp	tree	4.343	494.48	2415919104	5	aaacf4808d9da670176f52ce3fa35924ce51d90d4fb24440308902b6302f92d4	ok
2	clang-tc-nossp-nopre	tree	4.221	508.73	2415919104	5	aaacf4808d9da670176f52ce3fa35924ce51d90d4fb24440308902b6302f92d4	ok
2	main-gcc-stock	tree	4.264	503.58	2415919104	5	aaacf4808d9da670176f52ce3fa35924ce51d90d4fb24440308902b6302f92d4	ok
2	gcc-stock	tree	5.581	384.76	2415919104	5	aaacf4808d9da670176f52ce3fa35924ce51d90d4fb24440308902b6302f92d4	ok
2	gcc-tc	tree	4.351	493.59	2415919104	5	aaacf4808d9da670176f52ce3fa35924ce51d90d4fb24440308902b6302f92d4	ok
2	gcc-tc-pinned	tree	4.548	472.14	2415919104	5	aaacf4808d9da670176f52ce3fa35924ce51d90d4fb24440308902b6302f92d4	ok
2	main-clang-stock	malloc	7.057	304.31	2415919104	5	bc106f77f0341f5e4be9c92901b33c15b5007cb13195b0f0c68d678b1ed2a2cf	ok
2	clang-stock	malloc	7.083	303.21	2415919104	5	bc106f77f0341f5e4be9c92901b33c15b5007cb13195b0f0c68d678b1ed2a2cf	ok
2	clang-tc	malloc	7.449	288.28	2415919104	5	bc106f77f0341f5e4be9c92901b33c15b5007cb13195b0f0c68d678b1ed2a2cf	ok
2	clang-tc-nopre	malloc	7.499	286.37	2415919104	5	bc106f77f0341f5e4be9c92901b33c15b5007cb13195b0f0c68d678b1ed2a2cf	ok
2	clang-tc-nossp	malloc	7.298	294.24	2415919104	5	bc106f77f0341f5e4be9c92901b33c15b5007cb13195b0f0c68d678b1ed2a2cf	ok
2	clang-tc-nossp-nopre	malloc	7.437	288.75	2415919104	5	bc106f77f0341f5e4be9c92901b33c15b5007cb13195b0f0c68d678b1ed2a2cf	ok
2	main-gcc-stock	malloc	7.208	297.93	2415919104	5	bc106f77f0341f5e4be9c92901b33c15b5007cb13195b0f0c68d678b1ed2a2cf	ok
2	gcc-stock	malloc	8.365	256.73	2415919104	5	bc106f77f0341f5e4be9c92901b33c15b5007cb13195b0f0c68d678b1ed2a2cf	ok
2	gcc-tc	malloc	7.212	297.79	2415919104	5	bc106f77f0341f5e4be9c92901b33c15b5007cb13195b0f0c68d678b1ed2a2cf	ok
2	gcc-tc-pinned	malloc	7.548	284.50	2415919104	5	bc106f77f0341f5e4be9c92901b33c15b5007cb13195b0f0c68d678b1ed2a2cf	ok
2	main-clang-stock	randlist	4.190	512.53	2415919104	5	ff2547c8dfc9c90e5eb6f65e14b3feda61f3dd85b0d465e351788800a850fd4a	ok
2	clang-stock	randlist	4.190	512.51	2415919104	5	ff2547c8dfc9c90e5eb6f65e14b3feda61f3dd85b0d465e351788800a850fd4a	ok
2	clang-tc	randlist	3.941	544.96	2415919104	5	ff2547c8dfc9c90e5eb6f65e14b3feda61f3dd85b0d465e351788800a850fd4a	ok
2	clang-tc-nopre	randlist	3.836	559.85	2415919104	5	ff2547c8dfc9c90e5eb6f65e14b3feda61f3dd85b0d465e351788800a850fd4a	ok
2	clang-tc-nossp	randlist	3.907	549.60	2415919104	5	ff2547c8dfc9c90e5eb6f65e14b3feda61f3dd85b0d465e351788800a850fd4a	ok
2	clang-tc-nossp-nopre	randlist	3.811	563.53	2415919104	5	ff2547c8dfc9c90e5eb6f65e14b3feda61f3dd85b0d465e351788800a850fd4a	ok
2	main-gcc-stock	randlist	3.731	575.63	2415919104	5	ff2547c8dfc9c90e5eb6f65e14b3feda61f3dd85b0d465e351788800a850fd4a	ok
2	gcc-stock	randlist	6.081	353.17	2415919104	5	ff2547c8dfc9c90e5eb6f65e14b3feda61f3dd85b0d465e351788800a850fd4a	ok
2	gcc-tc	randlist	3.794	566.01	2415919104	5	ff2547c8dfc9c90e5eb6f65e14b3feda61f3dd85b0d465e351788800a850fd4a	ok
2	gcc-tc-pinned	randlist	4.083	525.95	2415919104	5	ff2547c8dfc9c90e5eb6f65e14b3feda61f3dd85b0d465e351788800a850fd4a	ok
3	main-clang-stock	qsort	2.713	791.69	2415919104	5	daad9b63b2013449fba5d90591787dff8817c65d0d9bc57a0d814d2ef4c712ab	ok
3	clang-stock	qsort	2.661	806.98	2415919104	5	daad9b63b2013449fba5d90591787dff8817c65d0d9bc57a0d814d2ef4c712ab	ok
3	clang-tc	qsort	2.731	786.22	2415919104	5	daad9b63b2013449fba5d90591787dff8817c65d0d9bc57a0d814d2ef4c712ab	ok
3	clang-tc-nopre	qsort	2.687	799.17	2415919104	5	daad9b63b2013449fba5d90591787dff8817c65d0d9bc57a0d814d2ef4c712ab	ok
3	clang-tc-nossp	qsort	2.653	809.36	2415919104	5	daad9b63b2013449fba5d90591787dff8817c65d0d9bc57a0d814d2ef4c712ab	ok
3	clang-tc-nossp-nopre	qsort	2.582	831.79	2415919104	5	daad9b63b2013449fba5d90591787dff8817c65d0d9bc57a0d814d2ef4c712ab	ok
3	main-gcc-stock	qsort	2.662	806.60	2415919104	5	daad9b63b2013449fba5d90591787dff8817c65d0d9bc57a0d814d2ef4c712ab	ok
3	gcc-stock	qsort	3.990	538.28	2415919104	5	daad9b63b2013449fba5d90591787dff8817c65d0d9bc57a0d814d2ef4c712ab	ok
3	gcc-tc	qsort	2.636	814.58	2415919104	5	daad9b63b2013449fba5d90591787dff8817c65d0d9bc57a0d814d2ef4c712ab	ok
3	gcc-tc-pinned	qsort	2.898	741.14	2415919104	5	daad9b63b2013449fba5d90591787dff8817c65d0d9bc57a0d814d2ef4c712ab	ok
3	main-clang-stock	zlib	2.787	770.54	2415919104	5	be1e876889828625d023972c3bfc8e07f4fece5144eca0fec4b8468571920b5a	ok
3	clang-stock	zlib	2.702	794.85	2415919104	5	be1e876889828625d023972c3bfc8e07f4fece5144eca0fec4b8468571920b5a	ok
3	clang-tc	zlib	2.848	753.94	2415919104	5	be1e876889828625d023972c3bfc8e07f4fece5144eca0fec4b8468571920b5a	ok
3	clang-tc-nopre	zlib	2.715	791.07	2415919104	5	be1e876889828625d023972c3bfc8e07f4fece5144eca0fec4b8468571920b5a	ok
3	clang-tc-nossp	zlib	2.784	771.26	2415919104	5	be1e876889828625d023972c3bfc8e07f4fece5144eca0fec4b8468571920b5a	ok
3	clang-tc-nossp-nopre	zlib	2.620	819.80	2415919104	5	be1e876889828625d023972c3bfc8e07f4fece5144eca0fec4b8468571920b5a	ok
3	main-gcc-stock	zlib	2.676	802.39	2415919104	5	be1e876889828625d023972c3bfc8e07f4fece5144eca0fec4b8468571920b5a	ok
3	gcc-stock	zlib	3.541	606.43	2415919104	5	be1e876889828625d023972c3bfc8e07f4fece5144eca0fec4b8468571920b5a	ok
3	gcc-tc	zlib	2.614	821.38	2415919104	5	be1e876889828625d023972c3bfc8e07f4fece5144eca0fec4b8468571920b5a	ok
3	gcc-tc-pinned	zlib	2.845	754.80	2415919104	5	be1e876889828625d023972c3bfc8e07f4fece5144eca0fec4b8468571920b5a	ok
3	main-clang-stock	hash	2.675	802.74	2415919104	5	7faadb95a5025daebfcb19715b698c3263c38de7907e186ca1daab75930291a9	ok
3	clang-stock	hash	2.474	868.01	2415919104	5	7faadb95a5025daebfcb19715b698c3263c38de7907e186ca1daab75930291a9	ok
3	clang-tc	hash	2.496	860.35	2415919104	5	7faadb95a5025daebfcb19715b698c3263c38de7907e186ca1daab75930291a9	ok
3	clang-tc-nopre	hash	2.363	908.76	2415919104	5	7faadb95a5025daebfcb19715b698c3263c38de7907e186ca1daab75930291a9	ok
3	clang-tc-nossp	hash	2.440	880.18	2415919104	5	7faadb95a5025daebfcb19715b698c3263c38de7907e186ca1daab75930291a9	ok
3	clang-tc-nossp-nopre	hash	2.340	917.56	2415919104	5	7faadb95a5025daebfcb19715b698c3263c38de7907e186ca1daab75930291a9	ok
3	main-gcc-stock	hash	2.350	913.82	2415919104	5	7faadb95a5025daebfcb19715b698c3263c38de7907e186ca1daab75930291a9	ok
3	gcc-stock	hash	3.369	637.35	2415919104	5	7faadb95a5025daebfcb19715b698c3263c38de7907e186ca1daab75930291a9	ok
3	gcc-tc	hash	2.348	914.59	2415919104	5	7faadb95a5025daebfcb19715b698c3263c38de7907e186ca1daab75930291a9	ok
3	gcc-tc-pinned	hash	2.624	818.38	2415919104	5	7faadb95a5025daebfcb19715b698c3263c38de7907e186ca1daab75930291a9	ok
3	main-clang-stock	syscall	6.052	354.81	2415919104	5	42cec926ae99b5b2c0da4cf14907627c80ca32cc217e17c9c968a87a3f8695f2	ok
3	clang-stock	syscall	6.008	357.42	2415919104	5	42cec926ae99b5b2c0da4cf14907627c80ca32cc217e17c9c968a87a3f8695f2	ok
3	clang-tc	syscall	5.948	361.02	2415919104	5	42cec926ae99b5b2c0da4cf14907627c80ca32cc217e17c9c968a87a3f8695f2	ok
3	clang-tc-nopre	syscall	6.114	351.26	2415919104	5	42cec926ae99b5b2c0da4cf14907627c80ca32cc217e17c9c968a87a3f8695f2	ok
3	clang-tc-nossp	syscall	5.876	365.45	2415919104	5	42cec926ae99b5b2c0da4cf14907627c80ca32cc217e17c9c968a87a3f8695f2	ok
3	clang-tc-nossp-nopre	syscall	6.036	355.77	2415919104	5	42cec926ae99b5b2c0da4cf14907627c80ca32cc217e17c9c968a87a3f8695f2	ok
3	main-gcc-stock	syscall	6.005	357.61	2415919104	5	42cec926ae99b5b2c0da4cf14907627c80ca32cc217e17c9c968a87a3f8695f2	ok
3	gcc-stock	syscall	7.436	288.81	2415919104	5	42cec926ae99b5b2c0da4cf14907627c80ca32cc217e17c9c968a87a3f8695f2	ok
3	gcc-tc	syscall	5.915	363.07	2415919104	5	42cec926ae99b5b2c0da4cf14907627c80ca32cc217e17c9c968a87a3f8695f2	ok
3	gcc-tc-pinned	syscall	5.984	358.87	2415919104	5	42cec926ae99b5b2c0da4cf14907627c80ca32cc217e17c9c968a87a3f8695f2	ok
3	main-clang-stock	fp	2.798	767.56	2415919104	5	906dd97cb18890335374e13f06f11d3462076edd39a916310cd65dd5aafb45b7	ok
3	clang-stock	fp	2.630	816.39	2415919104	5	906dd97cb18890335374e13f06f11d3462076edd39a916310cd65dd5aafb45b7	ok
3	clang-tc	fp	2.570	835.72	2415919104	5	906dd97cb18890335374e13f06f11d3462076edd39a916310cd65dd5aafb45b7	ok
3	clang-tc-nopre	fp	2.431	883.29	2415919104	5	906dd97cb18890335374e13f06f11d3462076edd39a916310cd65dd5aafb45b7	ok
3	clang-tc-nossp	fp	2.560	838.73	2415919104	5	906dd97cb18890335374e13f06f11d3462076edd39a916310cd65dd5aafb45b7	ok
3	clang-tc-nossp-nopre	fp	2.377	903.37	2415919104	5	906dd97cb18890335374e13f06f11d3462076edd39a916310cd65dd5aafb45b7	ok
3	main-gcc-stock	fp	2.459	873.49	2415919104	5	906dd97cb18890335374e13f06f11d3462076edd39a916310cd65dd5aafb45b7	ok
3	gcc-stock	fp	3.508	612.22	2415919104	5	906dd97cb18890335374e13f06f11d3462076edd39a916310cd65dd5aafb45b7	ok
3	gcc-tc	fp	2.449	876.89	2415919104	5	906dd97cb18890335374e13f06f11d3462076edd39a916310cd65dd5aafb45b7	ok
3	gcc-tc-pinned	fp	2.630	816.66	2415919104	5	906dd97cb18890335374e13f06f11d3462076edd39a916310cd65dd5aafb45b7	ok
3	main-clang-stock	nop	1.324	1622.37	2415919104	5	da57556b7bc3bfb3034f0e46a44731597514065f16bb82552863d1f9e3d8922b	ok
3	clang-stock	nop	1.330	1615.15	2415919104	5	da57556b7bc3bfb3034f0e46a44731597514065f16bb82552863d1f9e3d8922b	ok
3	clang-tc	nop	1.218	1762.92	2415919104	5	da57556b7bc3bfb3034f0e46a44731597514065f16bb82552863d1f9e3d8922b	ok
3	clang-tc-nopre	nop	1.214	1769.20	2415919104	5	da57556b7bc3bfb3034f0e46a44731597514065f16bb82552863d1f9e3d8922b	ok
3	clang-tc-nossp	nop	1.068	2011.64	2415919104	5	da57556b7bc3bfb3034f0e46a44731597514065f16bb82552863d1f9e3d8922b	ok
3	clang-tc-nossp-nopre	nop	1.057	2032.22	2415919104	5	da57556b7bc3bfb3034f0e46a44731597514065f16bb82552863d1f9e3d8922b	ok
3	main-gcc-stock	nop	1.279	1679.69	2415919104	5	da57556b7bc3bfb3034f0e46a44731597514065f16bb82552863d1f9e3d8922b	ok
3	gcc-stock	nop	1.656	1296.59	2415919104	5	da57556b7bc3bfb3034f0e46a44731597514065f16bb82552863d1f9e3d8922b	ok
3	gcc-tc	nop	1.303	1648.37	2415919104	5	da57556b7bc3bfb3034f0e46a44731597514065f16bb82552863d1f9e3d8922b	ok
3	gcc-tc-pinned	nop	1.270	1690.75	2415919104	5	da57556b7bc3bfb3034f0e46a44731597514065f16bb82552863d1f9e3d8922b	ok
3	main-clang-stock	regs	1.821	1179.51	2415919104	5	8046902ef45b574fa0d049b88f703123dc1dc6906940453019f5439d19dea791	ok
3	clang-stock	regs	1.725	1244.90	2415919104	5	8046902ef45b574fa0d049b88f703123dc1dc6906940453019f5439d19dea791	ok
3	clang-tc	regs	1.590	1350.73	2415919104	5	8046902ef45b574fa0d049b88f703123dc1dc6906940453019f5439d19dea791	ok
3	clang-tc-nopre	regs	1.566	1370.88	2415919104	5	8046902ef45b574fa0d049b88f703123dc1dc6906940453019f5439d19dea791	ok
3	clang-tc-nossp	regs	1.552	1383.32	2415919104	5	8046902ef45b574fa0d049b88f703123dc1dc6906940453019f5439d19dea791	ok
3	clang-tc-nossp-nopre	regs	1.545	1389.76	2415919104	5	8046902ef45b574fa0d049b88f703123dc1dc6906940453019f5439d19dea791	ok
3	main-gcc-stock	regs	1.759	1220.80	2415919104	5	8046902ef45b574fa0d049b88f703123dc1dc6906940453019f5439d19dea791	ok
3	gcc-stock	regs	2.958	726.05	2415919104	5	8046902ef45b574fa0d049b88f703123dc1dc6906940453019f5439d19dea791	ok
3	gcc-tc	regs	1.784	1203.88	2415919104	5	8046902ef45b574fa0d049b88f703123dc1dc6906940453019f5439d19dea791	ok
3	gcc-tc-pinned	regs	1.829	1174.30	2415919104	5	8046902ef45b574fa0d049b88f703123dc1dc6906940453019f5439d19dea791	ok
3	main-clang-stock	cpu	3.740	574.24	2415919104	5	eb324f1c6c0ea8e673c7ec829a4f55d0c80fd4c2ac098b6823a35cde5682c4a5	ok
3	clang-stock	cpu	3.591	597.97	2415919104	5	eb324f1c6c0ea8e673c7ec829a4f55d0c80fd4c2ac098b6823a35cde5682c4a5	ok
3	clang-tc	cpu	3.517	610.63	2415919104	5	eb324f1c6c0ea8e673c7ec829a4f55d0c80fd4c2ac098b6823a35cde5682c4a5	ok
3	clang-tc-nopre	cpu	3.457	621.16	2415919104	5	eb324f1c6c0ea8e673c7ec829a4f55d0c80fd4c2ac098b6823a35cde5682c4a5	ok
3	clang-tc-nossp	cpu	3.531	608.15	2415919104	5	eb324f1c6c0ea8e673c7ec829a4f55d0c80fd4c2ac098b6823a35cde5682c4a5	ok
3	clang-tc-nossp-nopre	cpu	3.452	622.02	2415919104	5	eb324f1c6c0ea8e673c7ec829a4f55d0c80fd4c2ac098b6823a35cde5682c4a5	ok
3	main-gcc-stock	cpu	3.525	609.15	2415919104	5	eb324f1c6c0ea8e673c7ec829a4f55d0c80fd4c2ac098b6823a35cde5682c4a5	ok
3	gcc-stock	cpu	4.576	469.32	2415919104	5	eb324f1c6c0ea8e673c7ec829a4f55d0c80fd4c2ac098b6823a35cde5682c4a5	ok
3	gcc-tc	cpu	3.508	612.15	2415919104	5	eb324f1c6c0ea8e673c7ec829a4f55d0c80fd4c2ac098b6823a35cde5682c4a5	ok
3	gcc-tc-pinned	cpu	3.640	590.00	2415919104	5	eb324f1c6c0ea8e673c7ec829a4f55d0c80fd4c2ac098b6823a35cde5682c4a5	ok
3	main-clang-stock	crypt	3.149	681.92	2415919104	5	075ad5f3bef8aaa9bd8daae921884aff4a4c30187ed0bdb9fd30959f75e2709b	ok
3	clang-stock	crypt	2.860	750.77	2415919104	5	075ad5f3bef8aaa9bd8daae921884aff4a4c30187ed0bdb9fd30959f75e2709b	ok
3	clang-tc	crypt	2.909	738.26	2415919104	5	075ad5f3bef8aaa9bd8daae921884aff4a4c30187ed0bdb9fd30959f75e2709b	ok
3	clang-tc-nopre	crypt	2.821	761.31	2415919104	5	075ad5f3bef8aaa9bd8daae921884aff4a4c30187ed0bdb9fd30959f75e2709b	ok
3	clang-tc-nossp	crypt	2.942	729.98	2415919104	5	075ad5f3bef8aaa9bd8daae921884aff4a4c30187ed0bdb9fd30959f75e2709b	ok
3	clang-tc-nossp-nopre	crypt	2.839	756.43	2415919104	5	075ad5f3bef8aaa9bd8daae921884aff4a4c30187ed0bdb9fd30959f75e2709b	ok
3	main-gcc-stock	crypt	2.935	731.79	2415919104	5	075ad5f3bef8aaa9bd8daae921884aff4a4c30187ed0bdb9fd30959f75e2709b	ok
3	gcc-stock	crypt	3.799	565.26	2415919104	5	075ad5f3bef8aaa9bd8daae921884aff4a4c30187ed0bdb9fd30959f75e2709b	ok
3	gcc-tc	crypt	3.215	667.88	2415919104	5	075ad5f3bef8aaa9bd8daae921884aff4a4c30187ed0bdb9fd30959f75e2709b	ok
3	gcc-tc-pinned	crypt	3.252	660.45	2415919104	5	075ad5f3bef8aaa9bd8daae921884aff4a4c30187ed0bdb9fd30959f75e2709b	ok
3	main-clang-stock	memcpy	2.227	964.32	2415919104	5	958a3598adc13ecab81628febb41a80775a56c2227b74cbf0a455c0d064f6dd2	ok
3	clang-stock	memcpy	2.193	979.17	2415919104	5	958a3598adc13ecab81628febb41a80775a56c2227b74cbf0a455c0d064f6dd2	ok
3	clang-tc	memcpy	2.406	892.45	2415919104	5	958a3598adc13ecab81628febb41a80775a56c2227b74cbf0a455c0d064f6dd2	ok
3	clang-tc-nopre	memcpy	2.175	987.26	2415919104	5	958a3598adc13ecab81628febb41a80775a56c2227b74cbf0a455c0d064f6dd2	ok
3	clang-tc-nossp	memcpy	2.310	929.76	2415919104	5	958a3598adc13ecab81628febb41a80775a56c2227b74cbf0a455c0d064f6dd2	ok
3	clang-tc-nossp-nopre	memcpy	2.148	999.69	2415919104	5	958a3598adc13ecab81628febb41a80775a56c2227b74cbf0a455c0d064f6dd2	ok
3	main-gcc-stock	memcpy	2.226	964.66	2415919104	5	958a3598adc13ecab81628febb41a80775a56c2227b74cbf0a455c0d064f6dd2	ok
3	gcc-stock	memcpy	3.041	706.15	2415919104	5	958a3598adc13ecab81628febb41a80775a56c2227b74cbf0a455c0d064f6dd2	ok
3	gcc-tc	memcpy	2.224	965.55	2415919104	5	958a3598adc13ecab81628febb41a80775a56c2227b74cbf0a455c0d064f6dd2	ok
3	gcc-tc-pinned	memcpy	2.576	833.62	2415919104	5	958a3598adc13ecab81628febb41a80775a56c2227b74cbf0a455c0d064f6dd2	ok
3	main-clang-stock	branch	2.579	832.55	2415919104	5	3bb926ddc35a9ca8bdc7f6dfe2c84757cc27a07ceb7ed7637ddd3e5969b40e8c	ok
3	clang-stock	branch	2.217	968.74	2415919104	5	3bb926ddc35a9ca8bdc7f6dfe2c84757cc27a07ceb7ed7637ddd3e5969b40e8c	ok
3	clang-tc	branch	2.215	969.46	2415919104	5	3bb926ddc35a9ca8bdc7f6dfe2c84757cc27a07ceb7ed7637ddd3e5969b40e8c	ok
3	clang-tc-nopre	branch	2.129	1008.78	2415919104	5	3bb926ddc35a9ca8bdc7f6dfe2c84757cc27a07ceb7ed7637ddd3e5969b40e8c	ok
3	clang-tc-nossp	branch	2.213	970.46	2415919104	5	3bb926ddc35a9ca8bdc7f6dfe2c84757cc27a07ceb7ed7637ddd3e5969b40e8c	ok
3	clang-tc-nossp-nopre	branch	2.254	952.82	2415919104	5	3bb926ddc35a9ca8bdc7f6dfe2c84757cc27a07ceb7ed7637ddd3e5969b40e8c	ok
3	main-gcc-stock	branch	2.272	945.21	2415919104	5	3bb926ddc35a9ca8bdc7f6dfe2c84757cc27a07ceb7ed7637ddd3e5969b40e8c	ok
3	gcc-stock	branch	3.177	675.88	2415919104	5	3bb926ddc35a9ca8bdc7f6dfe2c84757cc27a07ceb7ed7637ddd3e5969b40e8c	ok
3	gcc-tc	branch	2.267	947.42	2415919104	5	3bb926ddc35a9ca8bdc7f6dfe2c84757cc27a07ceb7ed7637ddd3e5969b40e8c	ok
3	gcc-tc-pinned	branch	2.326	923.43	2415919104	5	3bb926ddc35a9ca8bdc7f6dfe2c84757cc27a07ceb7ed7637ddd3e5969b40e8c	ok
3	main-clang-stock	heapsort	2.560	839.01	2415919104	5	a01ab4e7ef8c8decb06055977002f5b5da8aeb3fa95049718b71a92d1d517adf	ok
3	clang-stock	heapsort	2.444	878.64	2415919104	5	a01ab4e7ef8c8decb06055977002f5b5da8aeb3fa95049718b71a92d1d517adf	ok
3	clang-tc	heapsort	2.577	833.41	2415919104	5	a01ab4e7ef8c8decb06055977002f5b5da8aeb3fa95049718b71a92d1d517adf	ok
3	clang-tc-nopre	heapsort	2.458	873.57	2415919104	5	a01ab4e7ef8c8decb06055977002f5b5da8aeb3fa95049718b71a92d1d517adf	ok
3	clang-tc-nossp	heapsort	2.533	847.67	2415919104	5	a01ab4e7ef8c8decb06055977002f5b5da8aeb3fa95049718b71a92d1d517adf	ok
3	clang-tc-nossp-nopre	heapsort	2.466	870.78	2415919104	5	a01ab4e7ef8c8decb06055977002f5b5da8aeb3fa95049718b71a92d1d517adf	ok
3	main-gcc-stock	heapsort	2.471	869.12	2415919104	5	a01ab4e7ef8c8decb06055977002f5b5da8aeb3fa95049718b71a92d1d517adf	ok
3	gcc-stock	heapsort	4.630	463.78	2415919104	5	a01ab4e7ef8c8decb06055977002f5b5da8aeb3fa95049718b71a92d1d517adf	ok
3	gcc-tc	heapsort	2.467	870.50	2415919104	5	a01ab4e7ef8c8decb06055977002f5b5da8aeb3fa95049718b71a92d1d517adf	ok
3	gcc-tc-pinned	heapsort	2.779	772.85	2415919104	5	a01ab4e7ef8c8decb06055977002f5b5da8aeb3fa95049718b71a92d1d517adf	ok
3	main-clang-stock	tsearch	3.997	537.29	2415919104	5	35451ee71307997f2b1b494651a5fbd4257517350c84a0a993817a6e38fc713b	ok
3	clang-stock	tsearch	3.883	553.10	2415919104	5	35451ee71307997f2b1b494651a5fbd4257517350c84a0a993817a6e38fc713b	ok
3	clang-tc	tsearch	4.027	533.32	2415919104	5	35451ee71307997f2b1b494651a5fbd4257517350c84a0a993817a6e38fc713b	ok
3	clang-tc-nopre	tsearch	3.970	540.91	2415919104	5	35451ee71307997f2b1b494651a5fbd4257517350c84a0a993817a6e38fc713b	ok
3	clang-tc-nossp	tsearch	4.005	536.26	2415919104	5	35451ee71307997f2b1b494651a5fbd4257517350c84a0a993817a6e38fc713b	ok
3	clang-tc-nossp-nopre	tsearch	3.903	550.22	2415919104	5	35451ee71307997f2b1b494651a5fbd4257517350c84a0a993817a6e38fc713b	ok
3	main-gcc-stock	tsearch	4.016	534.72	2415919104	5	35451ee71307997f2b1b494651a5fbd4257517350c84a0a993817a6e38fc713b	ok
3	gcc-stock	tsearch	5.129	418.70	2415919104	5	35451ee71307997f2b1b494651a5fbd4257517350c84a0a993817a6e38fc713b	ok
3	gcc-tc	tsearch	4.022	533.89	2415919104	5	35451ee71307997f2b1b494651a5fbd4257517350c84a0a993817a6e38fc713b	ok
3	gcc-tc-pinned	tsearch	4.197	511.63	2415919104	5	35451ee71307997f2b1b494651a5fbd4257517350c84a0a993817a6e38fc713b	ok
3	main-clang-stock	matrix-3d	9.701	221.38	2415919104	5	e0bb44ec0b8c878093bff8307da03316a00c102a16babcbc42ceb8ca6e4cf0fe	ok
3	clang-stock	matrix-3d	9.780	219.57	2415919104	5	e0bb44ec0b8c878093bff8307da03316a00c102a16babcbc42ceb8ca6e4cf0fe	ok
3	clang-tc	matrix-3d	10.024	214.24	2415919104	5	e0bb44ec0b8c878093bff8307da03316a00c102a16babcbc42ceb8ca6e4cf0fe	ok
3	clang-tc-nopre	matrix-3d	9.835	218.35	2415919104	5	e0bb44ec0b8c878093bff8307da03316a00c102a16babcbc42ceb8ca6e4cf0fe	ok
3	clang-tc-nossp	matrix-3d	9.899	216.93	2415919104	5	e0bb44ec0b8c878093bff8307da03316a00c102a16babcbc42ceb8ca6e4cf0fe	ok
3	clang-tc-nossp-nopre	matrix-3d	9.674	222.00	2415919104	5	e0bb44ec0b8c878093bff8307da03316a00c102a16babcbc42ceb8ca6e4cf0fe	ok
3	main-gcc-stock	matrix-3d	9.316	230.51	2415919104	5	e0bb44ec0b8c878093bff8307da03316a00c102a16babcbc42ceb8ca6e4cf0fe	ok
3	gcc-stock	matrix-3d	10.014	214.45	2415919104	5	e0bb44ec0b8c878093bff8307da03316a00c102a16babcbc42ceb8ca6e4cf0fe	ok
3	gcc-tc	matrix-3d	9.504	225.96	2415919104	5	e0bb44ec0b8c878093bff8307da03316a00c102a16babcbc42ceb8ca6e4cf0fe	ok
3	gcc-tc-pinned	matrix-3d	10.096	212.70	2415919104	5	e0bb44ec0b8c878093bff8307da03316a00c102a16babcbc42ceb8ca6e4cf0fe	ok
3	main-clang-stock	tree	4.304	498.90	2415919104	5	aaacf4808d9da670176f52ce3fa35924ce51d90d4fb24440308902b6302f92d4	ok
3	clang-stock	tree	4.287	500.95	2415919104	5	aaacf4808d9da670176f52ce3fa35924ce51d90d4fb24440308902b6302f92d4	ok
3	clang-tc	tree	4.357	492.88	2415919104	5	aaacf4808d9da670176f52ce3fa35924ce51d90d4fb24440308902b6302f92d4	ok
3	clang-tc-nopre	tree	4.272	502.70	2415919104	5	aaacf4808d9da670176f52ce3fa35924ce51d90d4fb24440308902b6302f92d4	ok
3	clang-tc-nossp	tree	4.318	497.36	2415919104	5	aaacf4808d9da670176f52ce3fa35924ce51d90d4fb24440308902b6302f92d4	ok
3	clang-tc-nossp-nopre	tree	4.223	508.57	2415919104	5	aaacf4808d9da670176f52ce3fa35924ce51d90d4fb24440308902b6302f92d4	ok
3	main-gcc-stock	tree	4.265	503.54	2415919104	5	aaacf4808d9da670176f52ce3fa35924ce51d90d4fb24440308902b6302f92d4	ok
3	gcc-stock	tree	5.585	384.51	2415919104	5	aaacf4808d9da670176f52ce3fa35924ce51d90d4fb24440308902b6302f92d4	ok
3	gcc-tc	tree	4.262	503.82	2415919104	5	aaacf4808d9da670176f52ce3fa35924ce51d90d4fb24440308902b6302f92d4	ok
3	gcc-tc-pinned	tree	4.512	475.98	2415919104	5	aaacf4808d9da670176f52ce3fa35924ce51d90d4fb24440308902b6302f92d4	ok
3	main-clang-stock	malloc	7.094	302.73	2415919104	5	bc106f77f0341f5e4be9c92901b33c15b5007cb13195b0f0c68d678b1ed2a2cf	ok
3	clang-stock	malloc	7.137	300.89	2415919104	5	bc106f77f0341f5e4be9c92901b33c15b5007cb13195b0f0c68d678b1ed2a2cf	ok
3	clang-tc	malloc	7.448	288.34	2415919104	5	bc106f77f0341f5e4be9c92901b33c15b5007cb13195b0f0c68d678b1ed2a2cf	ok
3	clang-tc-nopre	malloc	7.477	287.23	2415919104	5	bc106f77f0341f5e4be9c92901b33c15b5007cb13195b0f0c68d678b1ed2a2cf	ok
3	clang-tc-nossp	malloc	7.158	300.00	2415919104	5	bc106f77f0341f5e4be9c92901b33c15b5007cb13195b0f0c68d678b1ed2a2cf	ok
3	clang-tc-nossp-nopre	malloc	7.477	287.20	2415919104	5	bc106f77f0341f5e4be9c92901b33c15b5007cb13195b0f0c68d678b1ed2a2cf	ok
3	main-gcc-stock	malloc	7.108	302.12	2415919104	5	bc106f77f0341f5e4be9c92901b33c15b5007cb13195b0f0c68d678b1ed2a2cf	ok
3	gcc-stock	malloc	8.424	254.91	2415919104	5	bc106f77f0341f5e4be9c92901b33c15b5007cb13195b0f0c68d678b1ed2a2cf	ok
3	gcc-tc	malloc	7.231	296.99	2415919104	5	bc106f77f0341f5e4be9c92901b33c15b5007cb13195b0f0c68d678b1ed2a2cf	ok
3	gcc-tc-pinned	malloc	7.520	285.59	2415919104	5	bc106f77f0341f5e4be9c92901b33c15b5007cb13195b0f0c68d678b1ed2a2cf	ok
3	main-clang-stock	randlist	4.193	512.19	2415919104	5	ff2547c8dfc9c90e5eb6f65e14b3feda61f3dd85b0d465e351788800a850fd4a	ok
3	clang-stock	randlist	4.184	513.31	2415919104	5	ff2547c8dfc9c90e5eb6f65e14b3feda61f3dd85b0d465e351788800a850fd4a	ok
3	clang-tc	randlist	3.927	546.91	2415919104	5	ff2547c8dfc9c90e5eb6f65e14b3feda61f3dd85b0d465e351788800a850fd4a	ok
3	clang-tc-nopre	randlist	3.809	563.82	2415919104	5	ff2547c8dfc9c90e5eb6f65e14b3feda61f3dd85b0d465e351788800a850fd4a	ok
3	clang-tc-nossp	randlist	3.892	551.74	2415919104	5	ff2547c8dfc9c90e5eb6f65e14b3feda61f3dd85b0d465e351788800a850fd4a	ok
3	clang-tc-nossp-nopre	randlist	3.812	563.34	2415919104	5	ff2547c8dfc9c90e5eb6f65e14b3feda61f3dd85b0d465e351788800a850fd4a	ok
3	main-gcc-stock	randlist	3.731	575.51	2415919104	5	ff2547c8dfc9c90e5eb6f65e14b3feda61f3dd85b0d465e351788800a850fd4a	ok
3	gcc-stock	randlist	6.083	353.03	2415919104	5	ff2547c8dfc9c90e5eb6f65e14b3feda61f3dd85b0d465e351788800a850fd4a	ok
3	gcc-tc	randlist	3.808	563.88	2415919104	5	ff2547c8dfc9c90e5eb6f65e14b3feda61f3dd85b0d465e351788800a850fd4a	ok
3	gcc-tc-pinned	randlist	4.078	526.58	2415919104	5	ff2547c8dfc9c90e5eb6f65e14b3feda61f3dd85b0d465e351788800a850fd4a	ok
